codigo_iata,codigo_oaci,nombre_oficial,pais,anio,pasajeros_totales_anuales,pasajeros_nacionales,pasajeros_internacionales,operaciones_aeronaves_anuales,carga_toneladas_anuales,correo_toneladas_anuales,fuente_dato,fecha_publicacion_fuente,observaciones
AEP,SABE,Aeroparque Jorge Newbery,Argentina,,,,,,,,ANAC Argentina - Estadísticas de la Dirección Nacional de Transporte Aéreo: https://consultas-publicas.anac.gob.ar/estadisticas-dnta/,,"Sin dato incorporado: no se obtuvo en esta compilación una tabla anual oficial, abierta y homogénea por aeropuerto con todas las variables requeridas. Se deja null/vacío para evitar estimaciones o la mezcla de totales nacionales."
AFA,SAMR,Suboficial Ay Santiago Germano Airport,Argentina,,,,,,,,ANAC Argentina - Estadísticas de la Dirección Nacional de Transporte Aéreo: https://consultas-publicas.anac.gob.ar/estadisticas-dnta/,,"Sin dato incorporado: no se obtuvo en esta compilación una tabla anual oficial, abierta y homogénea por aeropuerto con todas las variables requeridas. Se deja null/vacío para evitar estimaciones o la mezcla de totales nacionales."
BHI,SAZB,Comandante Espora Airport,Argentina,,,,,,,,ANAC Argentina - Estadísticas de la Dirección Nacional de Transporte Aéreo: https://consultas-publicas.anac.gob.ar/estadisticas-dnta/,,"Sin dato incorporado: no se obtuvo en esta compilación una tabla anual oficial, abierta y homogénea por aeropuerto con todas las variables requeridas. Se deja null/vacío para evitar estimaciones o la mezcla de totales nacionales."
BRC,SAZS,Teniente Luis Candelaria International Airport,Argentina,,,,,,,,ANAC Argentina - Estadísticas de la Dirección Nacional de Transporte Aéreo: https://consultas-publicas.anac.gob.ar/estadisticas-dnta/,,"Sin dato incorporado: no se obtuvo en esta compilación una tabla anual oficial, abierta y homogénea por aeropuerto con todas las variables requeridas. Se deja null/vacío para evitar estimaciones o la mezcla de totales nacionales."
CNQ,SARC,Corrientes Airport,Argentina,,,,,,,,ANAC Argentina - Estadísticas de la Dirección Nacional de Transporte Aéreo: https://consultas-publicas.anac.gob.ar/estadisticas-dnta/,,"Sin dato incorporado: no se obtuvo en esta compilación una tabla anual oficial, abierta y homogénea por aeropuerto con todas las variables requeridas. Se deja null/vacío para evitar estimaciones o la mezcla de totales nacionales."
COR,SACO,Ingeniero Aeronáutico Ambrosio L.V. Taravella International Airport,Argentina,,,,,,,,ANAC Argentina - Estadísticas de la Dirección Nacional de Transporte Aéreo: https://consultas-publicas.anac.gob.ar/estadisticas-dnta/,,"Sin dato incorporado: no se obtuvo en esta compilación una tabla anual oficial, abierta y homogénea por aeropuerto con todas las variables requeridas. Se deja null/vacío para evitar estimaciones o la mezcla de totales nacionales."
CPC,SAZY,Aviador C. Campos Airport,Argentina,,,,,,,,ANAC Argentina - Estadísticas de la Dirección Nacional de Transporte Aéreo: https://consultas-publicas.anac.gob.ar/estadisticas-dnta/,,"Sin dato incorporado: no se obtuvo en esta compilación una tabla anual oficial, abierta y homogénea por aeropuerto con todas las variables requeridas. Se deja null/vacío para evitar estimaciones o la mezcla de totales nacionales."
CRD,SAVC,General Enrique Mosconi International Airport,Argentina,,,,,,,,ANAC Argentina - Estadísticas de la Dirección Nacional de Transporte Aéreo: https://consultas-publicas.anac.gob.ar/estadisticas-dnta/,,"Sin dato incorporado: no se obtuvo en esta compilación una tabla anual oficial, abierta y homogénea por aeropuerto con todas las variables requeridas. Se deja null/vacío para evitar estimaciones o la mezcla de totales nacionales."
CTC,SANC,Coronel Felipe Varela International Airport,Argentina,,,,,,,,ANAC Argentina - Estadísticas de la Dirección Nacional de Transporte Aéreo: https://consultas-publicas.anac.gob.ar/estadisticas-dnta/,,"Sin dato incorporado: no se obtuvo en esta compilación una tabla anual oficial, abierta y homogénea por aeropuerto con todas las variables requeridas. Se deja null/vacío para evitar estimaciones o la mezcla de totales nacionales."
EQS,SAVE,Esquel Brigadier Antonio Parodi International Airport,Argentina,,,,,,,,ANAC Argentina - Estadísticas de la Dirección Nacional de Transporte Aéreo: https://consultas-publicas.anac.gob.ar/estadisticas-dnta/,,"Sin dato incorporado: no se obtuvo en esta compilación una tabla anual oficial, abierta y homogénea por aeropuerto con todas las variables requeridas. Se deja null/vacío para evitar estimaciones o la mezcla de totales nacionales."
EZE,SAEZ,Ezeiza International Airport - Ministro Pistarini,Argentina,,,,,,,,ANAC Argentina - Estadísticas de la Dirección Nacional de Transporte Aéreo: https://consultas-publicas.anac.gob.ar/estadisticas-dnta/,,"Sin dato incorporado: no se obtuvo en esta compilación una tabla anual oficial, abierta y homogénea por aeropuerto con todas las variables requeridas. Se deja null/vacío para evitar estimaciones o la mezcla de totales nacionales."
FMA,SARF,Formosa National Airport,Argentina,,,,,,,,ANAC Argentina - Estadísticas de la Dirección Nacional de Transporte Aéreo: https://consultas-publicas.anac.gob.ar/estadisticas-dnta/,,"Sin dato incorporado: no se obtuvo en esta compilación una tabla anual oficial, abierta y homogénea por aeropuerto con todas las variables requeridas. Se deja null/vacío para evitar estimaciones o la mezcla de totales nacionales."
FTE,SAWC,El Calafate - Commander Armando Tola International Airport,Argentina,,,,,,,,ANAC Argentina - Estadísticas de la Dirección Nacional de Transporte Aéreo: https://consultas-publicas.anac.gob.ar/estadisticas-dnta/,,"Sin dato incorporado: no se obtuvo en esta compilación una tabla anual oficial, abierta y homogénea por aeropuerto con todas las variables requeridas. Se deja null/vacío para evitar estimaciones o la mezcla de totales nacionales."
GGS,SAWR,Gobernador Gregores Airport,Argentina,,,,,,,,ANAC Argentina - Estadísticas de la Dirección Nacional de Transporte Aéreo: https://consultas-publicas.anac.gob.ar/estadisticas-dnta/,,"Sin dato incorporado: no se obtuvo en esta compilación una tabla anual oficial, abierta y homogénea por aeropuerto con todas las variables requeridas. Se deja null/vacío para evitar estimaciones o la mezcla de totales nacionales."
IGR,SARI,Cataratas Del Iguazú International Airport,Argentina,,,,,,,,ANAC Argentina - Estadísticas de la Dirección Nacional de Transporte Aéreo: https://consultas-publicas.anac.gob.ar/estadisticas-dnta/,,"Sin dato incorporado: no se obtuvo en esta compilación una tabla anual oficial, abierta y homogénea por aeropuerto con todas las variables requeridas. Se deja null/vacío para evitar estimaciones o la mezcla de totales nacionales."
IRJ,SANL,Capitan V A Almonacid Airport,Argentina,,,,,,,,ANAC Argentina - Estadísticas de la Dirección Nacional de Transporte Aéreo: https://consultas-publicas.anac.gob.ar/estadisticas-dnta/,,"Sin dato incorporado: no se obtuvo en esta compilación una tabla anual oficial, abierta y homogénea por aeropuerto con todas las variables requeridas. Se deja null/vacío para evitar estimaciones o la mezcla de totales nacionales."
JUJ,SASJ,Gobernador Horacio Guzman International Airport,Argentina,,,,,,,,ANAC Argentina - Estadísticas de la Dirección Nacional de Transporte Aéreo: https://consultas-publicas.anac.gob.ar/estadisticas-dnta/,,"Sin dato incorporado: no se obtuvo en esta compilación una tabla anual oficial, abierta y homogénea por aeropuerto con todas las variables requeridas. Se deja null/vacío para evitar estimaciones o la mezcla de totales nacionales."
LHS,SAVH,Las Heras Airport,Argentina,,,,,,,,ANAC Argentina - Estadísticas de la Dirección Nacional de Transporte Aéreo: https://consultas-publicas.anac.gob.ar/estadisticas-dnta/,,"Sin dato incorporado: no se obtuvo en esta compilación una tabla anual oficial, abierta y homogénea por aeropuerto con todas las variables requeridas. Se deja null/vacío para evitar estimaciones o la mezcla de totales nacionales."
LUQ,SAOU,Brigadier Mayor D Cesar Raul Ojeda Airport,Argentina,,,,,,,,ANAC Argentina - Estadísticas de la Dirección Nacional de Transporte Aéreo: https://consultas-publicas.anac.gob.ar/estadisticas-dnta/,,"Sin dato incorporado: no se obtuvo en esta compilación una tabla anual oficial, abierta y homogénea por aeropuerto con todas las variables requeridas. Se deja null/vacío para evitar estimaciones o la mezcla de totales nacionales."
MDQ,SAZM,Ástor Piazzola International Airport,Argentina,,,,,,,,ANAC Argentina - Estadísticas de la Dirección Nacional de Transporte Aéreo: https://consultas-publicas.anac.gob.ar/estadisticas-dnta/,,"Sin dato incorporado: no se obtuvo en esta compilación una tabla anual oficial, abierta y homogénea por aeropuerto con todas las variables requeridas. Se deja null/vacío para evitar estimaciones o la mezcla de totales nacionales."
MDZ,SAME,Governor Francisco Gabrielli International Airport,Argentina,,,,,,,,ANAC Argentina - Estadísticas de la Dirección Nacional de Transporte Aéreo: https://consultas-publicas.anac.gob.ar/estadisticas-dnta/,,"Sin dato incorporado: no se obtuvo en esta compilación una tabla anual oficial, abierta y homogénea por aeropuerto con todas las variables requeridas. Se deja null/vacío para evitar estimaciones o la mezcla de totales nacionales."
NEC,SAZO,Necochea Airport,Argentina,,,,,,,,ANAC Argentina - Estadísticas de la Dirección Nacional de Transporte Aéreo: https://consultas-publicas.anac.gob.ar/estadisticas-dnta/,,"Sin dato incorporado: no se obtuvo en esta compilación una tabla anual oficial, abierta y homogénea por aeropuerto con todas las variables requeridas. Se deja null/vacío para evitar estimaciones o la mezcla de totales nacionales."
NQN,SAZN,Presidente Perón International Airport,Argentina,,,,,,,,ANAC Argentina - Estadísticas de la Dirección Nacional de Transporte Aéreo: https://consultas-publicas.anac.gob.ar/estadisticas-dnta/,,"Sin dato incorporado: no se obtuvo en esta compilación una tabla anual oficial, abierta y homogénea por aeropuerto con todas las variables requeridas. Se deja null/vacío para evitar estimaciones o la mezcla de totales nacionales."
OES,SAVN,Antoine de Saint Exupéry Airport,Argentina,,,,,,,,ANAC Argentina - Estadísticas de la Dirección Nacional de Transporte Aéreo: https://consultas-publicas.anac.gob.ar/estadisticas-dnta/,,"Sin dato incorporado: no se obtuvo en esta compilación una tabla anual oficial, abierta y homogénea por aeropuerto con todas las variables requeridas. Se deja null/vacío para evitar estimaciones o la mezcla de totales nacionales."
PMQ,SAWP,Perito Moreno Jalil Hamer Airport,Argentina,,,,,,,,ANAC Argentina - Estadísticas de la Dirección Nacional de Transporte Aéreo: https://consultas-publicas.anac.gob.ar/estadisticas-dnta/,,"Sin dato incorporado: no se obtuvo en esta compilación una tabla anual oficial, abierta y homogénea por aeropuerto con todas las variables requeridas. Se deja null/vacío para evitar estimaciones o la mezcla de totales nacionales."
PMY,SAVY,El Tehuelche Airport,Argentina,,,,,,,,ANAC Argentina - Estadísticas de la Dirección Nacional de Transporte Aéreo: https://consultas-publicas.anac.gob.ar/estadisticas-dnta/,,"Sin dato incorporado: no se obtuvo en esta compilación una tabla anual oficial, abierta y homogénea por aeropuerto con todas las variables requeridas. Se deja null/vacío para evitar estimaciones o la mezcla de totales nacionales."
PRA,SAAP,General Urquiza Airport,Argentina,,,,,,,,ANAC Argentina - Estadísticas de la Dirección Nacional de Transporte Aéreo: https://consultas-publicas.anac.gob.ar/estadisticas-dnta/,,"Sin dato incorporado: no se obtuvo en esta compilación una tabla anual oficial, abierta y homogénea por aeropuerto con todas las variables requeridas. Se deja null/vacío para evitar estimaciones o la mezcla de totales nacionales."
PSS,SARP,Libertador Gral D Jose De San Martin Airport,Argentina,,,,,,,,ANAC Argentina - Estadísticas de la Dirección Nacional de Transporte Aéreo: https://consultas-publicas.anac.gob.ar/estadisticas-dnta/,,"Sin dato incorporado: no se obtuvo en esta compilación una tabla anual oficial, abierta y homogénea por aeropuerto con todas las variables requeridas. Se deja null/vacío para evitar estimaciones o la mezcla de totales nacionales."
PUD,SAWD,Puerto Deseado Airport,Argentina,,,,,,,,ANAC Argentina - Estadísticas de la Dirección Nacional de Transporte Aéreo: https://consultas-publicas.anac.gob.ar/estadisticas-dnta/,,"Sin dato incorporado: no se obtuvo en esta compilación una tabla anual oficial, abierta y homogénea por aeropuerto con todas las variables requeridas. Se deja null/vacío para evitar estimaciones o la mezcla de totales nacionales."
REL,SAVT,Almirante Marco Andres Zar Airport,Argentina,,,,,,,,ANAC Argentina - Estadísticas de la Dirección Nacional de Transporte Aéreo: https://consultas-publicas.anac.gob.ar/estadisticas-dnta/,,"Sin dato incorporado: no se obtuvo en esta compilación una tabla anual oficial, abierta y homogénea por aeropuerto con todas las variables requeridas. Se deja null/vacío para evitar estimaciones o la mezcla de totales nacionales."
RES,SARE,Resistencia International Airport,Argentina,,,,,,,,ANAC Argentina - Estadísticas de la Dirección Nacional de Transporte Aéreo: https://consultas-publicas.anac.gob.ar/estadisticas-dnta/,,"Sin dato incorporado: no se obtuvo en esta compilación una tabla anual oficial, abierta y homogénea por aeropuerto con todas las variables requeridas. Se deja null/vacío para evitar estimaciones o la mezcla de totales nacionales."
RGA,SAWE,Gobernador Ramón Trejo Noel International Airport,Argentina,,,,,,,,ANAC Argentina - Estadísticas de la Dirección Nacional de Transporte Aéreo: https://consultas-publicas.anac.gob.ar/estadisticas-dnta/,,"Sin dato incorporado: no se obtuvo en esta compilación una tabla anual oficial, abierta y homogénea por aeropuerto con todas las variables requeridas. Se deja null/vacío para evitar estimaciones o la mezcla de totales nacionales."
RGL,SAWG,Piloto Civil Norberto Fernández International Airport,Argentina,,,,,,,,ANAC Argentina - Estadísticas de la Dirección Nacional de Transporte Aéreo: https://consultas-publicas.anac.gob.ar/estadisticas-dnta/,,"Sin dato incorporado: no se obtuvo en esta compilación una tabla anual oficial, abierta y homogénea por aeropuerto con todas las variables requeridas. Se deja null/vacío para evitar estimaciones o la mezcla de totales nacionales."
RHD,SANR,Termas de Río Hondo international Airport,Argentina,,,,,,,,ANAC Argentina - Estadísticas de la Dirección Nacional de Transporte Aéreo: https://consultas-publicas.anac.gob.ar/estadisticas-dnta/,,"Sin dato incorporado: no se obtuvo en esta compilación una tabla anual oficial, abierta y homogénea por aeropuerto con todas las variables requeridas. Se deja null/vacío para evitar estimaciones o la mezcla de totales nacionales."
ROS,SAAR,Rosario Islas Malvinas International Airport,Argentina,,,,,,,,ANAC Argentina - Estadísticas de la Dirección Nacional de Transporte Aéreo: https://consultas-publicas.anac.gob.ar/estadisticas-dnta/,,"Sin dato incorporado: no se obtuvo en esta compilación una tabla anual oficial, abierta y homogénea por aeropuerto con todas las variables requeridas. Se deja null/vacío para evitar estimaciones o la mezcla de totales nacionales."
RSA,SAZR,Santa Rosa Airport,Argentina,,,,,,,,ANAC Argentina - Estadísticas de la Dirección Nacional de Transporte Aéreo: https://consultas-publicas.anac.gob.ar/estadisticas-dnta/,,"Sin dato incorporado: no se obtuvo en esta compilación una tabla anual oficial, abierta y homogénea por aeropuerto con todas las variables requeridas. Se deja null/vacío para evitar estimaciones o la mezcla de totales nacionales."
RYO,SAWT,28 de Noviembre Airport,Argentina,,,,,,,,ANAC Argentina - Estadísticas de la Dirección Nacional de Transporte Aéreo: https://consultas-publicas.anac.gob.ar/estadisticas-dnta/,,"Sin dato incorporado: no se obtuvo en esta compilación una tabla anual oficial, abierta y homogénea por aeropuerto con todas las variables requeridas. Se deja null/vacío para evitar estimaciones o la mezcla de totales nacionales."
SDE,SANE,Vicecomodoro Angel D. La Paz Aragonés Airport,Argentina,,,,,,,,ANAC Argentina - Estadísticas de la Dirección Nacional de Transporte Aéreo: https://consultas-publicas.anac.gob.ar/estadisticas-dnta/,,"Sin dato incorporado: no se obtuvo en esta compilación una tabla anual oficial, abierta y homogénea por aeropuerto con todas las variables requeridas. Se deja null/vacío para evitar estimaciones o la mezcla de totales nacionales."
SFN,SAAV,Sauce Viejo Airport,Argentina,,,,,,,,ANAC Argentina - Estadísticas de la Dirección Nacional de Transporte Aéreo: https://consultas-publicas.anac.gob.ar/estadisticas-dnta/,,"Sin dato incorporado: no se obtuvo en esta compilación una tabla anual oficial, abierta y homogénea por aeropuerto con todas las variables requeridas. Se deja null/vacío para evitar estimaciones o la mezcla de totales nacionales."
SLA,SASA,Martín Miguel de Güemes International Airport,Argentina,,,,,,,,ANAC Argentina - Estadísticas de la Dirección Nacional de Transporte Aéreo: https://consultas-publicas.anac.gob.ar/estadisticas-dnta/,,"Sin dato incorporado: no se obtuvo en esta compilación una tabla anual oficial, abierta y homogénea por aeropuerto con todas las variables requeridas. Se deja null/vacío para evitar estimaciones o la mezcla de totales nacionales."
SST,SAZL,Santa Teresita Airport,Argentina,,,,,,,,ANAC Argentina - Estadísticas de la Dirección Nacional de Transporte Aéreo: https://consultas-publicas.anac.gob.ar/estadisticas-dnta/,,"Sin dato incorporado: no se obtuvo en esta compilación una tabla anual oficial, abierta y homogénea por aeropuerto con todas las variables requeridas. Se deja null/vacío para evitar estimaciones o la mezcla de totales nacionales."
TUC,SANT,Teniente Benjamín Matienzo International Airport,Argentina,,,,,,,,ANAC Argentina - Estadísticas de la Dirección Nacional de Transporte Aéreo: https://consultas-publicas.anac.gob.ar/estadisticas-dnta/,,"Sin dato incorporado: no se obtuvo en esta compilación una tabla anual oficial, abierta y homogénea por aeropuerto con todas las variables requeridas. Se deja null/vacío para evitar estimaciones o la mezcla de totales nacionales."
UAQ,SANU,Domingo Faustino Sarmiento Airport,Argentina,,,,,,,,ANAC Argentina - Estadísticas de la Dirección Nacional de Transporte Aéreo: https://consultas-publicas.anac.gob.ar/estadisticas-dnta/,,"Sin dato incorporado: no se obtuvo en esta compilación una tabla anual oficial, abierta y homogénea por aeropuerto con todas las variables requeridas. Se deja null/vacío para evitar estimaciones o la mezcla de totales nacionales."
USH,SAWH,Ushuaia - Malvinas Argentinas International Airport,Argentina,,,,,,,,ANAC Argentina - Estadísticas de la Dirección Nacional de Transporte Aéreo: https://consultas-publicas.anac.gob.ar/estadisticas-dnta/,,"Sin dato incorporado: no se obtuvo en esta compilación una tabla anual oficial, abierta y homogénea por aeropuerto con todas las variables requeridas. Se deja null/vacío para evitar estimaciones o la mezcla de totales nacionales."
VDM,SAVV,Gobernador Castello Airport,Argentina,,,,,,,,ANAC Argentina - Estadísticas de la Dirección Nacional de Transporte Aéreo: https://consultas-publicas.anac.gob.ar/estadisticas-dnta/,,"Sin dato incorporado: no se obtuvo en esta compilación una tabla anual oficial, abierta y homogénea por aeropuerto con todas las variables requeridas. Se deja null/vacío para evitar estimaciones o la mezcla de totales nacionales."
CBB,SLCB,Jorge Wilsterman International Airport,Bolivia,,,,,,,,INE Bolivia / NAABOL - estadísticas de transporte aéreo: https://www.ine.gob.bo/index.php/estadisticas-economicas/transportes/,,"Sin dato incorporado: no se obtuvo en esta compilación una tabla anual oficial, abierta y homogénea por aeropuerto con todas las variables requeridas. Se deja null/vacío para evitar estimaciones o la mezcla de totales nacionales."
CCA,SLHI,Chimore Airport,Bolivia,,,,,,,,INE Bolivia / NAABOL - estadísticas de transporte aéreo: https://www.ine.gob.bo/index.php/estadisticas-economicas/transportes/,,"Sin dato incorporado: no se obtuvo en esta compilación una tabla anual oficial, abierta y homogénea por aeropuerto con todas las variables requeridas. Se deja null/vacío para evitar estimaciones o la mezcla de totales nacionales."
CIJ,SLCO,Capitán Aníbal Arab Airport,Bolivia,,,,,,,,INE Bolivia / NAABOL - estadísticas de transporte aéreo: https://www.ine.gob.bo/index.php/estadisticas-economicas/transportes/,,"Sin dato incorporado: no se obtuvo en esta compilación una tabla anual oficial, abierta y homogénea por aeropuerto con todas las variables requeridas. Se deja null/vacío para evitar estimaciones o la mezcla de totales nacionales."
GYA,SLGM,Guayaramerín Airport,Bolivia,,,,,,,,INE Bolivia / NAABOL - estadísticas de transporte aéreo: https://www.ine.gob.bo/index.php/estadisticas-economicas/transportes/,,"Sin dato incorporado: no se obtuvo en esta compilación una tabla anual oficial, abierta y homogénea por aeropuerto con todas las variables requeridas. Se deja null/vacío para evitar estimaciones o la mezcla de totales nacionales."
LPB,SLLP,El Alto International Airport,Bolivia,,,,,,,,INE Bolivia / NAABOL - estadísticas de transporte aéreo: https://www.ine.gob.bo/index.php/estadisticas-economicas/transportes/,,"Sin dato incorporado: no se obtuvo en esta compilación una tabla anual oficial, abierta y homogénea por aeropuerto con todas las variables requeridas. Se deja null/vacío para evitar estimaciones o la mezcla de totales nacionales."
ORU,SLOR,Juan Mendoza International Airport,Bolivia,,,,,,,,INE Bolivia / NAABOL - estadísticas de transporte aéreo: https://www.ine.gob.bo/index.php/estadisticas-economicas/transportes/,,"Sin dato incorporado: no se obtuvo en esta compilación una tabla anual oficial, abierta y homogénea por aeropuerto con todas las variables requeridas. Se deja null/vacío para evitar estimaciones o la mezcla de totales nacionales."
PSZ,SLPS,Capitán Av. Salvador Ogaya G. airport,Bolivia,,,,,,,,INE Bolivia / NAABOL - estadísticas de transporte aéreo: https://www.ine.gob.bo/index.php/estadisticas-economicas/transportes/,,"Sin dato incorporado: no se obtuvo en esta compilación una tabla anual oficial, abierta y homogénea por aeropuerto con todas las variables requeridas. Se deja null/vacío para evitar estimaciones o la mezcla de totales nacionales."
PUR,SLPR,Puerto Rico Airport,Bolivia,,,,,,,,INE Bolivia / NAABOL - estadísticas de transporte aéreo: https://www.ine.gob.bo/index.php/estadisticas-economicas/transportes/,,"Sin dato incorporado: no se obtuvo en esta compilación una tabla anual oficial, abierta y homogénea por aeropuerto con todas las variables requeridas. Se deja null/vacío para evitar estimaciones o la mezcla de totales nacionales."
RBQ,SLRQ,Rurrenabaque Airport,Bolivia,,,,,,,,INE Bolivia / NAABOL - estadísticas de transporte aéreo: https://www.ine.gob.bo/index.php/estadisticas-economicas/transportes/,,"Sin dato incorporado: no se obtuvo en esta compilación una tabla anual oficial, abierta y homogénea por aeropuerto con todas las variables requeridas. Se deja null/vacío para evitar estimaciones o la mezcla de totales nacionales."
RIB,SLRI,Capitán Av. Selin Zeitun Lopez Airport,Bolivia,,,,,,,,INE Bolivia / NAABOL - estadísticas de transporte aéreo: https://www.ine.gob.bo/index.php/estadisticas-economicas/transportes/,,"Sin dato incorporado: no se obtuvo en esta compilación una tabla anual oficial, abierta y homogénea por aeropuerto con todas las variables requeridas. Se deja null/vacío para evitar estimaciones o la mezcla de totales nacionales."
SRE,SLAL,Alcantarí International Airport,Bolivia,,,,,,,,INE Bolivia / NAABOL - estadísticas de transporte aéreo: https://www.ine.gob.bo/index.php/estadisticas-economicas/transportes/,,"Sin dato incorporado: no se obtuvo en esta compilación una tabla anual oficial, abierta y homogénea por aeropuerto con todas las variables requeridas. Se deja null/vacío para evitar estimaciones o la mezcla de totales nacionales."
SRZ,SLET,El Trompillo Airport,Bolivia,,,,,,,,INE Bolivia / NAABOL - estadísticas de transporte aéreo: https://www.ine.gob.bo/index.php/estadisticas-economicas/transportes/,,"Sin dato incorporado: no se obtuvo en esta compilación una tabla anual oficial, abierta y homogénea por aeropuerto con todas las variables requeridas. Se deja null/vacío para evitar estimaciones o la mezcla de totales nacionales."
TDD,SLTR,Teniente Av. Jorge Henrich Arauz Airport,Bolivia,,,,,,,,INE Bolivia / NAABOL - estadísticas de transporte aéreo: https://www.ine.gob.bo/index.php/estadisticas-economicas/transportes/,,"Sin dato incorporado: no se obtuvo en esta compilación una tabla anual oficial, abierta y homogénea por aeropuerto con todas las variables requeridas. Se deja null/vacío para evitar estimaciones o la mezcla de totales nacionales."
TJA,SLTJ,Capitan Oriel Lea Plaza Airport,Bolivia,,,,,,,,INE Bolivia / NAABOL - estadísticas de transporte aéreo: https://www.ine.gob.bo/index.php/estadisticas-economicas/transportes/,,"Sin dato incorporado: no se obtuvo en esta compilación una tabla anual oficial, abierta y homogénea por aeropuerto con todas las variables requeridas. Se deja null/vacío para evitar estimaciones o la mezcla de totales nacionales."
UYU,SLUY,Joya Andina International Airport,Bolivia,,,,,,,,INE Bolivia / NAABOL - estadísticas de transporte aéreo: https://www.ine.gob.bo/index.php/estadisticas-economicas/transportes/,,"Sin dato incorporado: no se obtuvo en esta compilación una tabla anual oficial, abierta y homogénea por aeropuerto con todas las variables requeridas. Se deja null/vacío para evitar estimaciones o la mezcla de totales nacionales."
VVI,SLVR,Viru Viru International Airport,Bolivia,,,,,,,,INE Bolivia / NAABOL - estadísticas de transporte aéreo: https://www.ine.gob.bo/index.php/estadisticas-economicas/transportes/,,"Sin dato incorporado: no se obtuvo en esta compilación una tabla anual oficial, abierta y homogénea por aeropuerto con todas las variables requeridas. Se deja null/vacío para evitar estimaciones o la mezcla de totales nacionales."
AAX,SBAX,Romeu Zema Airport,Brasil,,,,,,,,ANAC Brasil - Dados de Movimentação Aeroportuária: https://www.gov.br/anac/pt-br/assuntos/dados-e-estatisticas/mercado-de-transporte-aereo,,"Sin dato incorporado: no se obtuvo en esta compilación una tabla anual oficial, abierta y homogénea por aeropuerto con todas las variables requeridas. Se deja null/vacío para evitar estimaciones o la mezcla de totales nacionales."
AFL,SBAT,Piloto Osvaldo Marques Dias Airport,Brasil,,,,,,,,ANAC Brasil - Dados de Movimentação Aeroportuária: https://www.gov.br/anac/pt-br/assuntos/dados-e-estatisticas/mercado-de-transporte-aereo,,"Sin dato incorporado: no se obtuvo en esta compilación una tabla anual oficial, abierta y homogénea por aeropuerto con todas las variables requeridas. Se deja null/vacío para evitar estimaciones o la mezcla de totales nacionales."
AJU,SBAR,Aracaju - Santa Maria Airport,Brasil,,,,,,,,ANAC Brasil - Dados de Movimentação Aeroportuária: https://www.gov.br/anac/pt-br/assuntos/dados-e-estatisticas/mercado-de-transporte-aereo,,"Sin dato incorporado: no se obtuvo en esta compilación una tabla anual oficial, abierta y homogénea por aeropuerto con todas las variables requeridas. Se deja null/vacío para evitar estimaciones o la mezcla de totales nacionales."
AQA,SBAQ,Araraquara Airport,Brasil,,,,,,,,ANAC Brasil - Dados de Movimentação Aeroportuária: https://www.gov.br/anac/pt-br/assuntos/dados-e-estatisticas/mercado-de-transporte-aereo,,"Sin dato incorporado: no se obtuvo en esta compilación una tabla anual oficial, abierta y homogénea por aeropuerto con todas las variables requeridas. Se deja null/vacío para evitar estimaciones o la mezcla de totales nacionales."
ARU,SBAU,Araçatuba Airport,Brasil,,,,,,,,ANAC Brasil - Dados de Movimentação Aeroportuária: https://www.gov.br/anac/pt-br/assuntos/dados-e-estatisticas/mercado-de-transporte-aereo,,"Sin dato incorporado: no se obtuvo en esta compilación una tabla anual oficial, abierta y homogénea por aeropuerto con todas las variables requeridas. Se deja null/vacío para evitar estimaciones o la mezcla de totales nacionales."
ATM,SBHT,Altamira Interstate Airport,Brasil,,,,,,,,ANAC Brasil - Dados de Movimentação Aeroportuária: https://www.gov.br/anac/pt-br/assuntos/dados-e-estatisticas/mercado-de-transporte-aereo,,"Sin dato incorporado: no se obtuvo en esta compilación una tabla anual oficial, abierta y homogénea por aeropuerto con todas las variables requeridas. Se deja null/vacío para evitar estimaciones o la mezcla de totales nacionales."
AUX,SWGN,Araguaína Airport,Brasil,,,,,,,,ANAC Brasil - Dados de Movimentação Aeroportuária: https://www.gov.br/anac/pt-br/assuntos/dados-e-estatisticas/mercado-de-transporte-aereo,,"Sin dato incorporado: no se obtuvo en esta compilación una tabla anual oficial, abierta y homogénea por aeropuerto con todas las variables requeridas. Se deja null/vacío para evitar estimaciones o la mezcla de totales nacionales."
BAZ,SWBC,Barcelos Airport,Brasil,,,,,,,,ANAC Brasil - Dados de Movimentação Aeroportuária: https://www.gov.br/anac/pt-br/assuntos/dados-e-estatisticas/mercado-de-transporte-aereo,,"Sin dato incorporado: no se obtuvo en esta compilación una tabla anual oficial, abierta y homogénea por aeropuerto con todas las variables requeridas. Se deja null/vacío para evitar estimaciones o la mezcla de totales nacionales."
BEL,SBBE,Val de Cans/Júlio Cezar Ribeiro International Airport,Brasil,,,,,,,,ANAC Brasil - Dados de Movimentação Aeroportuária: https://www.gov.br/anac/pt-br/assuntos/dados-e-estatisticas/mercado-de-transporte-aereo,,"Sin dato incorporado: no se obtuvo en esta compilación una tabla anual oficial, abierta y homogénea por aeropuerto con todas las variables requeridas. Se deja null/vacío para evitar estimaciones o la mezcla de totales nacionales."
BPS,SBPS,Porto Seguro International Airport,Brasil,,,,,,,,ANAC Brasil - Dados de Movimentação Aeroportuária: https://www.gov.br/anac/pt-br/assuntos/dados-e-estatisticas/mercado-de-transporte-aereo,,"Sin dato incorporado: no se obtuvo en esta compilación una tabla anual oficial, abierta y homogénea por aeropuerto con todas las variables requeridas. Se deja null/vacío para evitar estimaciones o la mezcla de totales nacionales."
BRA,SNBR,Dom Ricardo Weberberger Airport,Brasil,,,,,,,,ANAC Brasil - Dados de Movimentação Aeroportuária: https://www.gov.br/anac/pt-br/assuntos/dados-e-estatisticas/mercado-de-transporte-aereo,,"Sin dato incorporado: no se obtuvo en esta compilación una tabla anual oficial, abierta y homogénea por aeropuerto con todas las variables requeridas. Se deja null/vacío para evitar estimaciones o la mezcla de totales nacionales."
BSB,SBBR,Presidente Juscelino Kubitschek International Airport,Brasil,,,,,,,,ANAC Brasil - Dados de Movimentação Aeroportuária: https://www.gov.br/anac/pt-br/assuntos/dados-e-estatisticas/mercado-de-transporte-aereo,,"Sin dato incorporado: no se obtuvo en esta compilación una tabla anual oficial, abierta y homogénea por aeropuerto con todas las variables requeridas. Se deja null/vacío para evitar estimaciones o la mezcla de totales nacionales."
BVB,SBBV,Atlas Brasil Cantanhede International Airport,Brasil,,,,,,,,ANAC Brasil - Dados de Movimentação Aeroportuária: https://www.gov.br/anac/pt-br/assuntos/dados-e-estatisticas/mercado-de-transporte-aereo,,"Sin dato incorporado: no se obtuvo en esta compilación una tabla anual oficial, abierta y homogénea por aeropuerto con todas las variables requeridas. Se deja null/vacío para evitar estimaciones o la mezcla de totales nacionales."
BVH,SBVH,Brigadeiro Camarão Airport,Brasil,,,,,,,,ANAC Brasil - Dados de Movimentação Aeroportuária: https://www.gov.br/anac/pt-br/assuntos/dados-e-estatisticas/mercado-de-transporte-aereo,,"Sin dato incorporado: no se obtuvo en esta compilación una tabla anual oficial, abierta y homogénea por aeropuerto con todas las variables requeridas. Se deja null/vacío para evitar estimaciones o la mezcla de totales nacionales."
BVS,SNVS,Breves Airport,Brasil,,,,,,,,ANAC Brasil - Dados de Movimentação Aeroportuária: https://www.gov.br/anac/pt-br/assuntos/dados-e-estatisticas/mercado-de-transporte-aereo,,"Sin dato incorporado: no se obtuvo en esta compilación una tabla anual oficial, abierta y homogénea por aeropuerto con todas las variables requeridas. Se deja null/vacío para evitar estimaciones o la mezcla de totales nacionales."
BYO,SBDB,Bonito Airport,Brasil,,,,,,,,ANAC Brasil - Dados de Movimentação Aeroportuária: https://www.gov.br/anac/pt-br/assuntos/dados-e-estatisticas/mercado-de-transporte-aereo,,"Sin dato incorporado: no se obtuvo en esta compilación una tabla anual oficial, abierta y homogénea por aeropuerto con todas las variables requeridas. Se deja null/vacío para evitar estimaciones o la mezcla de totales nacionales."
CAC,SBCA,Coronel Adalberto Mendes da Silva Airport,Brasil,,,,,,,,ANAC Brasil - Dados de Movimentação Aeroportuária: https://www.gov.br/anac/pt-br/assuntos/dados-e-estatisticas/mercado-de-transporte-aereo,,"Sin dato incorporado: no se obtuvo en esta compilación una tabla anual oficial, abierta y homogénea por aeropuerto con todas las variables requeridas. Se deja null/vacío para evitar estimaciones o la mezcla de totales nacionales."
CAF,SWCA,Carauari Airport,Brasil,,,,,,,,ANAC Brasil - Dados de Movimentação Aeroportuária: https://www.gov.br/anac/pt-br/assuntos/dados-e-estatisticas/mercado-de-transporte-aereo,,"Sin dato incorporado: no se obtuvo en esta compilación una tabla anual oficial, abierta y homogénea por aeropuerto con todas las variables requeridas. Se deja null/vacío para evitar estimaciones o la mezcla de totales nacionales."
CAU,SNRU,Caruaru Airport,Brasil,,,,,,,,ANAC Brasil - Dados de Movimentação Aeroportuária: https://www.gov.br/anac/pt-br/assuntos/dados-e-estatisticas/mercado-de-transporte-aereo,,"Sin dato incorporado: no se obtuvo en esta compilación una tabla anual oficial, abierta y homogénea por aeropuerto con todas las variables requeridas. Se deja null/vacío para evitar estimaciones o la mezcla de totales nacionales."
CAW,SBCP,Bartolomeu Lisandro Airport,Brasil,,,,,,,,ANAC Brasil - Dados de Movimentação Aeroportuária: https://www.gov.br/anac/pt-br/assuntos/dados-e-estatisticas/mercado-de-transporte-aereo,,"Sin dato incorporado: no se obtuvo en esta compilación una tabla anual oficial, abierta y homogénea por aeropuerto con todas las variables requeridas. Se deja null/vacío para evitar estimaciones o la mezcla de totales nacionales."
CEL,SSCN,Canela Airport,Brasil,,,,,,,,ANAC Brasil - Dados de Movimentação Aeroportuária: https://www.gov.br/anac/pt-br/assuntos/dados-e-estatisticas/mercado-de-transporte-aereo,,"Sin dato incorporado: no se obtuvo en esta compilación una tabla anual oficial, abierta y homogénea por aeropuerto con todas las variables requeridas. Se deja null/vacío para evitar estimaciones o la mezcla de totales nacionales."
CFB,SBCB,Cabo Frio Airport,Brasil,,,,,,,,ANAC Brasil - Dados de Movimentação Aeroportuária: https://www.gov.br/anac/pt-br/assuntos/dados-e-estatisticas/mercado-de-transporte-aereo,,"Sin dato incorporado: no se obtuvo en esta compilación una tabla anual oficial, abierta y homogénea por aeropuerto con todas las variables requeridas. Se deja null/vacío para evitar estimaciones o la mezcla de totales nacionales."
CGB,SBCY,Várzea Grande–Marechal Rondon International Airport,Brasil,,,,,,,,ANAC Brasil - Dados de Movimentação Aeroportuária: https://www.gov.br/anac/pt-br/assuntos/dados-e-estatisticas/mercado-de-transporte-aereo,,"Sin dato incorporado: no se obtuvo en esta compilación una tabla anual oficial, abierta y homogénea por aeropuerto con todas las variables requeridas. Se deja null/vacío para evitar estimaciones o la mezcla de totales nacionales."
CGH,SBSP,Congonhas–Deputado Freitas Nobre Airport,Brasil,,,,,,,,ANAC Brasil - Dados de Movimentação Aeroportuária: https://www.gov.br/anac/pt-br/assuntos/dados-e-estatisticas/mercado-de-transporte-aereo,,"Sin dato incorporado: no se obtuvo en esta compilación una tabla anual oficial, abierta y homogénea por aeropuerto con todas las variables requeridas. Se deja null/vacío para evitar estimaciones o la mezcla de totales nacionales."
CGR,SBCG,Campo Grande Airport,Brasil,,,,,,,,ANAC Brasil - Dados de Movimentação Aeroportuária: https://www.gov.br/anac/pt-br/assuntos/dados-e-estatisticas/mercado-de-transporte-aereo,,"Sin dato incorporado: no se obtuvo en esta compilación una tabla anual oficial, abierta y homogénea por aeropuerto con todas las variables requeridas. Se deja null/vacío para evitar estimaciones o la mezcla de totales nacionales."
CJZ,SJZA,Pedro Vieira Moreira Airport,Brasil,,,,,,,,ANAC Brasil - Dados de Movimentação Aeroportuária: https://www.gov.br/anac/pt-br/assuntos/dados-e-estatisticas/mercado-de-transporte-aereo,,"Sin dato incorporado: no se obtuvo en esta compilación una tabla anual oficial, abierta y homogénea por aeropuerto con todas las variables requeridas. Se deja null/vacío para evitar estimaciones o la mezcla de totales nacionales."
CKS,SBCJ,Carajás Airport,Brasil,,,,,,,,ANAC Brasil - Dados de Movimentação Aeroportuária: https://www.gov.br/anac/pt-br/assuntos/dados-e-estatisticas/mercado-de-transporte-aereo,,"Sin dato incorporado: no se obtuvo en esta compilación una tabla anual oficial, abierta y homogénea por aeropuerto con todas las variables requeridas. Se deja null/vacío para evitar estimaciones o la mezcla de totales nacionales."
CLV,SBCN,Nelson Ribeiro Guimarães Airport,Brasil,,,,,,,,ANAC Brasil - Dados de Movimentação Aeroportuária: https://www.gov.br/anac/pt-br/assuntos/dados-e-estatisticas/mercado-de-transporte-aereo,,"Sin dato incorporado: no se obtuvo en esta compilación una tabla anual oficial, abierta y homogénea por aeropuerto con todas las variables requeridas. Se deja null/vacío para evitar estimaciones o la mezcla de totales nacionales."
CMG,SBCR,Corumbá International Airport,Brasil,,,,,,,,ANAC Brasil - Dados de Movimentação Aeroportuária: https://www.gov.br/anac/pt-br/assuntos/dados-e-estatisticas/mercado-de-transporte-aereo,,"Sin dato incorporado: no se obtuvo en esta compilación una tabla anual oficial, abierta y homogénea por aeropuerto con todas las variables requeridas. Se deja null/vacío para evitar estimaciones o la mezcla de totales nacionales."
CNF,SBCF,Tancredo Neves International Airport,Brasil,,,,,,,,ANAC Brasil - Dados de Movimentação Aeroportuária: https://www.gov.br/anac/pt-br/assuntos/dados-e-estatisticas/mercado-de-transporte-aereo,,"Sin dato incorporado: no se obtuvo en esta compilación una tabla anual oficial, abierta y homogénea por aeropuerto con todas las variables requeridas. Se deja null/vacío para evitar estimaciones o la mezcla de totales nacionales."
CPV,SBKG,Presidente João Suassuna Airport,Brasil,,,,,,,,ANAC Brasil - Dados de Movimentação Aeroportuária: https://www.gov.br/anac/pt-br/assuntos/dados-e-estatisticas/mercado-de-transporte-aereo,,"Sin dato incorporado: no se obtuvo en esta compilación una tabla anual oficial, abierta y homogénea por aeropuerto con todas las variables requeridas. Se deja null/vacío para evitar estimaciones o la mezcla de totales nacionales."
CWB,SBCT,Curitiba-Afonso Pena International Airport,Brasil,,,,,,,,ANAC Brasil - Dados de Movimentação Aeroportuária: https://www.gov.br/anac/pt-br/assuntos/dados-e-estatisticas/mercado-de-transporte-aereo,,"Sin dato incorporado: no se obtuvo en esta compilación una tabla anual oficial, abierta y homogénea por aeropuerto con todas las variables requeridas. Se deja null/vacío para evitar estimaciones o la mezcla de totales nacionales."
CXJ,SBCX,Hugo Cantergiani Regional Airport,Brasil,,,,,,,,ANAC Brasil - Dados de Movimentação Aeroportuária: https://www.gov.br/anac/pt-br/assuntos/dados-e-estatisticas/mercado-de-transporte-aereo,,"Sin dato incorporado: no se obtuvo en esta compilación una tabla anual oficial, abierta y homogénea por aeropuerto con todas las variables requeridas. Se deja null/vacío para evitar estimaciones o la mezcla de totales nacionales."
CZS,SBCZ,Cruzeiro do Sul Airport,Brasil,,,,,,,,ANAC Brasil - Dados de Movimentação Aeroportuária: https://www.gov.br/anac/pt-br/assuntos/dados-e-estatisticas/mercado-de-transporte-aereo,,"Sin dato incorporado: no se obtuvo en esta compilación una tabla anual oficial, abierta y homogénea por aeropuerto con todas las variables requeridas. Se deja null/vacío para evitar estimaciones o la mezcla de totales nacionales."
FBE,SSFB,Paulo Abdala Airport,Brasil,,,,,,,,ANAC Brasil - Dados de Movimentação Aeroportuária: https://www.gov.br/anac/pt-br/assuntos/dados-e-estatisticas/mercado-de-transporte-aereo,,"Sin dato incorporado: no se obtuvo en esta compilación una tabla anual oficial, abierta y homogénea por aeropuerto con todas las variables requeridas. Se deja null/vacío para evitar estimaciones o la mezcla de totales nacionales."
FEN,SBFN,Fernando de Noronha Airport,Brasil,,,,,,,,ANAC Brasil - Dados de Movimentação Aeroportuária: https://www.gov.br/anac/pt-br/assuntos/dados-e-estatisticas/mercado-de-transporte-aereo,,"Sin dato incorporado: no se obtuvo en esta compilación una tabla anual oficial, abierta y homogénea por aeropuerto con todas las variables requeridas. Se deja null/vacío para evitar estimaciones o la mezcla de totales nacionales."
FLN,SBFL,Hercílio Luz International Airport,Brasil,,,,,,,,ANAC Brasil - Dados de Movimentação Aeroportuária: https://www.gov.br/anac/pt-br/assuntos/dados-e-estatisticas/mercado-de-transporte-aereo,,"Sin dato incorporado: no se obtuvo en esta compilación una tabla anual oficial, abierta y homogénea por aeropuerto con todas las variables requeridas. Se deja null/vacío para evitar estimaciones o la mezcla de totales nacionales."
FOR,SBFZ,Pinto Martins International Airport,Brasil,,,,,,,,ANAC Brasil - Dados de Movimentação Aeroportuária: https://www.gov.br/anac/pt-br/assuntos/dados-e-estatisticas/mercado-de-transporte-aereo,,"Sin dato incorporado: no se obtuvo en esta compilación una tabla anual oficial, abierta y homogénea por aeropuerto con todas las variables requeridas. Se deja null/vacío para evitar estimaciones o la mezcla de totales nacionales."
GEL,SBNM,Santo Ângelo Airport,Brasil,,,,,,,,ANAC Brasil - Dados de Movimentação Aeroportuária: https://www.gov.br/anac/pt-br/assuntos/dados-e-estatisticas/mercado-de-transporte-aereo,,"Sin dato incorporado: no se obtuvo en esta compilación una tabla anual oficial, abierta y homogénea por aeropuerto con todas las variables requeridas. Se deja null/vacío para evitar estimaciones o la mezcla de totales nacionales."
GGF,SNYA,Almeirim Airport,Brasil,,,,,,,,ANAC Brasil - Dados de Movimentação Aeroportuária: https://www.gov.br/anac/pt-br/assuntos/dados-e-estatisticas/mercado-de-transporte-aereo,,"Sin dato incorporado: no se obtuvo en esta compilación una tabla anual oficial, abierta y homogénea por aeropuerto con todas las variables requeridas. Se deja null/vacío para evitar estimaciones o la mezcla de totales nacionales."
GGJ,SSGY,Guaíra Airport,Brasil,,,,,,,,ANAC Brasil - Dados de Movimentação Aeroportuária: https://www.gov.br/anac/pt-br/assuntos/dados-e-estatisticas/mercado-de-transporte-aereo,,"Sin dato incorporado: no se obtuvo en esta compilación una tabla anual oficial, abierta y homogénea por aeropuerto con todas las variables requeridas. Se deja null/vacío para evitar estimaciones o la mezcla de totales nacionales."
GIG,SBGL,Rio Galeão – Tom Jobim International Airport,Brasil,,,,,,,,ANAC Brasil - Dados de Movimentação Aeroportuária: https://www.gov.br/anac/pt-br/assuntos/dados-e-estatisticas/mercado-de-transporte-aereo,,"Sin dato incorporado: no se obtuvo en esta compilación una tabla anual oficial, abierta y homogénea por aeropuerto con todas las variables requeridas. Se deja null/vacío para evitar estimaciones o la mezcla de totales nacionales."
GRU,SBGR,São Paulo/Guarulhos–Governor André Franco Montoro International Airport,Brasil,,,,,,,,ANAC Brasil - Dados de Movimentação Aeroportuária: https://www.gov.br/anac/pt-br/assuntos/dados-e-estatisticas/mercado-de-transporte-aereo,,"Sin dato incorporado: no se obtuvo en esta compilación una tabla anual oficial, abierta y homogénea por aeropuerto con todas las variables requeridas. Se deja null/vacío para evitar estimaciones o la mezcla de totales nacionales."
GUZ,SNGA,Guarapari Airport,Brasil,,,,,,,,ANAC Brasil - Dados de Movimentação Aeroportuária: https://www.gov.br/anac/pt-br/assuntos/dados-e-estatisticas/mercado-de-transporte-aereo,,"Sin dato incorporado: no se obtuvo en esta compilación una tabla anual oficial, abierta y homogénea por aeropuerto con todas las variables requeridas. Se deja null/vacío para evitar estimaciones o la mezcla de totales nacionales."
GVR,SBGV,Coronel Altino Machado Airport,Brasil,,,,,,,,ANAC Brasil - Dados de Movimentação Aeroportuária: https://www.gov.br/anac/pt-br/assuntos/dados-e-estatisticas/mercado-de-transporte-aereo,,"Sin dato incorporado: no se obtuvo en esta compilación una tabla anual oficial, abierta y homogénea por aeropuerto con todas las variables requeridas. Se deja null/vacío para evitar estimaciones o la mezcla de totales nacionales."
GYN,SBGO,Santa Genoveva International Airport,Brasil,,,,,,,,ANAC Brasil - Dados de Movimentação Aeroportuária: https://www.gov.br/anac/pt-br/assuntos/dados-e-estatisticas/mercado-de-transporte-aereo,,"Sin dato incorporado: no se obtuvo en esta compilación una tabla anual oficial, abierta y homogénea por aeropuerto con todas las variables requeridas. Se deja null/vacío para evitar estimaciones o la mezcla de totales nacionales."
IGU,SBFI,Cataratas International Airport,Brasil,,,,,,,,ANAC Brasil - Dados de Movimentação Aeroportuária: https://www.gov.br/anac/pt-br/assuntos/dados-e-estatisticas/mercado-de-transporte-aereo,,"Sin dato incorporado: no se obtuvo en esta compilación una tabla anual oficial, abierta y homogénea por aeropuerto con todas las variables requeridas. Se deja null/vacío para evitar estimaciones o la mezcla de totales nacionales."
IMP,SBIZ,Prefeito Renato Moreira Airport,Brasil,,,,,,,,ANAC Brasil - Dados de Movimentação Aeroportuária: https://www.gov.br/anac/pt-br/assuntos/dados-e-estatisticas/mercado-de-transporte-aereo,,"Sin dato incorporado: no se obtuvo en esta compilación una tabla anual oficial, abierta y homogénea por aeropuerto con todas las variables requeridas. Se deja null/vacío para evitar estimaciones o la mezcla de totales nacionales."
IOS,SBIL,Bahia - Jorge Amado Airport,Brasil,,,,,,,,ANAC Brasil - Dados de Movimentação Aeroportuária: https://www.gov.br/anac/pt-br/assuntos/dados-e-estatisticas/mercado-de-transporte-aereo,,"Sin dato incorporado: no se obtuvo en esta compilación una tabla anual oficial, abierta y homogénea por aeropuerto con todas las variables requeridas. Se deja null/vacío para evitar estimaciones o la mezcla de totales nacionales."
IPN,SBIP,Usiminas Airport,Brasil,,,,,,,,ANAC Brasil - Dados de Movimentação Aeroportuária: https://www.gov.br/anac/pt-br/assuntos/dados-e-estatisticas/mercado-de-transporte-aereo,,"Sin dato incorporado: no se obtuvo en esta compilación una tabla anual oficial, abierta y homogénea por aeropuerto con todas las variables requeridas. Se deja null/vacío para evitar estimaciones o la mezcla de totales nacionales."
IRZ,SWTP,Tapuruquara Airport,Brasil,,,,,,,,ANAC Brasil - Dados de Movimentação Aeroportuária: https://www.gov.br/anac/pt-br/assuntos/dados-e-estatisticas/mercado-de-transporte-aereo,,"Sin dato incorporado: no se obtuvo en esta compilación una tabla anual oficial, abierta y homogénea por aeropuerto con todas las variables requeridas. Se deja null/vacío para evitar estimaciones o la mezcla de totales nacionales."
ITB,SBIH,Itaituba Airport,Brasil,,,,,,,,ANAC Brasil - Dados de Movimentação Aeroportuária: https://www.gov.br/anac/pt-br/assuntos/dados-e-estatisticas/mercado-de-transporte-aereo,,"Sin dato incorporado: no se obtuvo en esta compilación una tabla anual oficial, abierta y homogénea por aeropuerto con todas las variables requeridas. Se deja null/vacío para evitar estimaciones o la mezcla de totales nacionales."
IZA,SBZM,Presidente Itamar Franco Airport,Brasil,,,,,,,,ANAC Brasil - Dados de Movimentação Aeroportuária: https://www.gov.br/anac/pt-br/assuntos/dados-e-estatisticas/mercado-de-transporte-aereo,,"Sin dato incorporado: no se obtuvo en esta compilación una tabla anual oficial, abierta y homogénea por aeropuerto con todas las variables requeridas. Se deja null/vacío para evitar estimaciones o la mezcla de totales nacionales."
JDF,SBJF,Francisco de Assis Airport,Brasil,,,,,,,,ANAC Brasil - Dados de Movimentação Aeroportuária: https://www.gov.br/anac/pt-br/assuntos/dados-e-estatisticas/mercado-de-transporte-aereo,,"Sin dato incorporado: no se obtuvo en esta compilación una tabla anual oficial, abierta y homogénea por aeropuerto con todas las variables requeridas. Se deja null/vacío para evitar estimaciones o la mezcla de totales nacionales."
JDO,SBJU,Orlando Bezerra de Menezes Airport,Brasil,,,,,,,,ANAC Brasil - Dados de Movimentação Aeroportuária: https://www.gov.br/anac/pt-br/assuntos/dados-e-estatisticas/mercado-de-transporte-aereo,,"Sin dato incorporado: no se obtuvo en esta compilación una tabla anual oficial, abierta y homogénea por aeropuerto con todas las variables requeridas. Se deja null/vacío para evitar estimaciones o la mezcla de totales nacionales."
JJD,SBJE,Comandante Ariston Pessoa Airport,Brasil,,,,,,,,ANAC Brasil - Dados de Movimentação Aeroportuária: https://www.gov.br/anac/pt-br/assuntos/dados-e-estatisticas/mercado-de-transporte-aereo,,"Sin dato incorporado: no se obtuvo en esta compilación una tabla anual oficial, abierta y homogénea por aeropuerto con todas las variables requeridas. Se deja null/vacío para evitar estimaciones o la mezcla de totales nacionales."
JJG,SBJA,Humberto Ghizzo Bortoluzzi Regional Airport,Brasil,,,,,,,,ANAC Brasil - Dados de Movimentação Aeroportuária: https://www.gov.br/anac/pt-br/assuntos/dados-e-estatisticas/mercado-de-transporte-aereo,,"Sin dato incorporado: no se obtuvo en esta compilación una tabla anual oficial, abierta y homogénea por aeropuerto con todas las variables requeridas. Se deja null/vacío para evitar estimaciones o la mezcla de totales nacionales."
JOI,SBJV,Lauro Carneiro de Loyola Airport,Brasil,,,,,,,,ANAC Brasil - Dados de Movimentação Aeroportuária: https://www.gov.br/anac/pt-br/assuntos/dados-e-estatisticas/mercado-de-transporte-aereo,,"Sin dato incorporado: no se obtuvo en esta compilación una tabla anual oficial, abierta y homogénea por aeropuerto con todas las variables requeridas. Se deja null/vacío para evitar estimaciones o la mezcla de totales nacionales."
JPA,SBJP,Presidente Castro Pinto International Airport,Brasil,,,,,,,,ANAC Brasil - Dados de Movimentação Aeroportuária: https://www.gov.br/anac/pt-br/assuntos/dados-e-estatisticas/mercado-de-transporte-aereo,,"Sin dato incorporado: no se obtuvo en esta compilación una tabla anual oficial, abierta y homogénea por aeropuerto con todas las variables requeridas. Se deja null/vacío para evitar estimaciones o la mezcla de totales nacionales."
JPE,SNEB,Nagib Demachki Airport,Brasil,,,,,,,,ANAC Brasil - Dados de Movimentação Aeroportuária: https://www.gov.br/anac/pt-br/assuntos/dados-e-estatisticas/mercado-de-transporte-aereo,,"Sin dato incorporado: no se obtuvo en esta compilación una tabla anual oficial, abierta y homogénea por aeropuerto con todas las variables requeridas. Se deja null/vacío para evitar estimaciones o la mezcla de totales nacionales."
JPR,SBJI,Ji-Paraná Airport,Brasil,,,,,,,,ANAC Brasil - Dados de Movimentação Aeroportuária: https://www.gov.br/anac/pt-br/assuntos/dados-e-estatisticas/mercado-de-transporte-aereo,,"Sin dato incorporado: no se obtuvo en esta compilación una tabla anual oficial, abierta y homogénea por aeropuerto con todas las variables requeridas. Se deja null/vacío para evitar estimaciones o la mezcla de totales nacionales."
JTC,SBAE,Bauru/Arealva–Moussa Nakhal Tobias State Airport,Brasil,,,,,,,,ANAC Brasil - Dados de Movimentação Aeroportuária: https://www.gov.br/anac/pt-br/assuntos/dados-e-estatisticas/mercado-de-transporte-aereo,,"Sin dato incorporado: no se obtuvo en esta compilación una tabla anual oficial, abierta y homogénea por aeropuerto con todas las variables requeridas. Se deja null/vacío para evitar estimaciones o la mezcla de totales nacionales."
LAJ,SBLJ,Lages Airport,Brasil,,,,,,,,ANAC Brasil - Dados de Movimentação Aeroportuária: https://www.gov.br/anac/pt-br/assuntos/dados-e-estatisticas/mercado-de-transporte-aereo,,"Sin dato incorporado: no se obtuvo en esta compilación una tabla anual oficial, abierta y homogénea por aeropuerto con todas las variables requeridas. Se deja null/vacío para evitar estimaciones o la mezcla de totales nacionales."
LBR,SWLB,Lábrea Airport,Brasil,,,,,,,,ANAC Brasil - Dados de Movimentação Aeroportuária: https://www.gov.br/anac/pt-br/assuntos/dados-e-estatisticas/mercado-de-transporte-aereo,,"Sin dato incorporado: no se obtuvo en esta compilación una tabla anual oficial, abierta y homogénea por aeropuerto con todas las variables requeridas. Se deja null/vacío para evitar estimaciones o la mezcla de totales nacionales."
LDB,SBLO,Governor José Richa Airport,Brasil,,,,,,,,ANAC Brasil - Dados de Movimentação Aeroportuária: https://www.gov.br/anac/pt-br/assuntos/dados-e-estatisticas/mercado-de-transporte-aereo,,"Sin dato incorporado: no se obtuvo en esta compilación una tabla anual oficial, abierta y homogénea por aeropuerto con todas las variables requeridas. Se deja null/vacío para evitar estimaciones o la mezcla de totales nacionales."
LEC,SBLE,Coronel Horácio de Mattos Airport,Brasil,,,,,,,,ANAC Brasil - Dados de Movimentação Aeroportuária: https://www.gov.br/anac/pt-br/assuntos/dados-e-estatisticas/mercado-de-transporte-aereo,,"Sin dato incorporado: no se obtuvo en esta compilación una tabla anual oficial, abierta y homogénea por aeropuerto con todas las variables requeridas. Se deja null/vacío para evitar estimaciones o la mezcla de totales nacionales."
MAB,SBMA,João Correa da Rocha Airport,Brasil,,,,,,,,ANAC Brasil - Dados de Movimentação Aeroportuária: https://www.gov.br/anac/pt-br/assuntos/dados-e-estatisticas/mercado-de-transporte-aereo,,"Sin dato incorporado: no se obtuvo en esta compilación una tabla anual oficial, abierta y homogénea por aeropuerto con todas las variables requeridas. Se deja null/vacío para evitar estimaciones o la mezcla de totales nacionales."
MAO,SBEG,Eduardo Gomes International Airport,Brasil,,,,,,,,ANAC Brasil - Dados de Movimentação Aeroportuária: https://www.gov.br/anac/pt-br/assuntos/dados-e-estatisticas/mercado-de-transporte-aereo,,"Sin dato incorporado: no se obtuvo en esta compilación una tabla anual oficial, abierta y homogénea por aeropuerto con todas las variables requeridas. Se deja null/vacío para evitar estimaciones o la mezcla de totales nacionales."
MCP,SBMQ,Macapá - Alberto Alcolumbre International Airport,Brasil,,,,,,,,ANAC Brasil - Dados de Movimentação Aeroportuária: https://www.gov.br/anac/pt-br/assuntos/dados-e-estatisticas/mercado-de-transporte-aereo,,"Sin dato incorporado: no se obtuvo en esta compilación una tabla anual oficial, abierta y homogénea por aeropuerto con todas las variables requeridas. Se deja null/vacío para evitar estimaciones o la mezcla de totales nacionales."
MCZ,SBMO,Zumbi dos Palmares International Airport,Brasil,,,,,,,,ANAC Brasil - Dados de Movimentação Aeroportuária: https://www.gov.br/anac/pt-br/assuntos/dados-e-estatisticas/mercado-de-transporte-aereo,,"Sin dato incorporado: no se obtuvo en esta compilación una tabla anual oficial, abierta y homogénea por aeropuerto con todas las variables requeridas. Se deja null/vacío para evitar estimaciones o la mezcla de totales nacionales."
MGF,SBMG,Regional de Maringá - Sílvio Name Júnior Airport,Brasil,,,,,,,,ANAC Brasil - Dados de Movimentação Aeroportuária: https://www.gov.br/anac/pt-br/assuntos/dados-e-estatisticas/mercado-de-transporte-aereo,,"Sin dato incorporado: no se obtuvo en esta compilación una tabla anual oficial, abierta y homogénea por aeropuerto con todas las variables requeridas. Se deja null/vacío para evitar estimaciones o la mezcla de totales nacionales."
MII,SBML,Frank Miloye Milenkowichi–Marília State Airport,Brasil,,,,,,,,ANAC Brasil - Dados de Movimentação Aeroportuária: https://www.gov.br/anac/pt-br/assuntos/dados-e-estatisticas/mercado-de-transporte-aereo,,"Sin dato incorporado: no se obtuvo en esta compilación una tabla anual oficial, abierta y homogénea por aeropuerto con todas las variables requeridas. Se deja null/vacío para evitar estimaciones o la mezcla de totales nacionales."
MNX,SBMY,Manicoré Airport,Brasil,,,,,,,,ANAC Brasil - Dados de Movimentação Aeroportuária: https://www.gov.br/anac/pt-br/assuntos/dados-e-estatisticas/mercado-de-transporte-aereo,,"Sin dato incorporado: no se obtuvo en esta compilación una tabla anual oficial, abierta y homogénea por aeropuerto con todas las variables requeridas. Se deja null/vacío para evitar estimaciones o la mezcla de totales nacionales."
MOC,SBMK,Mário Ribeiro Airport,Brasil,,,,,,,,ANAC Brasil - Dados de Movimentação Aeroportuária: https://www.gov.br/anac/pt-br/assuntos/dados-e-estatisticas/mercado-de-transporte-aereo,,"Sin dato incorporado: no se obtuvo en esta compilación una tabla anual oficial, abierta y homogénea por aeropuerto con todas las variables requeridas. Se deja null/vacío para evitar estimaciones o la mezcla de totales nacionales."
MVF,SBMS,Dix-Sept Rosado Airport,Brasil,,,,,,,,ANAC Brasil - Dados de Movimentação Aeroportuária: https://www.gov.br/anac/pt-br/assuntos/dados-e-estatisticas/mercado-de-transporte-aereo,,"Sin dato incorporado: no se obtuvo en esta compilación una tabla anual oficial, abierta y homogénea por aeropuerto con todas las variables requeridas. Se deja null/vacío para evitar estimaciones o la mezcla de totales nacionales."
NAT,SBSG,Rio Grande do Norte/São Gonçalo do Amarante–Governador Aluízio Alves International Airport,Brasil,,,,,,,,ANAC Brasil - Dados de Movimentação Aeroportuária: https://www.gov.br/anac/pt-br/assuntos/dados-e-estatisticas/mercado-de-transporte-aereo,,"Sin dato incorporado: no se obtuvo en esta compilación una tabla anual oficial, abierta y homogénea por aeropuerto con todas las variables requeridas. Se deja null/vacío para evitar estimaciones o la mezcla de totales nacionales."
NVT,SBNF,Ministro Victor Konder International Airport,Brasil,,,,,,,,ANAC Brasil - Dados de Movimentação Aeroportuária: https://www.gov.br/anac/pt-br/assuntos/dados-e-estatisticas/mercado-de-transporte-aereo,,"Sin dato incorporado: no se obtuvo en esta compilación una tabla anual oficial, abierta y homogénea por aeropuerto con todas las variables requeridas. Se deja null/vacío para evitar estimaciones o la mezcla de totales nacionales."
OAL,SSKW,Cacoal Airport,Brasil,,,,,,,,ANAC Brasil - Dados de Movimentação Aeroportuária: https://www.gov.br/anac/pt-br/assuntos/dados-e-estatisticas/mercado-de-transporte-aereo,,"Sin dato incorporado: no se obtuvo en esta compilación una tabla anual oficial, abierta y homogénea por aeropuerto con todas las variables requeridas. Se deja null/vacío para evitar estimaciones o la mezcla de totales nacionales."
OPP,SNSM,Salinópolis Airport,Brasil,,,,,,,,ANAC Brasil - Dados de Movimentação Aeroportuária: https://www.gov.br/anac/pt-br/assuntos/dados-e-estatisticas/mercado-de-transporte-aereo,,"Sin dato incorporado: no se obtuvo en esta compilación una tabla anual oficial, abierta y homogénea por aeropuerto con todas las variables requeridas. Se deja null/vacío para evitar estimaciones o la mezcla de totales nacionales."
OPS,SBSI,Presidente João Batista Figueiredo Airport,Brasil,,,,,,,,ANAC Brasil - Dados de Movimentação Aeroportuária: https://www.gov.br/anac/pt-br/assuntos/dados-e-estatisticas/mercado-de-transporte-aereo,,"Sin dato incorporado: no se obtuvo en esta compilación una tabla anual oficial, abierta y homogénea por aeropuerto con todas las variables requeridas. Se deja null/vacío para evitar estimaciones o la mezcla de totales nacionales."
PAV,SBUF,Paulo Afonso Airport,Brasil,,,,,,,,ANAC Brasil - Dados de Movimentação Aeroportuária: https://www.gov.br/anac/pt-br/assuntos/dados-e-estatisticas/mercado-de-transporte-aereo,,"Sin dato incorporado: no se obtuvo en esta compilación una tabla anual oficial, abierta y homogénea por aeropuerto con todas las variables requeridas. Se deja null/vacío para evitar estimaciones o la mezcla de totales nacionales."
PET,SBPK,João Simões Lopes Neto International Airport,Brasil,,,,,,,,ANAC Brasil - Dados de Movimentação Aeroportuária: https://www.gov.br/anac/pt-br/assuntos/dados-e-estatisticas/mercado-de-transporte-aereo,,"Sin dato incorporado: no se obtuvo en esta compilación una tabla anual oficial, abierta y homogénea por aeropuerto con todas las variables requeridas. Se deja null/vacío para evitar estimaciones o la mezcla de totales nacionales."
PFB,SBPF,Lauro Kurtz Airport,Brasil,,,,,,,,ANAC Brasil - Dados de Movimentação Aeroportuária: https://www.gov.br/anac/pt-br/assuntos/dados-e-estatisticas/mercado-de-transporte-aereo,,"Sin dato incorporado: no se obtuvo en esta compilación una tabla anual oficial, abierta y homogénea por aeropuerto con todas las variables requeridas. Se deja null/vacío para evitar estimaciones o la mezcla de totales nacionales."
PGZ,SBPG,Ponta Grossa Airport - Comandante Antonio Amilton Beraldo,Brasil,,,,,,,,ANAC Brasil - Dados de Movimentação Aeroportuária: https://www.gov.br/anac/pt-br/assuntos/dados-e-estatisticas/mercado-de-transporte-aereo,,"Sin dato incorporado: no se obtuvo en esta compilación una tabla anual oficial, abierta y homogénea por aeropuerto con todas las variables requeridas. Se deja null/vacío para evitar estimaciones o la mezcla de totales nacionales."
PHB,SBPB,Parnaíba - Prefeito Doutor João Silva Filho International Airport,Brasil,,,,,,,,ANAC Brasil - Dados de Movimentação Aeroportuária: https://www.gov.br/anac/pt-br/assuntos/dados-e-estatisticas/mercado-de-transporte-aereo,,"Sin dato incorporado: no se obtuvo en esta compilación una tabla anual oficial, abierta y homogénea por aeropuerto con todas las variables requeridas. Se deja null/vacío para evitar estimaciones o la mezcla de totales nacionales."
PMG,SBPP,Ponta Porã Airport,Brasil,,,,,,,,ANAC Brasil - Dados de Movimentação Aeroportuária: https://www.gov.br/anac/pt-br/assuntos/dados-e-estatisticas/mercado-de-transporte-aereo,,"Sin dato incorporado: no se obtuvo en esta compilación una tabla anual oficial, abierta y homogénea por aeropuerto con todas las variables requeridas. Se deja null/vacío para evitar estimaciones o la mezcla de totales nacionales."
PMW,SBPJ,Brigadeiro Lysias Rodrigues Airport,Brasil,,,,,,,,ANAC Brasil - Dados de Movimentação Aeroportuária: https://www.gov.br/anac/pt-br/assuntos/dados-e-estatisticas/mercado-de-transporte-aereo,,"Sin dato incorporado: no se obtuvo en esta compilación una tabla anual oficial, abierta y homogénea por aeropuerto con todas las variables requeridas. Se deja null/vacío para evitar estimaciones o la mezcla de totales nacionales."
PNZ,SBPL,Senador Nilo Coelho Airport,Brasil,,,,,,,,ANAC Brasil - Dados de Movimentação Aeroportuária: https://www.gov.br/anac/pt-br/assuntos/dados-e-estatisticas/mercado-de-transporte-aereo,,"Sin dato incorporado: no se obtuvo en esta compilación una tabla anual oficial, abierta y homogénea por aeropuerto con todas las variables requeridas. Se deja null/vacío para evitar estimaciones o la mezcla de totales nacionales."
POA,SBPA,Porto Alegre-Salgado Filho International Airport,Brasil,,,,,,,,ANAC Brasil - Dados de Movimentação Aeroportuária: https://www.gov.br/anac/pt-br/assuntos/dados-e-estatisticas/mercado-de-transporte-aereo,,"Sin dato incorporado: no se obtuvo en esta compilación una tabla anual oficial, abierta y homogénea por aeropuerto con todas las variables requeridas. Se deja null/vacío para evitar estimaciones o la mezcla de totales nacionales."
PPB,SBDN,Presidente Prudente Airport,Brasil,,,,,,,,ANAC Brasil - Dados de Movimentação Aeroportuária: https://www.gov.br/anac/pt-br/assuntos/dados-e-estatisticas/mercado-de-transporte-aereo,,"Sin dato incorporado: no se obtuvo en esta compilación una tabla anual oficial, abierta y homogénea por aeropuerto con todas las variables requeridas. Se deja null/vacío para evitar estimaciones o la mezcla de totales nacionales."
PTO,SBPO,Juvenal Loureiro Cardoso Airport,Brasil,,,,,,,,ANAC Brasil - Dados de Movimentação Aeroportuária: https://www.gov.br/anac/pt-br/assuntos/dados-e-estatisticas/mercado-de-transporte-aereo,,"Sin dato incorporado: no se obtuvo en esta compilación una tabla anual oficial, abierta y homogénea por aeropuerto con todas las variables requeridas. Se deja null/vacío para evitar estimaciones o la mezcla de totales nacionales."
PVH,SBPV,Governador Jorge Teixeira de Oliveira International Airport,Brasil,,,,,,,,ANAC Brasil - Dados de Movimentação Aeroportuária: https://www.gov.br/anac/pt-br/assuntos/dados-e-estatisticas/mercado-de-transporte-aereo,,"Sin dato incorporado: no se obtuvo en esta compilación una tabla anual oficial, abierta y homogénea por aeropuerto con todas las variables requeridas. Se deja null/vacío para evitar estimaciones o la mezcla de totales nacionales."
PYT,SNZR,Pedro Rabelo de Souza Airport,Brasil,,,,,,,,ANAC Brasil - Dados de Movimentação Aeroportuária: https://www.gov.br/anac/pt-br/assuntos/dados-e-estatisticas/mercado-de-transporte-aereo,,"Sin dato incorporado: no se obtuvo en esta compilación una tabla anual oficial, abierta y homogénea por aeropuerto con todas las variables requeridas. Se deja null/vacío para evitar estimaciones o la mezcla de totales nacionales."
RAO,SBRP,Leite Lopes Airport,Brasil,,,,,,,,ANAC Brasil - Dados de Movimentação Aeroportuária: https://www.gov.br/anac/pt-br/assuntos/dados-e-estatisticas/mercado-de-transporte-aereo,,"Sin dato incorporado: no se obtuvo en esta compilación una tabla anual oficial, abierta y homogénea por aeropuerto con todas las variables requeridas. Se deja null/vacío para evitar estimaciones o la mezcla de totales nacionales."
RBB,SWBR,Borba Airport,Brasil,,,,,,,,ANAC Brasil - Dados de Movimentação Aeroportuária: https://www.gov.br/anac/pt-br/assuntos/dados-e-estatisticas/mercado-de-transporte-aereo,,"Sin dato incorporado: no se obtuvo en esta compilación una tabla anual oficial, abierta y homogénea por aeropuerto con todas las variables requeridas. Se deja null/vacío para evitar estimaciones o la mezcla de totales nacionales."
RBR,SBRB,Rio Branco-Plácido de Castro International Airport,Brasil,,,,,,,,ANAC Brasil - Dados de Movimentação Aeroportuária: https://www.gov.br/anac/pt-br/assuntos/dados-e-estatisticas/mercado-de-transporte-aereo,,"Sin dato incorporado: no se obtuvo en esta compilación una tabla anual oficial, abierta y homogénea por aeropuerto con todas las variables requeridas. Se deja null/vacío para evitar estimaciones o la mezcla de totales nacionales."
REC,SBRF,Recife/Guararapes - Gilberto Freyre International Airport,Brasil,,,,,,,,ANAC Brasil - Dados de Movimentação Aeroportuária: https://www.gov.br/anac/pt-br/assuntos/dados-e-estatisticas/mercado-de-transporte-aereo,,"Sin dato incorporado: no se obtuvo en esta compilación una tabla anual oficial, abierta y homogénea por aeropuerto con todas las variables requeridas. Se deja null/vacío para evitar estimaciones o la mezcla de totales nacionales."
RIA,SBSM,Santa Maria Airport,Brasil,,,,,,,,ANAC Brasil - Dados de Movimentação Aeroportuária: https://www.gov.br/anac/pt-br/assuntos/dados-e-estatisticas/mercado-de-transporte-aereo,,"Sin dato incorporado: no se obtuvo en esta compilación una tabla anual oficial, abierta y homogénea por aeropuerto con todas las variables requeridas. Se deja null/vacío para evitar estimaciones o la mezcla de totales nacionales."
ROO,SBRD,Maestro Marinho Franco Airport,Brasil,,,,,,,,ANAC Brasil - Dados de Movimentação Aeroportuária: https://www.gov.br/anac/pt-br/assuntos/dados-e-estatisticas/mercado-de-transporte-aereo,,"Sin dato incorporado: no se obtuvo en esta compilación una tabla anual oficial, abierta y homogénea por aeropuerto con todas las variables requeridas. Se deja null/vacío para evitar estimaciones o la mezcla de totales nacionales."
RRJ,SBJR,Jacarepaguá - Roberto Marinho Airport,Brasil,,,,,,,,ANAC Brasil - Dados de Movimentação Aeroportuária: https://www.gov.br/anac/pt-br/assuntos/dados-e-estatisticas/mercado-de-transporte-aereo,,"Sin dato incorporado: no se obtuvo en esta compilación una tabla anual oficial, abierta y homogénea por aeropuerto con todas las variables requeridas. Se deja null/vacío para evitar estimaciones o la mezcla de totales nacionales."
SDU,SBRJ,Santos Dumont Airport,Brasil,,,,,,,,ANAC Brasil - Dados de Movimentação Aeroportuária: https://www.gov.br/anac/pt-br/assuntos/dados-e-estatisticas/mercado-de-transporte-aereo,,"Sin dato incorporado: no se obtuvo en esta compilación una tabla anual oficial, abierta y homogénea por aeropuerto con todas las variables requeridas. Se deja null/vacío para evitar estimaciones o la mezcla de totales nacionales."
SET,SNHS,Santa Magalhães Airport,Brasil,,,,,,,,ANAC Brasil - Dados de Movimentação Aeroportuária: https://www.gov.br/anac/pt-br/assuntos/dados-e-estatisticas/mercado-de-transporte-aereo,,"Sin dato incorporado: no se obtuvo en esta compilación una tabla anual oficial, abierta y homogénea por aeropuerto con todas las variables requeridas. Se deja null/vacío para evitar estimaciones o la mezcla de totales nacionales."
SJK,SBSJ,Professor Urbano Ernesto Stumpf Airport,Brasil,,,,,,,,ANAC Brasil - Dados de Movimentação Aeroportuária: https://www.gov.br/anac/pt-br/assuntos/dados-e-estatisticas/mercado-de-transporte-aereo,,"Sin dato incorporado: no se obtuvo en esta compilación una tabla anual oficial, abierta y homogénea por aeropuerto con todas las variables requeridas. Se deja null/vacío para evitar estimaciones o la mezcla de totales nacionales."
SJL,SBUA,São Gabriel da Cachoeira Airport,Brasil,,,,,,,,ANAC Brasil - Dados de Movimentação Aeroportuária: https://www.gov.br/anac/pt-br/assuntos/dados-e-estatisticas/mercado-de-transporte-aereo,,"Sin dato incorporado: no se obtuvo en esta compilación una tabla anual oficial, abierta y homogénea por aeropuerto con todas las variables requeridas. Se deja null/vacío para evitar estimaciones o la mezcla de totales nacionales."
SJP,SBSR,Prof. Eribelto Manoel Reino State Airport,Brasil,,,,,,,,ANAC Brasil - Dados de Movimentação Aeroportuária: https://www.gov.br/anac/pt-br/assuntos/dados-e-estatisticas/mercado-de-transporte-aereo,,"Sin dato incorporado: no se obtuvo en esta compilación una tabla anual oficial, abierta y homogénea por aeropuerto con todas las variables requeridas. Se deja null/vacío para evitar estimaciones o la mezcla de totales nacionales."
SLZ,SBSL,Marechal Cunha Machado International Airport,Brasil,,,,,,,,ANAC Brasil - Dados de Movimentação Aeroportuária: https://www.gov.br/anac/pt-br/assuntos/dados-e-estatisticas/mercado-de-transporte-aereo,,"Sin dato incorporado: no se obtuvo en esta compilación una tabla anual oficial, abierta y homogénea por aeropuerto con todas las variables requeridas. Se deja null/vacío para evitar estimaciones o la mezcla de totales nacionales."
SMT,SBSO,Adolino Bedin Regional Airport,Brasil,,,,,,,,ANAC Brasil - Dados de Movimentação Aeroportuária: https://www.gov.br/anac/pt-br/assuntos/dados-e-estatisticas/mercado-de-transporte-aereo,,"Sin dato incorporado: no se obtuvo en esta compilación una tabla anual oficial, abierta y homogénea por aeropuerto con todas las variables requeridas. Se deja null/vacío para evitar estimaciones o la mezcla de totales nacionales."
SOD,SDCO,Sorocaba Airport,Brasil,,,,,,,,ANAC Brasil - Dados de Movimentação Aeroportuária: https://www.gov.br/anac/pt-br/assuntos/dados-e-estatisticas/mercado-de-transporte-aereo,,"Sin dato incorporado: no se obtuvo en esta compilación una tabla anual oficial, abierta y homogénea por aeropuerto con todas las variables requeridas. Se deja null/vacío para evitar estimaciones o la mezcla de totales nacionales."
SRA,SSZR,Luis Alberto Lehr Airport,Brasil,,,,,,,,ANAC Brasil - Dados de Movimentação Aeroportuária: https://www.gov.br/anac/pt-br/assuntos/dados-e-estatisticas/mercado-de-transporte-aereo,,"Sin dato incorporado: no se obtuvo en esta compilación una tabla anual oficial, abierta y homogénea por aeropuerto con todas las variables requeridas. Se deja null/vacío para evitar estimaciones o la mezcla de totales nacionales."
SSA,SBSV,Deputado Luiz Eduardo Magalhães International Airport,Brasil,,,,,,,,ANAC Brasil - Dados de Movimentação Aeroportuária: https://www.gov.br/anac/pt-br/assuntos/dados-e-estatisticas/mercado-de-transporte-aereo,,"Sin dato incorporado: no se obtuvo en esta compilación una tabla anual oficial, abierta y homogénea por aeropuerto con todas las variables requeridas. Se deja null/vacío para evitar estimaciones o la mezcla de totales nacionales."
STM,SBSN,Santarém - Maestro Wilson Fonseca International Airport,Brasil,,,,,,,,ANAC Brasil - Dados de Movimentação Aeroportuária: https://www.gov.br/anac/pt-br/assuntos/dados-e-estatisticas/mercado-de-transporte-aereo,,"Sin dato incorporado: no se obtuvo en esta compilación una tabla anual oficial, abierta y homogénea por aeropuerto con todas las variables requeridas. Se deja null/vacío para evitar estimaciones o la mezcla de totales nacionales."
TBT,SBTT,Tabatinga International Airport,Brasil,,,,,,,,ANAC Brasil - Dados de Movimentação Aeroportuária: https://www.gov.br/anac/pt-br/assuntos/dados-e-estatisticas/mercado-de-transporte-aereo,,"Sin dato incorporado: no se obtuvo en esta compilación una tabla anual oficial, abierta y homogénea por aeropuerto con todas las variables requeridas. Se deja null/vacío para evitar estimaciones o la mezcla de totales nacionales."
TFF,SBTF,Tefé Airport,Brasil,,,,,,,,ANAC Brasil - Dados de Movimentação Aeroportuária: https://www.gov.br/anac/pt-br/assuntos/dados-e-estatisticas/mercado-de-transporte-aereo,,"Sin dato incorporado: no se obtuvo en esta compilación una tabla anual oficial, abierta y homogénea por aeropuerto con todas las variables requeridas. Se deja null/vacío para evitar estimaciones o la mezcla de totales nacionales."
TGQ,SWTS,Tangará da Serra Airport,Brasil,,,,,,,,ANAC Brasil - Dados de Movimentação Aeroportuária: https://www.gov.br/anac/pt-br/assuntos/dados-e-estatisticas/mercado-de-transporte-aereo,,"Sin dato incorporado: no se obtuvo en esta compilación una tabla anual oficial, abierta y homogénea por aeropuerto con todas las variables requeridas. Se deja null/vacío para evitar estimaciones o la mezcla de totales nacionales."
THE,SBTE,Senador Petrônio Portela Airport,Brasil,,,,,,,,ANAC Brasil - Dados de Movimentação Aeroportuária: https://www.gov.br/anac/pt-br/assuntos/dados-e-estatisticas/mercado-de-transporte-aereo,,"Sin dato incorporado: no se obtuvo en esta compilación una tabla anual oficial, abierta y homogénea por aeropuerto con todas las variables requeridas. Se deja null/vacío para evitar estimaciones o la mezcla de totales nacionales."
TJL,SBTG,Plínio Alarcom Airport,Brasil,,,,,,,,ANAC Brasil - Dados de Movimentação Aeroportuária: https://www.gov.br/anac/pt-br/assuntos/dados-e-estatisticas/mercado-de-transporte-aereo,,"Sin dato incorporado: no se obtuvo en esta compilación una tabla anual oficial, abierta y homogénea por aeropuerto con todas las variables requeridas. Se deja null/vacío para evitar estimaciones o la mezcla de totales nacionales."
TMT,SBTB,Trombetas Airport,Brasil,,,,,,,,ANAC Brasil - Dados de Movimentação Aeroportuária: https://www.gov.br/anac/pt-br/assuntos/dados-e-estatisticas/mercado-de-transporte-aereo,,"Sin dato incorporado: no se obtuvo en esta compilación una tabla anual oficial, abierta y homogénea por aeropuerto con todas las variables requeridas. Se deja null/vacío para evitar estimaciones o la mezcla de totales nacionales."
TOW,SBTD,Toledo - Luiz Dalcanale Filho Municipal Airport,Brasil,,,,,,,,ANAC Brasil - Dados de Movimentação Aeroportuária: https://www.gov.br/anac/pt-br/assuntos/dados-e-estatisticas/mercado-de-transporte-aereo,,"Sin dato incorporado: no se obtuvo en esta compilación una tabla anual oficial, abierta y homogénea por aeropuerto con todas las variables requeridas. Se deja null/vacío para evitar estimaciones o la mezcla de totales nacionales."
TUR,SBTU,Tucuruí Airport,Brasil,,,,,,,,ANAC Brasil - Dados de Movimentação Aeroportuária: https://www.gov.br/anac/pt-br/assuntos/dados-e-estatisticas/mercado-de-transporte-aereo,,"Sin dato incorporado: no se obtuvo en esta compilación una tabla anual oficial, abierta y homogénea por aeropuerto con todas las variables requeridas. Se deja null/vacío para evitar estimaciones o la mezcla de totales nacionales."
UBA,SBUR,Mário de Almeida Franco Airport,Brasil,,,,,,,,ANAC Brasil - Dados de Movimentação Aeroportuária: https://www.gov.br/anac/pt-br/assuntos/dados-e-estatisticas/mercado-de-transporte-aereo,,"Sin dato incorporado: no se obtuvo en esta compilación una tabla anual oficial, abierta y homogénea por aeropuerto con todas las variables requeridas. Se deja null/vacío para evitar estimaciones o la mezcla de totales nacionales."
UDI,SBUL,Ten. Cel. Aviador César Bombonato Airport,Brasil,,,,,,,,ANAC Brasil - Dados de Movimentação Aeroportuária: https://www.gov.br/anac/pt-br/assuntos/dados-e-estatisticas/mercado-de-transporte-aereo,,"Sin dato incorporado: no se obtuvo en esta compilación una tabla anual oficial, abierta y homogénea por aeropuerto con todas las variables requeridas. Se deja null/vacío para evitar estimaciones o la mezcla de totales nacionales."
UMU,SSUM,Orlando de Carvalho Airport,Brasil,,,,,,,,ANAC Brasil - Dados de Movimentação Aeroportuária: https://www.gov.br/anac/pt-br/assuntos/dados-e-estatisticas/mercado-de-transporte-aereo,,"Sin dato incorporado: no se obtuvo en esta compilación una tabla anual oficial, abierta y homogénea por aeropuerto con todas las variables requeridas. Se deja null/vacío para evitar estimaciones o la mezcla de totales nacionales."
UNA,SBTC,Una-Comandatuba Airport,Brasil,,,,,,,,ANAC Brasil - Dados de Movimentação Aeroportuária: https://www.gov.br/anac/pt-br/assuntos/dados-e-estatisticas/mercado-de-transporte-aereo,,"Sin dato incorporado: no se obtuvo en esta compilación una tabla anual oficial, abierta y homogénea por aeropuerto con todas las variables requeridas. Se deja null/vacío para evitar estimaciones o la mezcla de totales nacionales."
URG,SBUG,Rubem Berta Airport,Brasil,,,,,,,,ANAC Brasil - Dados de Movimentação Aeroportuária: https://www.gov.br/anac/pt-br/assuntos/dados-e-estatisticas/mercado-de-transporte-aereo,,"Sin dato incorporado: no se obtuvo en esta compilación una tabla anual oficial, abierta y homogénea por aeropuerto con todas las variables requeridas. Se deja null/vacío para evitar estimaciones o la mezcla de totales nacionales."
UVI,SSUV,José Cleto Airport,Brasil,,,,,,,,ANAC Brasil - Dados de Movimentação Aeroportuária: https://www.gov.br/anac/pt-br/assuntos/dados-e-estatisticas/mercado-de-transporte-aereo,,"Sin dato incorporado: no se obtuvo en esta compilación una tabla anual oficial, abierta y homogénea por aeropuerto con todas las variables requeridas. Se deja null/vacío para evitar estimaciones o la mezcla de totales nacionales."
VAL,SNVB,Valença Airport,Brasil,,,,,,,,ANAC Brasil - Dados de Movimentação Aeroportuária: https://www.gov.br/anac/pt-br/assuntos/dados-e-estatisticas/mercado-de-transporte-aereo,,"Sin dato incorporado: no se obtuvo en esta compilación una tabla anual oficial, abierta y homogénea por aeropuerto con todas las variables requeridas. Se deja null/vacío para evitar estimaciones o la mezcla de totales nacionales."
VCP,SBKP,Viracopos International Airport,Brasil,,,,,,,,ANAC Brasil - Dados de Movimentação Aeroportuária: https://www.gov.br/anac/pt-br/assuntos/dados-e-estatisticas/mercado-de-transporte-aereo,,"Sin dato incorporado: no se obtuvo en esta compilación una tabla anual oficial, abierta y homogénea por aeropuerto con todas las variables requeridas. Se deja null/vacío para evitar estimaciones o la mezcla de totales nacionales."
VDC,SBVC,Glauber de Andrade Rocha Airport,Brasil,,,,,,,,ANAC Brasil - Dados de Movimentação Aeroportuária: https://www.gov.br/anac/pt-br/assuntos/dados-e-estatisticas/mercado-de-transporte-aereo,,"Sin dato incorporado: no se obtuvo en esta compilación una tabla anual oficial, abierta y homogénea por aeropuerto con todas las variables requeridas. Se deja null/vacío para evitar estimaciones o la mezcla de totales nacionales."
VIX,SBVT,Eurico de Aguiar Salles International Airport,Brasil,,,,,,,,ANAC Brasil - Dados de Movimentação Aeroportuária: https://www.gov.br/anac/pt-br/assuntos/dados-e-estatisticas/mercado-de-transporte-aereo,,"Sin dato incorporado: no se obtuvo en esta compilación una tabla anual oficial, abierta y homogénea por aeropuerto con todas las variables requeridas. Se deja null/vacío para evitar estimaciones o la mezcla de totales nacionales."
XAP,SBCH,Serafin Enoss Bertaso Airport,Brasil,,,,,,,,ANAC Brasil - Dados de Movimentação Aeroportuária: https://www.gov.br/anac/pt-br/assuntos/dados-e-estatisticas/mercado-de-transporte-aereo,,"Sin dato incorporado: no se obtuvo en esta compilación una tabla anual oficial, abierta y homogénea por aeropuerto con todas las variables requeridas. Se deja null/vacío para evitar estimaciones o la mezcla de totales nacionales."
ANF,SCFA,Andrés Sabella Gálvez International Airport,Chile,,,,,,,,Junta de Aeronáutica Civil de Chile - estadísticas: https://www.jac.gob.cl/estadisticas/,,"Sin dato incorporado: no se obtuvo en esta compilación una tabla anual oficial, abierta y homogénea por aeropuerto con todas las variables requeridas. Se deja null/vacío para evitar estimaciones o la mezcla de totales nacionales."
ARI,SCAR,Chacalluta International Airport,Chile,,,,,,,,Junta de Aeronáutica Civil de Chile - estadísticas: https://www.jac.gob.cl/estadisticas/,,"Sin dato incorporado: no se obtuvo en esta compilación una tabla anual oficial, abierta y homogénea por aeropuerto con todas las variables requeridas. Se deja null/vacío para evitar estimaciones o la mezcla de totales nacionales."
BBA,SCBA,Balmaceda Airport,Chile,,,,,,,,Junta de Aeronáutica Civil de Chile - estadísticas: https://www.jac.gob.cl/estadisticas/,,"Sin dato incorporado: no se obtuvo en esta compilación una tabla anual oficial, abierta y homogénea por aeropuerto con todas las variables requeridas. Se deja null/vacío para evitar estimaciones o la mezcla de totales nacionales."
CCP,SCIE,Carriel Sur International Airport,Chile,,,,,,,,Junta de Aeronáutica Civil de Chile - estadísticas: https://www.jac.gob.cl/estadisticas/,,"Sin dato incorporado: no se obtuvo en esta compilación una tabla anual oficial, abierta y homogénea por aeropuerto con todas las variables requeridas. Se deja null/vacío para evitar estimaciones o la mezcla de totales nacionales."
CJC,SCCF,El Loa Airport,Chile,,,,,,,,Junta de Aeronáutica Civil de Chile - estadísticas: https://www.jac.gob.cl/estadisticas/,,"Sin dato incorporado: no se obtuvo en esta compilación una tabla anual oficial, abierta y homogénea por aeropuerto con todas las variables requeridas. Se deja null/vacío para evitar estimaciones o la mezcla de totales nacionales."
CPO,SCAT,Desierto de Atacama Airport,Chile,,,,,,,,Junta de Aeronáutica Civil de Chile - estadísticas: https://www.jac.gob.cl/estadisticas/,,"Sin dato incorporado: no se obtuvo en esta compilación una tabla anual oficial, abierta y homogénea por aeropuerto con todas las variables requeridas. Se deja null/vacío para evitar estimaciones o la mezcla de totales nacionales."
ESR,SCES,Ricardo García Posada Airport,Chile,,,,,,,,Junta de Aeronáutica Civil de Chile - estadísticas: https://www.jac.gob.cl/estadisticas/,,"Sin dato incorporado: no se obtuvo en esta compilación una tabla anual oficial, abierta y homogénea por aeropuerto con todas las variables requeridas. Se deja null/vacío para evitar estimaciones o la mezcla de totales nacionales."
IPC,SCIP,Mataveri International Airport,Chile,,,,,,,,Junta de Aeronáutica Civil de Chile - estadísticas: https://www.jac.gob.cl/estadisticas/,,"Sin dato incorporado: no se obtuvo en esta compilación una tabla anual oficial, abierta y homogénea por aeropuerto con todas las variables requeridas. Se deja null/vacío para evitar estimaciones o la mezcla de totales nacionales."
IQQ,SCDA,Diego Aracena International Airport,Chile,,,,,,,,Junta de Aeronáutica Civil de Chile - estadísticas: https://www.jac.gob.cl/estadisticas/,,"Sin dato incorporado: no se obtuvo en esta compilación una tabla anual oficial, abierta y homogénea por aeropuerto con todas las variables requeridas. Se deja null/vacío para evitar estimaciones o la mezcla de totales nacionales."
LSC,SCSE,La Florida Airport,Chile,,,,,,,,Junta de Aeronáutica Civil de Chile - estadísticas: https://www.jac.gob.cl/estadisticas/,,"Sin dato incorporado: no se obtuvo en esta compilación una tabla anual oficial, abierta y homogénea por aeropuerto con todas las variables requeridas. Se deja null/vacío para evitar estimaciones o la mezcla de totales nacionales."
MHC,SCPQ,Mocopulli Airport,Chile,,,,,,,,Junta de Aeronáutica Civil de Chile - estadísticas: https://www.jac.gob.cl/estadisticas/,,"Sin dato incorporado: no se obtuvo en esta compilación una tabla anual oficial, abierta y homogénea por aeropuerto con todas las variables requeridas. Se deja null/vacío para evitar estimaciones o la mezcla de totales nacionales."
PMC,SCTE,El Tepual International Airport,Chile,,,,,,,,Junta de Aeronáutica Civil de Chile - estadísticas: https://www.jac.gob.cl/estadisticas/,,"Sin dato incorporado: no se obtuvo en esta compilación una tabla anual oficial, abierta y homogénea por aeropuerto con todas las variables requeridas. Se deja null/vacío para evitar estimaciones o la mezcla de totales nacionales."
PNT,SCNT,Lieutenant Julio Gallardo Airport,Chile,,,,,,,,Junta de Aeronáutica Civil de Chile - estadísticas: https://www.jac.gob.cl/estadisticas/,,"Sin dato incorporado: no se obtuvo en esta compilación una tabla anual oficial, abierta y homogénea por aeropuerto con todas las variables requeridas. Se deja null/vacío para evitar estimaciones o la mezcla de totales nacionales."
PUQ,SCCI,President Carlos Ibáñez International Airport,Chile,,,,,,,,Junta de Aeronáutica Civil de Chile - estadísticas: https://www.jac.gob.cl/estadisticas/,,"Sin dato incorporado: no se obtuvo en esta compilación una tabla anual oficial, abierta y homogénea por aeropuerto con todas las variables requeridas. Se deja null/vacío para evitar estimaciones o la mezcla de totales nacionales."
SCL,SCEL,Comodoro Arturo Merino Benítez International Airport,Chile,,,,,,,,Junta de Aeronáutica Civil de Chile - estadísticas: https://www.jac.gob.cl/estadisticas/,,"Sin dato incorporado: no se obtuvo en esta compilación una tabla anual oficial, abierta y homogénea por aeropuerto con todas las variables requeridas. Se deja null/vacío para evitar estimaciones o la mezcla de totales nacionales."
ZAL,SCVD,Pichoy Airport,Chile,,,,,,,,Junta de Aeronáutica Civil de Chile - estadísticas: https://www.jac.gob.cl/estadisticas/,,"Sin dato incorporado: no se obtuvo en esta compilación una tabla anual oficial, abierta y homogénea por aeropuerto con todas las variables requeridas. Se deja null/vacío para evitar estimaciones o la mezcla de totales nacionales."
ZCO,SCQP,La Araucanía International Airport,Chile,,,,,,,,Junta de Aeronáutica Civil de Chile - estadísticas: https://www.jac.gob.cl/estadisticas/,,"Sin dato incorporado: no se obtuvo en esta compilación una tabla anual oficial, abierta y homogénea por aeropuerto con todas las variables requeridas. Se deja null/vacío para evitar estimaciones o la mezcla de totales nacionales."
ZOS,SCJO,Cañal Bajo Carlos Hott Siebert Airport,Chile,,,,,,,,Junta de Aeronáutica Civil de Chile - estadísticas: https://www.jac.gob.cl/estadisticas/,,"Sin dato incorporado: no se obtuvo en esta compilación una tabla anual oficial, abierta y homogénea por aeropuerto con todas las variables requeridas. Se deja null/vacío para evitar estimaciones o la mezcla de totales nacionales."
ZPC,SCPC,Pucón Airport,Chile,,,,,,,,Junta de Aeronáutica Civil de Chile - estadísticas: https://www.jac.gob.cl/estadisticas/,,"Sin dato incorporado: no se obtuvo en esta compilación una tabla anual oficial, abierta y homogénea por aeropuerto con todas las variables requeridas. Se deja null/vacío para evitar estimaciones o la mezcla de totales nacionales."
ADZ,SKSP,Gustavo Rojas Pinilla International Airport,Colombia,,,,,,,,Aerocivil Colombia - estadísticas operacionales: https://www.aerocivil.gov.co/atencion/estadisticas-de-las-actividades-aeronauticas,,"Sin dato incorporado: no se obtuvo en esta compilación una tabla anual oficial, abierta y homogénea por aeropuerto con todas las variables requeridas. Se deja null/vacío para evitar estimaciones o la mezcla de totales nacionales."
APO,SKLC,Antonio Roldán Betancur Airport,Colombia,,,,,,,,Aerocivil Colombia - estadísticas operacionales: https://www.aerocivil.gov.co/atencion/estadisticas-de-las-actividades-aeronauticas,,"Sin dato incorporado: no se obtuvo en esta compilación una tabla anual oficial, abierta y homogénea por aeropuerto con todas las variables requeridas. Se deja null/vacío para evitar estimaciones o la mezcla de totales nacionales."
AUC,SKUC,Santiago Perez Airport,Colombia,,,,,,,,Aerocivil Colombia - estadísticas operacionales: https://www.aerocivil.gov.co/atencion/estadisticas-de-las-actividades-aeronauticas,,"Sin dato incorporado: no se obtuvo en esta compilación una tabla anual oficial, abierta y homogénea por aeropuerto con todas las variables requeridas. Se deja null/vacío para evitar estimaciones o la mezcla de totales nacionales."
AXM,SKAR,El Eden Airport,Colombia,,,,,,,,Aerocivil Colombia - estadísticas operacionales: https://www.aerocivil.gov.co/atencion/estadisticas-de-las-actividades-aeronauticas,,"Sin dato incorporado: no se obtuvo en esta compilación una tabla anual oficial, abierta y homogénea por aeropuerto con todas las variables requeridas. Se deja null/vacío para evitar estimaciones o la mezcla de totales nacionales."
BAQ,SKBQ,Ernesto Cortissoz International Airport,Colombia,,,,,,,,Aerocivil Colombia - estadísticas operacionales: https://www.aerocivil.gov.co/atencion/estadisticas-de-las-actividades-aeronauticas,,"Sin dato incorporado: no se obtuvo en esta compilación una tabla anual oficial, abierta y homogénea por aeropuerto con todas las variables requeridas. Se deja null/vacío para evitar estimaciones o la mezcla de totales nacionales."
BGA,SKBG,Palonegro Airport,Colombia,,,,,,,,Aerocivil Colombia - estadísticas operacionales: https://www.aerocivil.gov.co/atencion/estadisticas-de-las-actividades-aeronauticas,,"Sin dato incorporado: no se obtuvo en esta compilación una tabla anual oficial, abierta y homogénea por aeropuerto con todas las variables requeridas. Se deja null/vacío para evitar estimaciones o la mezcla de totales nacionales."
BOG,SKBO,El Dorado International Airport,Colombia,,,,,,,,Aerocivil Colombia - estadísticas operacionales: https://www.aerocivil.gov.co/atencion/estadisticas-de-las-actividades-aeronauticas,,"Sin dato incorporado: no se obtuvo en esta compilación una tabla anual oficial, abierta y homogénea por aeropuerto con todas las variables requeridas. Se deja null/vacío para evitar estimaciones o la mezcla de totales nacionales."
BSC,SKBS,José Celestino Mutis Airport,Colombia,,,,,,,,Aerocivil Colombia - estadísticas operacionales: https://www.aerocivil.gov.co/atencion/estadisticas-de-las-actividades-aeronauticas,,"Sin dato incorporado: no se obtuvo en esta compilación una tabla anual oficial, abierta y homogénea por aeropuerto con todas las variables requeridas. Se deja null/vacío para evitar estimaciones o la mezcla de totales nacionales."
BUN,SKBU,Gerardo Tobar López Airport,Colombia,,,,,,,,Aerocivil Colombia - estadísticas operacionales: https://www.aerocivil.gov.co/atencion/estadisticas-de-las-actividades-aeronauticas,,"Sin dato incorporado: no se obtuvo en esta compilación una tabla anual oficial, abierta y homogénea por aeropuerto con todas las variables requeridas. Se deja null/vacío para evitar estimaciones o la mezcla de totales nacionales."
CLO,SKCL,Alfonso Bonilla Aragon International Airport,Colombia,,,,,,,,Aerocivil Colombia - estadísticas operacionales: https://www.aerocivil.gov.co/atencion/estadisticas-de-las-actividades-aeronauticas,,"Sin dato incorporado: no se obtuvo en esta compilación una tabla anual oficial, abierta y homogénea por aeropuerto con todas las variables requeridas. Se deja null/vacío para evitar estimaciones o la mezcla de totales nacionales."
CTG,SKCG,Rafael Nuñez International Airport,Colombia,,,,,,,,Aerocivil Colombia - estadísticas operacionales: https://www.aerocivil.gov.co/atencion/estadisticas-de-las-actividades-aeronauticas,,"Sin dato incorporado: no se obtuvo en esta compilación una tabla anual oficial, abierta y homogénea por aeropuerto con todas las variables requeridas. Se deja null/vacío para evitar estimaciones o la mezcla de totales nacionales."
CUC,SKCC,Camilo Daza International Airport,Colombia,,,,,,,,Aerocivil Colombia - estadísticas operacionales: https://www.aerocivil.gov.co/atencion/estadisticas-de-las-actividades-aeronauticas,,"Sin dato incorporado: no se obtuvo en esta compilación una tabla anual oficial, abierta y homogénea por aeropuerto con todas las variables requeridas. Se deja null/vacío para evitar estimaciones o la mezcla de totales nacionales."
CZU,SKCZ,Las Brujas Airport,Colombia,,,,,,,,Aerocivil Colombia - estadísticas operacionales: https://www.aerocivil.gov.co/atencion/estadisticas-de-las-actividades-aeronauticas,,"Sin dato incorporado: no se obtuvo en esta compilación una tabla anual oficial, abierta y homogénea por aeropuerto con todas las variables requeridas. Se deja null/vacío para evitar estimaciones o la mezcla de totales nacionales."
EJA,SKEJ,Yariguíes Airport,Colombia,,,,,,,,Aerocivil Colombia - estadísticas operacionales: https://www.aerocivil.gov.co/atencion/estadisticas-de-las-actividades-aeronauticas,,"Sin dato incorporado: no se obtuvo en esta compilación una tabla anual oficial, abierta y homogénea por aeropuerto con todas las variables requeridas. Se deja null/vacío para evitar estimaciones o la mezcla de totales nacionales."
EOH,SKMD,Enrique Olaya Herrera Airport,Colombia,,,,,,,,Aerocivil Colombia - estadísticas operacionales: https://www.aerocivil.gov.co/atencion/estadisticas-de-las-actividades-aeronauticas,,"Sin dato incorporado: no se obtuvo en esta compilación una tabla anual oficial, abierta y homogénea por aeropuerto con todas las variables requeridas. Se deja null/vacío para evitar estimaciones o la mezcla de totales nacionales."
EYP,SKYP,El Alcaravan - Yopal Airport,Colombia,,,,,,,,Aerocivil Colombia - estadísticas operacionales: https://www.aerocivil.gov.co/atencion/estadisticas-de-las-actividades-aeronauticas,,"Sin dato incorporado: no se obtuvo en esta compilación una tabla anual oficial, abierta y homogénea por aeropuerto con todas las variables requeridas. Se deja null/vacío para evitar estimaciones o la mezcla de totales nacionales."
FLA,SKFL,Gustavo Artunduaga Paredes Airport,Colombia,,,,,,,,Aerocivil Colombia - estadísticas operacionales: https://www.aerocivil.gov.co/atencion/estadisticas-de-las-actividades-aeronauticas,,"Sin dato incorporado: no se obtuvo en esta compilación una tabla anual oficial, abierta y homogénea por aeropuerto con todas las variables requeridas. Se deja null/vacío para evitar estimaciones o la mezcla de totales nacionales."
GPI,SKGP,Guapi Airport,Colombia,,,,,,,,Aerocivil Colombia - estadísticas operacionales: https://www.aerocivil.gov.co/atencion/estadisticas-de-las-actividades-aeronauticas,,"Sin dato incorporado: no se obtuvo en esta compilación una tabla anual oficial, abierta y homogénea por aeropuerto con todas las variables requeridas. Se deja null/vacío para evitar estimaciones o la mezcla de totales nacionales."
IBE,SKIB,Perales Airport,Colombia,,,,,,,,Aerocivil Colombia - estadísticas operacionales: https://www.aerocivil.gov.co/atencion/estadisticas-de-las-actividades-aeronauticas,,"Sin dato incorporado: no se obtuvo en esta compilación una tabla anual oficial, abierta y homogénea por aeropuerto con todas las variables requeridas. Se deja null/vacío para evitar estimaciones o la mezcla de totales nacionales."
IPI,SKIP,San Luis Airport,Colombia,,,,,,,,Aerocivil Colombia - estadísticas operacionales: https://www.aerocivil.gov.co/atencion/estadisticas-de-las-actividades-aeronauticas,,"Sin dato incorporado: no se obtuvo en esta compilación una tabla anual oficial, abierta y homogénea por aeropuerto con todas las variables requeridas. Se deja null/vacío para evitar estimaciones o la mezcla de totales nacionales."
LCR,SKHZ,Virgilio Barco Vargas (La Chorrera) Airport,Colombia,,,,,,,,Aerocivil Colombia - estadísticas operacionales: https://www.aerocivil.gov.co/atencion/estadisticas-de-las-actividades-aeronauticas,,"Sin dato incorporado: no se obtuvo en esta compilación una tabla anual oficial, abierta y homogénea por aeropuerto con todas las variables requeridas. Se deja null/vacío para evitar estimaciones o la mezcla de totales nacionales."
LET,SKLT,Alfredo Vásquez Cobo International Airport,Colombia,,,,,,,,Aerocivil Colombia - estadísticas operacionales: https://www.aerocivil.gov.co/atencion/estadisticas-de-las-actividades-aeronauticas,,"Sin dato incorporado: no se obtuvo en esta compilación una tabla anual oficial, abierta y homogénea por aeropuerto con todas las variables requeridas. Se deja null/vacío para evitar estimaciones o la mezcla de totales nacionales."
LMC,SKNA,La Macarena Airport,Colombia,,,,,,,,Aerocivil Colombia - estadísticas operacionales: https://www.aerocivil.gov.co/atencion/estadisticas-de-las-actividades-aeronauticas,,"Sin dato incorporado: no se obtuvo en esta compilación una tabla anual oficial, abierta y homogénea por aeropuerto con todas las variables requeridas. Se deja null/vacío para evitar estimaciones o la mezcla de totales nacionales."
LPD,SKLP,La Pedrera Airport,Colombia,,,,,,,,Aerocivil Colombia - estadísticas operacionales: https://www.aerocivil.gov.co/atencion/estadisticas-de-las-actividades-aeronauticas,,"Sin dato incorporado: no se obtuvo en esta compilación una tabla anual oficial, abierta y homogénea por aeropuerto con todas las variables requeridas. Se deja null/vacío para evitar estimaciones o la mezcla de totales nacionales."
LQM,SKLG,Caucaya Airport,Colombia,,,,,,,,Aerocivil Colombia - estadísticas operacionales: https://www.aerocivil.gov.co/atencion/estadisticas-de-las-actividades-aeronauticas,,"Sin dato incorporado: no se obtuvo en esta compilación una tabla anual oficial, abierta y homogénea por aeropuerto con todas las variables requeridas. Se deja null/vacío para evitar estimaciones o la mezcla de totales nacionales."
MDE,SKRG,Jose Maria Córdova International Airport,Colombia,,,,,,,,Aerocivil Colombia - estadísticas operacionales: https://www.aerocivil.gov.co/atencion/estadisticas-de-las-actividades-aeronauticas,,"Sin dato incorporado: no se obtuvo en esta compilación una tabla anual oficial, abierta y homogénea por aeropuerto con todas las variables requeridas. Se deja null/vacío para evitar estimaciones o la mezcla de totales nacionales."
MTR,SKMR,Los Garzones Airport,Colombia,,,,,,,,Aerocivil Colombia - estadísticas operacionales: https://www.aerocivil.gov.co/atencion/estadisticas-de-las-actividades-aeronauticas,,"Sin dato incorporado: no se obtuvo en esta compilación una tabla anual oficial, abierta y homogénea por aeropuerto con todas las variables requeridas. Se deja null/vacío para evitar estimaciones o la mezcla de totales nacionales."
MVP,SKMU,Fabio Alberto Leon Bentley Airport,Colombia,,,,,,,,Aerocivil Colombia - estadísticas operacionales: https://www.aerocivil.gov.co/atencion/estadisticas-de-las-actividades-aeronauticas,,"Sin dato incorporado: no se obtuvo en esta compilación una tabla anual oficial, abierta y homogénea por aeropuerto con todas las variables requeridas. Se deja null/vacío para evitar estimaciones o la mezcla de totales nacionales."
MZL,SKMZ,La Nubia Airport,Colombia,,,,,,,,Aerocivil Colombia - estadísticas operacionales: https://www.aerocivil.gov.co/atencion/estadisticas-de-las-actividades-aeronauticas,,"Sin dato incorporado: no se obtuvo en esta compilación una tabla anual oficial, abierta y homogénea por aeropuerto con todas las variables requeridas. Se deja null/vacío para evitar estimaciones o la mezcla de totales nacionales."
NQU,SKNQ,Reyes Murillo Airport,Colombia,,,,,,,,Aerocivil Colombia - estadísticas operacionales: https://www.aerocivil.gov.co/atencion/estadisticas-de-las-actividades-aeronauticas,,"Sin dato incorporado: no se obtuvo en esta compilación una tabla anual oficial, abierta y homogénea por aeropuerto con todas las variables requeridas. Se deja null/vacío para evitar estimaciones o la mezcla de totales nacionales."
NVA,SKNV,Benito Salas Airport,Colombia,,,,,,,,Aerocivil Colombia - estadísticas operacionales: https://www.aerocivil.gov.co/atencion/estadisticas-de-las-actividades-aeronauticas,,"Sin dato incorporado: no se obtuvo en esta compilación una tabla anual oficial, abierta y homogénea por aeropuerto con todas las variables requeridas. Se deja null/vacío para evitar estimaciones o la mezcla de totales nacionales."
PCR,SKPC,German Olano Airport,Colombia,,,,,,,,Aerocivil Colombia - estadísticas operacionales: https://www.aerocivil.gov.co/atencion/estadisticas-de-las-actividades-aeronauticas,,"Sin dato incorporado: no se obtuvo en esta compilación una tabla anual oficial, abierta y homogénea por aeropuerto con todas las variables requeridas. Se deja null/vacío para evitar estimaciones o la mezcla de totales nacionales."
PDA,SKPD,Obando Cesar Gaviria Trujillo Airport,Colombia,,,,,,,,Aerocivil Colombia - estadísticas operacionales: https://www.aerocivil.gov.co/atencion/estadisticas-de-las-actividades-aeronauticas,,"Sin dato incorporado: no se obtuvo en esta compilación una tabla anual oficial, abierta y homogénea por aeropuerto con todas las variables requeridas. Se deja null/vacío para evitar estimaciones o la mezcla de totales nacionales."
PEI,SKPE,Matecaña International Airport,Colombia,,,,,,,,Aerocivil Colombia - estadísticas operacionales: https://www.aerocivil.gov.co/atencion/estadisticas-de-las-actividades-aeronauticas,,"Sin dato incorporado: no se obtuvo en esta compilación una tabla anual oficial, abierta y homogénea por aeropuerto con todas las variables requeridas. Se deja null/vacío para evitar estimaciones o la mezcla de totales nacionales."
PPN,SKPP,Guillermo León Valencia Airport,Colombia,,,,,,,,Aerocivil Colombia - estadísticas operacionales: https://www.aerocivil.gov.co/atencion/estadisticas-de-las-actividades-aeronauticas,,"Sin dato incorporado: no se obtuvo en esta compilación una tabla anual oficial, abierta y homogénea por aeropuerto con todas las variables requeridas. Se deja null/vacío para evitar estimaciones o la mezcla de totales nacionales."
PSO,SKPS,Antonio Nariño Airport,Colombia,,,,,,,,Aerocivil Colombia - estadísticas operacionales: https://www.aerocivil.gov.co/atencion/estadisticas-de-las-actividades-aeronauticas,,"Sin dato incorporado: no se obtuvo en esta compilación una tabla anual oficial, abierta y homogénea por aeropuerto con todas las variables requeridas. Se deja null/vacío para evitar estimaciones o la mezcla de totales nacionales."
PUU,SKAS,Tres De Mayo Airport,Colombia,,,,,,,,Aerocivil Colombia - estadísticas operacionales: https://www.aerocivil.gov.co/atencion/estadisticas-de-las-actividades-aeronauticas,,"Sin dato incorporado: no se obtuvo en esta compilación una tabla anual oficial, abierta y homogénea por aeropuerto con todas las variables requeridas. Se deja null/vacío para evitar estimaciones o la mezcla de totales nacionales."
PVA,SKPV,El Embrujo Airport,Colombia,,,,,,,,Aerocivil Colombia - estadísticas operacionales: https://www.aerocivil.gov.co/atencion/estadisticas-de-las-actividades-aeronauticas,,"Sin dato incorporado: no se obtuvo en esta compilación una tabla anual oficial, abierta y homogénea por aeropuerto con todas las variables requeridas. Se deja null/vacío para evitar estimaciones o la mezcla de totales nacionales."
RCH,SKRH,Almirante Padilla Airport,Colombia,,,,,,,,Aerocivil Colombia - estadísticas operacionales: https://www.aerocivil.gov.co/atencion/estadisticas-de-las-actividades-aeronauticas,,"Sin dato incorporado: no se obtuvo en esta compilación una tabla anual oficial, abierta y homogénea por aeropuerto con todas las variables requeridas. Se deja null/vacío para evitar estimaciones o la mezcla de totales nacionales."
RVE,SKSA,Los Colonizadores Airport,Colombia,,,,,,,,Aerocivil Colombia - estadísticas operacionales: https://www.aerocivil.gov.co/atencion/estadisticas-de-las-actividades-aeronauticas,,"Sin dato incorporado: no se obtuvo en esta compilación una tabla anual oficial, abierta y homogénea por aeropuerto con todas las variables requeridas. Se deja null/vacío para evitar estimaciones o la mezcla de totales nacionales."
SJE,SKSJ,Jorge E. Gonzalez Torres Airport,Colombia,,,,,,,,Aerocivil Colombia - estadísticas operacionales: https://www.aerocivil.gov.co/atencion/estadisticas-de-las-actividades-aeronauticas,,"Sin dato incorporado: no se obtuvo en esta compilación una tabla anual oficial, abierta y homogénea por aeropuerto con todas las variables requeridas. Se deja null/vacío para evitar estimaciones o la mezcla de totales nacionales."
SMR,SKSM,Simón Bolívar International Airport,Colombia,,,,,,,,Aerocivil Colombia - estadísticas operacionales: https://www.aerocivil.gov.co/atencion/estadisticas-de-las-actividades-aeronauticas,,"Sin dato incorporado: no se obtuvo en esta compilación una tabla anual oficial, abierta y homogénea por aeropuerto con todas las variables requeridas. Se deja null/vacío para evitar estimaciones o la mezcla de totales nacionales."
SVI,SKSV,Eduardo Falla Solano Airport,Colombia,,,,,,,,Aerocivil Colombia - estadísticas operacionales: https://www.aerocivil.gov.co/atencion/estadisticas-de-las-actividades-aeronauticas,,"Sin dato incorporado: no se obtuvo en esta compilación una tabla anual oficial, abierta y homogénea por aeropuerto con todas las variables requeridas. Se deja null/vacío para evitar estimaciones o la mezcla de totales nacionales."
TCD,SKRA,Tarapacá Airport,Colombia,,,,,,,,Aerocivil Colombia - estadísticas operacionales: https://www.aerocivil.gov.co/atencion/estadisticas-de-las-actividades-aeronauticas,,"Sin dato incorporado: no se obtuvo en esta compilación una tabla anual oficial, abierta y homogénea por aeropuerto con todas las variables requeridas. Se deja null/vacío para evitar estimaciones o la mezcla de totales nacionales."
TCO,SKCO,La Florida Airport,Colombia,,,,,,,,Aerocivil Colombia - estadísticas operacionales: https://www.aerocivil.gov.co/atencion/estadisticas-de-las-actividades-aeronauticas,,"Sin dato incorporado: no se obtuvo en esta compilación una tabla anual oficial, abierta y homogénea por aeropuerto con todas las variables requeridas. Se deja null/vacío para evitar estimaciones o la mezcla de totales nacionales."
TLU,SKTL,Golfo de Morrosquillo Airport,Colombia,,,,,,,,Aerocivil Colombia - estadísticas operacionales: https://www.aerocivil.gov.co/atencion/estadisticas-de-las-actividades-aeronauticas,,"Sin dato incorporado: no se obtuvo en esta compilación una tabla anual oficial, abierta y homogénea por aeropuerto con todas las variables requeridas. Se deja null/vacío para evitar estimaciones o la mezcla de totales nacionales."
TME,SKTM,Gustavo Vargas Airport,Colombia,,,,,,,,Aerocivil Colombia - estadísticas operacionales: https://www.aerocivil.gov.co/atencion/estadisticas-de-las-actividades-aeronauticas,,"Sin dato incorporado: no se obtuvo en esta compilación una tabla anual oficial, abierta y homogénea por aeropuerto con todas las variables requeridas. Se deja null/vacío para evitar estimaciones o la mezcla de totales nacionales."
UIB,SKUI,El Caraño Airport,Colombia,,,,,,,,Aerocivil Colombia - estadísticas operacionales: https://www.aerocivil.gov.co/atencion/estadisticas-de-las-actividades-aeronauticas,,"Sin dato incorporado: no se obtuvo en esta compilación una tabla anual oficial, abierta y homogénea por aeropuerto con todas las variables requeridas. Se deja null/vacío para evitar estimaciones o la mezcla de totales nacionales."
VUP,SKVP,Alfonso López Pumarejo Airport,Colombia,,,,,,,,Aerocivil Colombia - estadísticas operacionales: https://www.aerocivil.gov.co/atencion/estadisticas-de-las-actividades-aeronauticas,,"Sin dato incorporado: no se obtuvo en esta compilación una tabla anual oficial, abierta y homogénea por aeropuerto con todas las variables requeridas. Se deja null/vacío para evitar estimaciones o la mezcla de totales nacionales."
VVC,SKVV,Vanguardia Airport,Colombia,,,,,,,,Aerocivil Colombia - estadísticas operacionales: https://www.aerocivil.gov.co/atencion/estadisticas-de-las-actividades-aeronauticas,,"Sin dato incorporado: no se obtuvo en esta compilación una tabla anual oficial, abierta y homogénea por aeropuerto con todas las variables requeridas. Se deja null/vacío para evitar estimaciones o la mezcla de totales nacionales."
CUE,SECU,Mariscal Lamar Airport,Ecuador,,,,,,,,DGAC Ecuador - estadísticas aeronáuticas: https://www.aviacioncivil.gob.ec/,,"Sin dato incorporado: no se obtuvo en esta compilación una tabla anual oficial, abierta y homogénea por aeropuerto con todas las variables requeridas. Se deja null/vacío para evitar estimaciones o la mezcla de totales nacionales."
ESM,SETN,Carlos Concha Torres International Airport,Ecuador,,,,,,,,DGAC Ecuador - estadísticas aeronáuticas: https://www.aviacioncivil.gob.ec/,,"Sin dato incorporado: no se obtuvo en esta compilación una tabla anual oficial, abierta y homogénea por aeropuerto con todas las variables requeridas. Se deja null/vacío para evitar estimaciones o la mezcla de totales nacionales."
ETR,SERO,Santa Rosa - Artillery Colonel Victor Larrea International Airport,Ecuador,,,,,,,,DGAC Ecuador - estadísticas aeronáuticas: https://www.aviacioncivil.gob.ec/,,"Sin dato incorporado: no se obtuvo en esta compilación una tabla anual oficial, abierta y homogénea por aeropuerto con todas las variables requeridas. Se deja null/vacío para evitar estimaciones o la mezcla de totales nacionales."
GPS,SEGS,Seymour Galapagos Ecological Airport,Ecuador,,,,,,,,DGAC Ecuador - estadísticas aeronáuticas: https://www.aviacioncivil.gob.ec/,,"Sin dato incorporado: no se obtuvo en esta compilación una tabla anual oficial, abierta y homogénea por aeropuerto con todas las variables requeridas. Se deja null/vacío para evitar estimaciones o la mezcla de totales nacionales."
GYE,SEGU,José Joaquín de Olmedo International Airport,Ecuador,,,,,,,,DGAC Ecuador - estadísticas aeronáuticas: https://www.aviacioncivil.gob.ec/,,"Sin dato incorporado: no se obtuvo en esta compilación una tabla anual oficial, abierta y homogénea por aeropuerto con todas las variables requeridas. Se deja null/vacío para evitar estimaciones o la mezcla de totales nacionales."
IBB,SEII,General Villamil Airport,Ecuador,,,,,,,,DGAC Ecuador - estadísticas aeronáuticas: https://www.aviacioncivil.gob.ec/,,"Sin dato incorporado: no se obtuvo en esta compilación una tabla anual oficial, abierta y homogénea por aeropuerto con todas las variables requeridas. Se deja null/vacío para evitar estimaciones o la mezcla de totales nacionales."
LOH,SECA,Ciudad de Catamayo Airport,Ecuador,,,,,,,,DGAC Ecuador - estadísticas aeronáuticas: https://www.aviacioncivil.gob.ec/,,"Sin dato incorporado: no se obtuvo en esta compilación una tabla anual oficial, abierta y homogénea por aeropuerto con todas las variables requeridas. Se deja null/vacío para evitar estimaciones o la mezcla de totales nacionales."
LTX,SELT,Cotopaxi International Airport,Ecuador,,,,,,,,DGAC Ecuador - estadísticas aeronáuticas: https://www.aviacioncivil.gob.ec/,,"Sin dato incorporado: no se obtuvo en esta compilación una tabla anual oficial, abierta y homogénea por aeropuerto con todas las variables requeridas. Se deja null/vacío para evitar estimaciones o la mezcla de totales nacionales."
MEC,SEMT,Eloy Alfaro International Airport,Ecuador,,,,,,,,DGAC Ecuador - estadísticas aeronáuticas: https://www.aviacioncivil.gob.ec/,,"Sin dato incorporado: no se obtuvo en esta compilación una tabla anual oficial, abierta y homogénea por aeropuerto con todas las variables requeridas. Se deja null/vacío para evitar estimaciones o la mezcla de totales nacionales."
OCC,SECO,Francisco De Orellana Airport,Ecuador,,,,,,,,DGAC Ecuador - estadísticas aeronáuticas: https://www.aviacioncivil.gob.ec/,,"Sin dato incorporado: no se obtuvo en esta compilación una tabla anual oficial, abierta y homogénea por aeropuerto con todas las variables requeridas. Se deja null/vacío para evitar estimaciones o la mezcla de totales nacionales."
SCY,SEST,San Cristóbal Airport,Ecuador,,,,,,,,DGAC Ecuador - estadísticas aeronáuticas: https://www.aviacioncivil.gob.ec/,,"Sin dato incorporado: no se obtuvo en esta compilación una tabla anual oficial, abierta y homogénea por aeropuerto con todas las variables requeridas. Se deja null/vacío para evitar estimaciones o la mezcla de totales nacionales."
SNC,SESA,General Ulpiano Paez International Airport,Ecuador,,,,,,,,DGAC Ecuador - estadísticas aeronáuticas: https://www.aviacioncivil.gob.ec/,,"Sin dato incorporado: no se obtuvo en esta compilación una tabla anual oficial, abierta y homogénea por aeropuerto con todas las variables requeridas. Se deja null/vacío para evitar estimaciones o la mezcla de totales nacionales."
TUA,SETU,Lieutenant Colonel Luis A. Mantilla International Airport,Ecuador,,,,,,,,DGAC Ecuador - estadísticas aeronáuticas: https://www.aviacioncivil.gob.ec/,,"Sin dato incorporado: no se obtuvo en esta compilación una tabla anual oficial, abierta y homogénea por aeropuerto con todas las variables requeridas. Se deja null/vacío para evitar estimaciones o la mezcla de totales nacionales."
UIO,SEQM,Mariscal Sucre International Airport,Ecuador,,,,,,,,DGAC Ecuador - estadísticas aeronáuticas: https://www.aviacioncivil.gob.ec/,,"Sin dato incorporado: no se obtuvo en esta compilación una tabla anual oficial, abierta y homogénea por aeropuerto con todas las variables requeridas. Se deja null/vacío para evitar estimaciones o la mezcla de totales nacionales."
XMS,SEMC,Coronel E Carvajal Airport,Ecuador,,,,,,,,DGAC Ecuador - estadísticas aeronáuticas: https://www.aviacioncivil.gob.ec/,,"Sin dato incorporado: no se obtuvo en esta compilación una tabla anual oficial, abierta y homogénea por aeropuerto con todas las variables requeridas. Se deja null/vacío para evitar estimaciones o la mezcla de totales nacionales."
CAY,SOCA,Cayenne – Félix Eboué Airport,Guayana Francesa,,,,,,,,DGAC Francia / operador aeroportuario - sin serie homogénea incorporada: https://www.ecologie.gouv.fr/politiques-publiques/transport-aerien,,"Sin dato incorporado: no se obtuvo en esta compilación una tabla anual oficial, abierta y homogénea por aeropuerto con todas las variables requeridas. Se deja null/vacío para evitar estimaciones o la mezcla de totales nacionales."
LDX,SOOM,Saint-Laurent-du-Maroni Airport,Guayana Francesa,,,,,,,,DGAC Francia / operador aeroportuario - sin serie homogénea incorporada: https://www.ecologie.gouv.fr/politiques-publiques/transport-aerien,,"Sin dato incorporado: no se obtuvo en esta compilación una tabla anual oficial, abierta y homogénea por aeropuerto con todas las variables requeridas. Se deja null/vacío para evitar estimaciones o la mezcla de totales nacionales."
MPY,SOOA,Maripasoula Airport,Guayana Francesa,,,,,,,,DGAC Francia / operador aeroportuario - sin serie homogénea incorporada: https://www.ecologie.gouv.fr/politiques-publiques/transport-aerien,,"Sin dato incorporado: no se obtuvo en esta compilación una tabla anual oficial, abierta y homogénea por aeropuerto con todas las variables requeridas. Se deja null/vacío para evitar estimaciones o la mezcla de totales nacionales."
GEO,SYCJ,Cheddi Jagan International Airport,Guyana,,,,,,,,Guyana Civil Aviation Authority / Bureau of Statistics: https://www.gcaa-gy.org/,,"Sin dato incorporado: no se obtuvo en esta compilación una tabla anual oficial, abierta y homogénea por aeropuerto con todas las variables requeridas. Se deja null/vacío para evitar estimaciones o la mezcla de totales nacionales."
KAI,SYKA,Kaieteur Airport,Guyana,,,,,,,,Guyana Civil Aviation Authority / Bureau of Statistics: https://www.gcaa-gy.org/,,"Sin dato incorporado: no se obtuvo en esta compilación una tabla anual oficial, abierta y homogénea por aeropuerto con todas las variables requeridas. Se deja null/vacío para evitar estimaciones o la mezcla de totales nacionales."
LTM,SYLT,Lethem Airport,Guyana,,,,,,,,Guyana Civil Aviation Authority / Bureau of Statistics: https://www.gcaa-gy.org/,,"Sin dato incorporado: no se obtuvo en esta compilación una tabla anual oficial, abierta y homogénea por aeropuerto con todas las variables requeridas. Se deja null/vacío para evitar estimaciones o la mezcla de totales nacionales."
OGL,SYEC,Eugene F. Correia International Airport,Guyana,,,,,,,,Guyana Civil Aviation Authority / Bureau of Statistics: https://www.gcaa-gy.org/,,"Sin dato incorporado: no se obtuvo en esta compilación una tabla anual oficial, abierta y homogénea por aeropuerto con todas las variables requeridas. Se deja null/vacío para evitar estimaciones o la mezcla de totales nacionales."
AGT,SGES,Guaraní International Airport,Paraguay,2025,3402,3402,0,5937,11723.15,,"DINAC Paraguay - Resumen Estadístico Transporte Aéreo Comercial, enero-diciembre 2025: https://www.dinac.gov.py/estadisticas/ResumenEstadisticoTransporteAereoComercial-2025_Enero-Diciembre.pdf",2026-01-21,Pasajeros regulares y no regulares. Movimientos incluyen operaciones nacionales e internacionales. Carga convertida de kg a toneladas.
ASU,SGAS,Silvio Pettirossi International Airport,Paraguay,2025,1323613,3499,1320114,52477,25042.364,,"DINAC Paraguay - Resumen Estadístico Transporte Aéreo Comercial, enero-diciembre 2025: https://www.dinac.gov.py/estadisticas/ResumenEstadisticoTransporteAereoComercial-2025_Enero-Diciembre.pdf",2026-01-21,Pasajeros regulares y no regulares. Movimientos incluyen operaciones nacionales e internacionales. Carga convertida de kg a toneladas.
ENO,SGEN,Teniente Ramon A. Ayub Gonzalez International Airport,Paraguay,2025,180,0,180,,,,"DINAC Paraguay - Resumen Estadístico Transporte Aéreo Comercial, enero-diciembre 2025: https://www.dinac.gov.py/estadisticas/ResumenEstadisticoTransporteAereoComercial-2025_Enero-Diciembre.pdf",2026-01-21,El informe registra 180 pasajeros internacionales en agosto de 2025; no publica en la misma tabla un total anual de movimientos o carga para ENO.
ANS,SPHY,Andahuaylas Airport,Perú,,,,,,,,MTC / DGAC Perú - estadísticas de transporte aéreo: https://www.gob.pe/mtc,,"Sin dato incorporado: no se obtuvo en esta compilación una tabla anual oficial, abierta y homogénea por aeropuerto con todas las variables requeridas. Se deja null/vacío para evitar estimaciones o la mezcla de totales nacionales."
AQP,SPQU,Rodríguez Ballón International Airport,Perú,,,,,,,,MTC / DGAC Perú - estadísticas de transporte aéreo: https://www.gob.pe/mtc,,"Sin dato incorporado: no se obtuvo en esta compilación una tabla anual oficial, abierta y homogénea por aeropuerto con todas las variables requeridas. Se deja null/vacío para evitar estimaciones o la mezcla de totales nacionales."
AYP,SPHO,Air Force Colonel Alfredo Mendivil Duarte Airport,Perú,,,,,,,,MTC / DGAC Perú - estadísticas de transporte aéreo: https://www.gob.pe/mtc,,"Sin dato incorporado: no se obtuvo en esta compilación una tabla anual oficial, abierta y homogénea por aeropuerto con todas las variables requeridas. Se deja null/vacío para evitar estimaciones o la mezcla de totales nacionales."
CHH,SPPY,Chachapoyas Airport,Perú,,,,,,,,MTC / DGAC Perú - estadísticas de transporte aéreo: https://www.gob.pe/mtc,,"Sin dato incorporado: no se obtuvo en esta compilación una tabla anual oficial, abierta y homogénea por aeropuerto con todas las variables requeridas. Se deja null/vacío para evitar estimaciones o la mezcla de totales nacionales."
CHM,SPEO,FAP Lieutenant Jaime Andres de Montreuil Morales Airport,Perú,,,,,,,,MTC / DGAC Perú - estadísticas de transporte aéreo: https://www.gob.pe/mtc,,"Sin dato incorporado: no se obtuvo en esta compilación una tabla anual oficial, abierta y homogénea por aeropuerto con todas las variables requeridas. Se deja null/vacío para evitar estimaciones o la mezcla de totales nacionales."
CIX,SPHI,Capitán FAP José A. Quiñones González International Airport,Perú,,,,,,,,MTC / DGAC Perú - estadísticas de transporte aéreo: https://www.gob.pe/mtc,,"Sin dato incorporado: no se obtuvo en esta compilación una tabla anual oficial, abierta y homogénea por aeropuerto con todas las variables requeridas. Se deja null/vacío para evitar estimaciones o la mezcla de totales nacionales."
CJA,SPJR,Mayor General FAP Armando Revoredo Iglesias Airport,Perú,,,,,,,,MTC / DGAC Perú - estadísticas de transporte aéreo: https://www.gob.pe/mtc,,"Sin dato incorporado: no se obtuvo en esta compilación una tabla anual oficial, abierta y homogénea por aeropuerto con todas las variables requeridas. Se deja null/vacío para evitar estimaciones o la mezcla de totales nacionales."
CUZ,SPZO,Alejandro Velasco Astete International Airport,Perú,,,,,,,,MTC / DGAC Perú - estadísticas de transporte aéreo: https://www.gob.pe/mtc,,"Sin dato incorporado: no se obtuvo en esta compilación una tabla anual oficial, abierta y homogénea por aeropuerto con todas las variables requeridas. Se deja null/vacío para evitar estimaciones o la mezcla de totales nacionales."
HUU,SPNC,Alferez Fap David Figueroa Fernandini Airport,Perú,,,,,,,,MTC / DGAC Perú - estadísticas de transporte aéreo: https://www.gob.pe/mtc,,"Sin dato incorporado: no se obtuvo en esta compilación una tabla anual oficial, abierta y homogénea por aeropuerto con todas las variables requeridas. Se deja null/vacío para evitar estimaciones o la mezcla de totales nacionales."
ILQ,SPLO,General Jorge Fernandez Maldon Airport,Perú,,,,,,,,MTC / DGAC Perú - estadísticas de transporte aéreo: https://www.gob.pe/mtc,,"Sin dato incorporado: no se obtuvo en esta compilación una tabla anual oficial, abierta y homogénea por aeropuerto con todas las variables requeridas. Se deja null/vacío para evitar estimaciones o la mezcla de totales nacionales."
IQT,SPQT,Coronel FAP Francisco Secada Vignetta International Airport,Perú,,,,,,,,MTC / DGAC Perú - estadísticas de transporte aéreo: https://www.gob.pe/mtc,,"Sin dato incorporado: no se obtuvo en esta compilación una tabla anual oficial, abierta y homogénea por aeropuerto con todas las variables requeridas. Se deja null/vacío para evitar estimaciones o la mezcla de totales nacionales."
JAE,SPJE,Shumba Airport,Perú,,,,,,,,MTC / DGAC Perú - estadísticas de transporte aéreo: https://www.gob.pe/mtc,,"Sin dato incorporado: no se obtuvo en esta compilación una tabla anual oficial, abierta y homogénea por aeropuerto con todas las variables requeridas. Se deja null/vacío para evitar estimaciones o la mezcla de totales nacionales."
JAU,SPJJ,Francisco Carle Airport,Perú,,,,,,,,MTC / DGAC Perú - estadísticas de transporte aéreo: https://www.gob.pe/mtc,,"Sin dato incorporado: no se obtuvo en esta compilación una tabla anual oficial, abierta y homogénea por aeropuerto con todas las variables requeridas. Se deja null/vacío para evitar estimaciones o la mezcla de totales nacionales."
JUL,SPJL,Inca Manco Capac International Airport,Perú,,,,,,,,MTC / DGAC Perú - estadísticas de transporte aéreo: https://www.gob.pe/mtc,,"Sin dato incorporado: no se obtuvo en esta compilación una tabla anual oficial, abierta y homogénea por aeropuerto con todas las variables requeridas. Se deja null/vacío para evitar estimaciones o la mezcla de totales nacionales."
LIM,SPJC,Jorge Chávez International Airport,Perú,,,,,,,,MTC / DGAC Perú - estadísticas de transporte aéreo: https://www.gob.pe/mtc,,"Sin dato incorporado: no se obtuvo en esta compilación una tabla anual oficial, abierta y homogénea por aeropuerto con todas las variables requeridas. Se deja null/vacío para evitar estimaciones o la mezcla de totales nacionales."
NZC,SPZA,Maria Reiche Neuman Airport,Perú,,,,,,,,MTC / DGAC Perú - estadísticas de transporte aéreo: https://www.gob.pe/mtc,,"Sin dato incorporado: no se obtuvo en esta compilación una tabla anual oficial, abierta y homogénea por aeropuerto con todas las variables requeridas. Se deja null/vacío para evitar estimaciones o la mezcla de totales nacionales."
PCL,SPCL,Cap FAP David Abenzur Rengifo International Airport,Perú,,,,,,,,MTC / DGAC Perú - estadísticas de transporte aéreo: https://www.gob.pe/mtc,,"Sin dato incorporado: no se obtuvo en esta compilación una tabla anual oficial, abierta y homogénea por aeropuerto con todas las variables requeridas. Se deja null/vacío para evitar estimaciones o la mezcla de totales nacionales."
PEM,SPTU,Padre Aldamiz International Airport,Perú,,,,,,,,MTC / DGAC Perú - estadísticas de transporte aéreo: https://www.gob.pe/mtc,,"Sin dato incorporado: no se obtuvo en esta compilación una tabla anual oficial, abierta y homogénea por aeropuerto con todas las variables requeridas. Se deja null/vacío para evitar estimaciones o la mezcla de totales nacionales."
PIU,SPUR,PAF Captain Guillermo Concha Iberico International Airport,Perú,,,,,,,,MTC / DGAC Perú - estadísticas de transporte aéreo: https://www.gob.pe/mtc,,"Sin dato incorporado: no se obtuvo en esta compilación una tabla anual oficial, abierta y homogénea por aeropuerto con todas las variables requeridas. Se deja null/vacío para evitar estimaciones o la mezcla de totales nacionales."
TBP,SPME,Captain Pedro Canga Rodríguez International Airport,Perú,,,,,,,,MTC / DGAC Perú - estadísticas de transporte aéreo: https://www.gob.pe/mtc,,"Sin dato incorporado: no se obtuvo en esta compilación una tabla anual oficial, abierta y homogénea por aeropuerto con todas las variables requeridas. Se deja null/vacío para evitar estimaciones o la mezcla de totales nacionales."
TCQ,SPTN,Coronel FAP Carlos Ciriani Santa Rosa International Airport,Perú,,,,,,,,MTC / DGAC Perú - estadísticas de transporte aéreo: https://www.gob.pe/mtc,,"Sin dato incorporado: no se obtuvo en esta compilación una tabla anual oficial, abierta y homogénea por aeropuerto con todas las variables requeridas. Se deja null/vacío para evitar estimaciones o la mezcla de totales nacionales."
TPP,SPST,Cadete FAP Guillermo Del Castillo Paredes Airport,Perú,,,,,,,,MTC / DGAC Perú - estadísticas de transporte aéreo: https://www.gob.pe/mtc,,"Sin dato incorporado: no se obtuvo en esta compilación una tabla anual oficial, abierta y homogénea por aeropuerto con todas las variables requeridas. Se deja null/vacío para evitar estimaciones o la mezcla de totales nacionales."
TRU,SPRU,Capitán FAP Carlos Martínez de Pinillos International Airport,Perú,,,,,,,,MTC / DGAC Perú - estadísticas de transporte aéreo: https://www.gob.pe/mtc,,"Sin dato incorporado: no se obtuvo en esta compilación una tabla anual oficial, abierta y homogénea por aeropuerto con todas las variables requeridas. Se deja null/vacío para evitar estimaciones o la mezcla de totales nacionales."
TYL,SPYL,Captain Victor Montes Arias International Airport,Perú,,,,,,,,MTC / DGAC Perú - estadísticas de transporte aéreo: https://www.gob.pe/mtc,,"Sin dato incorporado: no se obtuvo en esta compilación una tabla anual oficial, abierta y homogénea por aeropuerto con todas las variables requeridas. Se deja null/vacío para evitar estimaciones o la mezcla de totales nacionales."
YMS,SPMS,Moises Benzaquen Rengifo Airport,Perú,,,,,,,,MTC / DGAC Perú - estadísticas de transporte aéreo: https://www.gob.pe/mtc,,"Sin dato incorporado: no se obtuvo en esta compilación una tabla anual oficial, abierta y homogénea por aeropuerto con todas las variables requeridas. Se deja null/vacío para evitar estimaciones o la mezcla de totales nacionales."
AGI,SMWA,Wageningen Airstrip,Surinam,,,,,,,,Civil Aviation Safety Authority Suriname / General Bureau of Statistics: https://www.casas.sr/,,"Sin dato incorporado: no se obtuvo en esta compilación una tabla anual oficial, abierta y homogénea por aeropuerto con todas las variables requeridas. Se deja null/vacío para evitar estimaciones o la mezcla de totales nacionales."
DRJ,SMDA,Drietabbetje Airport,Surinam,,,,,,,,Civil Aviation Safety Authority Suriname / General Bureau of Statistics: https://www.casas.sr/,,"Sin dato incorporado: no se obtuvo en esta compilación una tabla anual oficial, abierta y homogénea por aeropuerto con todas las variables requeridas. Se deja null/vacío para evitar estimaciones o la mezcla de totales nacionales."
EAX,SMEG,Eduard Alexander Gummels Airport,Surinam,,,,,,,,Civil Aviation Safety Authority Suriname / General Bureau of Statistics: https://www.casas.sr/,,"Sin dato incorporado: no se obtuvo en esta compilación una tabla anual oficial, abierta y homogénea por aeropuerto con todas las variables requeridas. Se deja null/vacío para evitar estimaciones o la mezcla de totales nacionales."
MOJ,SMMO,Moengo Airstrip,Surinam,,,,,,,,Civil Aviation Safety Authority Suriname / General Bureau of Statistics: https://www.casas.sr/,,"Sin dato incorporado: no se obtuvo en esta compilación una tabla anual oficial, abierta y homogénea por aeropuerto con todas las variables requeridas. Se deja null/vacío para evitar estimaciones o la mezcla de totales nacionales."
ORG,SMZO,Zorg en Hoop Airport,Surinam,,,,,,,,Civil Aviation Safety Authority Suriname / General Bureau of Statistics: https://www.casas.sr/,,"Sin dato incorporado: no se obtuvo en esta compilación una tabla anual oficial, abierta y homogénea por aeropuerto con todas las variables requeridas. Se deja null/vacío para evitar estimaciones o la mezcla de totales nacionales."
PBM,SMJP,Johan Adolf Pengel International Airport,Surinam,,,,,,,,Civil Aviation Safety Authority Suriname / General Bureau of Statistics: https://www.casas.sr/,,"Sin dato incorporado: no se obtuvo en esta compilación una tabla anual oficial, abierta y homogénea por aeropuerto con todas las variables requeridas. Se deja null/vacío para evitar estimaciones o la mezcla de totales nacionales."
MVD,SUMU,Carrasco General Cesáreo L. Berisso International Airport,Uruguay,,,,,,,,DINACIA Uruguay - estadísticas: https://www.dinacia.gub.uy/,,"Sin dato incorporado: no se obtuvo en esta compilación una tabla anual oficial, abierta y homogénea por aeropuerto con todas las variables requeridas. Se deja null/vacío para evitar estimaciones o la mezcla de totales nacionales."
PDP,SULS,Capitan Corbeta CA Curbelo International Airport,Uruguay,,,,,,,,DINACIA Uruguay - estadísticas: https://www.dinacia.gub.uy/,,"Sin dato incorporado: no se obtuvo en esta compilación una tabla anual oficial, abierta y homogénea por aeropuerto con todas las variables requeridas. Se deja null/vacío para evitar estimaciones o la mezcla de totales nacionales."
RVY,SURV,Pres. Gral. Óscar D. Gestido Binational Airport,Uruguay,,,,,,,,DINACIA Uruguay - estadísticas: https://www.dinacia.gub.uy/,,"Sin dato incorporado: no se obtuvo en esta compilación una tabla anual oficial, abierta y homogénea por aeropuerto con todas las variables requeridas. Se deja null/vacío para evitar estimaciones o la mezcla de totales nacionales."
BLA,SVBC,General José Antonio Anzoategui International Airport,Venezuela,,,,,,,,INAC Venezuela - estadísticas aeronáuticas: https://www.inac.gob.ve/,,"Sin dato incorporado: no se obtuvo en esta compilación una tabla anual oficial, abierta y homogénea por aeropuerto con todas las variables requeridas. Se deja null/vacío para evitar estimaciones o la mezcla de totales nacionales."
BNS,SVBI,Barinas Airport,Venezuela,,,,,,,,INAC Venezuela - estadísticas aeronáuticas: https://www.inac.gob.ve/,,"Sin dato incorporado: no se obtuvo en esta compilación una tabla anual oficial, abierta y homogénea por aeropuerto con todas las variables requeridas. Se deja null/vacío para evitar estimaciones o la mezcla de totales nacionales."
BRM,SVBM,Jacinto Lara International Airport,Venezuela,,,,,,,,INAC Venezuela - estadísticas aeronáuticas: https://www.inac.gob.ve/,,"Sin dato incorporado: no se obtuvo en esta compilación una tabla anual oficial, abierta y homogénea por aeropuerto con todas las variables requeridas. Se deja null/vacío para evitar estimaciones o la mezcla de totales nacionales."
CAJ,SVCN,Canaima Airport,Venezuela,,,,,,,,INAC Venezuela - estadísticas aeronáuticas: https://www.inac.gob.ve/,,"Sin dato incorporado: no se obtuvo en esta compilación una tabla anual oficial, abierta y homogénea por aeropuerto con todas las variables requeridas. Se deja null/vacío para evitar estimaciones o la mezcla de totales nacionales."
CCS,SVMI,Maiquetía Simón Bolívar International Airport,Venezuela,,,,,,,,INAC Venezuela - estadísticas aeronáuticas: https://www.inac.gob.ve/,,"Sin dato incorporado: no se obtuvo en esta compilación una tabla anual oficial, abierta y homogénea por aeropuerto con todas las variables requeridas. Se deja null/vacío para evitar estimaciones o la mezcla de totales nacionales."
CUM,SVCU,Antonio José de Sucre Airport,Venezuela,,,,,,,,INAC Venezuela - estadísticas aeronáuticas: https://www.inac.gob.ve/,,"Sin dato incorporado: no se obtuvo en esta compilación una tabla anual oficial, abierta y homogénea por aeropuerto con todas las variables requeridas. Se deja null/vacío para evitar estimaciones o la mezcla de totales nacionales."
CUP,SVCP,General Francisco Bermúdez Airport,Venezuela,,,,,,,,INAC Venezuela - estadísticas aeronáuticas: https://www.inac.gob.ve/,,"Sin dato incorporado: no se obtuvo en esta compilación una tabla anual oficial, abierta y homogénea por aeropuerto con todas las variables requeridas. Se deja null/vacío para evitar estimaciones o la mezcla de totales nacionales."
CZE,SVCR,José Leonardo Chirinos Airport,Venezuela,,,,,,,,INAC Venezuela - estadísticas aeronáuticas: https://www.inac.gob.ve/,,"Sin dato incorporado: no se obtuvo en esta compilación una tabla anual oficial, abierta y homogénea por aeropuerto con todas las variables requeridas. Se deja null/vacío para evitar estimaciones o la mezcla de totales nacionales."
ICC,SVIE,Andrés Miguel Salazar Marcano Airport,Venezuela,,,,,,,,INAC Venezuela - estadísticas aeronáuticas: https://www.inac.gob.ve/,,"Sin dato incorporado: no se obtuvo en esta compilación una tabla anual oficial, abierta y homogénea por aeropuerto con todas las variables requeridas. Se deja null/vacío para evitar estimaciones o la mezcla de totales nacionales."
LRV,SVRS,Los Roques Airport,Venezuela,,,,,,,,INAC Venezuela - estadísticas aeronáuticas: https://www.inac.gob.ve/,,"Sin dato incorporado: no se obtuvo en esta compilación una tabla anual oficial, abierta y homogénea por aeropuerto con todas las variables requeridas. Se deja null/vacío para evitar estimaciones o la mezcla de totales nacionales."
LSP,SVJC,Josefa Camejo International Airport,Venezuela,,,,,,,,INAC Venezuela - estadísticas aeronáuticas: https://www.inac.gob.ve/,,"Sin dato incorporado: no se obtuvo en esta compilación una tabla anual oficial, abierta y homogénea por aeropuerto con todas las variables requeridas. Se deja null/vacío para evitar estimaciones o la mezcla de totales nacionales."
MAR,SVMC,La Chinita International Airport,Venezuela,,,,,,,,INAC Venezuela - estadísticas aeronáuticas: https://www.inac.gob.ve/,,"Sin dato incorporado: no se obtuvo en esta compilación una tabla anual oficial, abierta y homogénea por aeropuerto con todas las variables requeridas. Se deja null/vacío para evitar estimaciones o la mezcla de totales nacionales."
MUN,SVMT,José Tadeo Monagas International Airport,Venezuela,,,,,,,,INAC Venezuela - estadísticas aeronáuticas: https://www.inac.gob.ve/,,"Sin dato incorporado: no se obtuvo en esta compilación una tabla anual oficial, abierta y homogénea por aeropuerto con todas las variables requeridas. Se deja null/vacío para evitar estimaciones o la mezcla de totales nacionales."
PMV,SVMG,Del Caribe Santiago Mariño International Airport,Venezuela,,,,,,,,INAC Venezuela - estadísticas aeronáuticas: https://www.inac.gob.ve/,,"Sin dato incorporado: no se obtuvo en esta compilación una tabla anual oficial, abierta y homogénea por aeropuerto con todas las variables requeridas. Se deja null/vacío para evitar estimaciones o la mezcla de totales nacionales."
PZO,SVPR,General Manuel Carlos Piar International Airport,Venezuela,,,,,,,,INAC Venezuela - estadísticas aeronáuticas: https://www.inac.gob.ve/,,"Sin dato incorporado: no se obtuvo en esta compilación una tabla anual oficial, abierta y homogénea por aeropuerto con todas las variables requeridas. Se deja null/vacío para evitar estimaciones o la mezcla de totales nacionales."
SNV,SVSE,Santa Elena de Uairén Airport,Venezuela,,,,,,,,INAC Venezuela - estadísticas aeronáuticas: https://www.inac.gob.ve/,,"Sin dato incorporado: no se obtuvo en esta compilación una tabla anual oficial, abierta y homogénea por aeropuerto con todas las variables requeridas. Se deja null/vacío para evitar estimaciones o la mezcla de totales nacionales."
SOM,SVST,San Tomé Airport,Venezuela,,,,,,,,INAC Venezuela - estadísticas aeronáuticas: https://www.inac.gob.ve/,,"Sin dato incorporado: no se obtuvo en esta compilación una tabla anual oficial, abierta y homogénea por aeropuerto con todas las variables requeridas. Se deja null/vacío para evitar estimaciones o la mezcla de totales nacionales."
STD,SVSO,Mayor Buenaventura Vivas International Airport,Venezuela,,,,,,,,INAC Venezuela - estadísticas aeronáuticas: https://www.inac.gob.ve/,,"Sin dato incorporado: no se obtuvo en esta compilación una tabla anual oficial, abierta y homogénea por aeropuerto con todas las variables requeridas. Se deja null/vacío para evitar estimaciones o la mezcla de totales nacionales."
SVZ,SVSA,Juan Vicente Gómez International Airport,Venezuela,,,,,,,,INAC Venezuela - estadísticas aeronáuticas: https://www.inac.gob.ve/,,"Sin dato incorporado: no se obtuvo en esta compilación una tabla anual oficial, abierta y homogénea por aeropuerto con todas las variables requeridas. Se deja null/vacío para evitar estimaciones o la mezcla de totales nacionales."
VIG,SVVG,Juan Pablo Pérez Alfonso Airport,Venezuela,,,,,,,,INAC Venezuela - estadísticas aeronáuticas: https://www.inac.gob.ve/,,"Sin dato incorporado: no se obtuvo en esta compilación una tabla anual oficial, abierta y homogénea por aeropuerto con todas las variables requeridas. Se deja null/vacío para evitar estimaciones o la mezcla de totales nacionales."
VLN,SVVA,Arturo Michelena International Airport,Venezuela,,,,,,,,INAC Venezuela - estadísticas aeronáuticas: https://www.inac.gob.ve/,,"Sin dato incorporado: no se obtuvo en esta compilación una tabla anual oficial, abierta y homogénea por aeropuerto con todas las variables requeridas. Se deja null/vacío para evitar estimaciones o la mezcla de totales nacionales."
VLV,SVVL,Dr. Antonio Nicolás Briceño Airport,Venezuela,,,,,,,,INAC Venezuela - estadísticas aeronáuticas: https://www.inac.gob.ve/,,"Sin dato incorporado: no se obtuvo en esta compilación una tabla anual oficial, abierta y homogénea por aeropuerto con todas las variables requeridas. Se deja null/vacío para evitar estimaciones o la mezcla de totales nacionales."
