{
"type": "FeatureCollection",
"name": "GrillaMoron",
"crs": { "type": "name", "properties": { "name": "urn:ogc:def:crs:OGC:1.3:CRS84" } },
"features": [
{ "type": "Feature", "properties": { "Id": 1, "etiqueta": "-" }, "geometry": { "type": "MultiPolygon", "coordinates": [ [ [ [ -58.657750642401894, -34.694766028045883 ], [ -58.657535281744615, -34.693882694401886 ], [ -58.656466058308155, -34.694060534689896 ], [ -58.656681419592267, -34.69494386828606 ], [ -58.657750642401894, -34.694766028045883 ] ] ] ] } },
{ "type": "Feature", "properties": { "Id": 0, "etiqueta": "A" }, "geometry": { "type": "MultiPolygon", "coordinates": [ [ [ [ -58.656681419592267, -34.69494386828606 ], [ -58.656466058308155, -34.694060534689896 ], [ -58.655396832611011, -34.694238375109869 ], [ -58.655612194522007, -34.695121708658306 ], [ -58.656681419592267, -34.69494386828606 ] ] ] ] } },
{ "type": "Feature", "properties": { "Id": 0, "etiqueta": "B" }, "geometry": { "type": "MultiPolygon", "coordinates": [ [ [ [ -58.655612194522007, -34.695121708658306 ], [ -58.655396832611011, -34.694238375109869 ], [ -58.654327604653304, -34.694416215661761 ], [ -58.654542967190977, -34.69529954916247 ], [ -58.655612194522007, -34.695121708658306 ] ] ] ] } },
{ "type": "Feature", "properties": { "Id": 0, "etiqueta": "C" }, "geometry": { "type": "MultiPolygon", "coordinates": [ [ [ [ -58.654542967190977, -34.69529954916247 ], [ -58.654327604653304, -34.694416215661761 ], [ -58.653258374434934, -34.69459405634543 ], [ -58.653473737599086, -34.69547738979842 ], [ -58.654542967190977, -34.69529954916247 ] ] ] ] } },
{ "type": "Feature", "properties": { "Id": 0, "etiqueta": "D" }, "geometry": { "type": "MultiPolygon", "coordinates": [ [ [ [ -58.653473737599086, -34.69547738979842 ], [ -58.653258374434934, -34.69459405634543 ], [ -58.652189141955731, -34.694771897160763 ], [ -58.652404505746368, -34.695655230566096 ], [ -58.653473737599086, -34.69547738979842 ] ] ] ] } },
{ "type": "Feature", "properties": { "Id": 0, "etiqueta": "E" }, "geometry": { "type": "MultiPolygon", "coordinates": [ [ [ [ -58.652404505746368, -34.695655230566096 ], [ -58.652189141955731, -34.694771897160763 ], [ -58.651119907215808, -34.694949738107788 ], [ -58.651335271632689, -34.695833071465451 ], [ -58.652404505746368, -34.695655230566096 ] ] ] ] } },
{ "type": "Feature", "properties": { "Id": 0, "etiqueta": "F" }, "geometry": { "type": "MultiPolygon", "coordinates": [ [ [ [ -58.651335271632689, -34.695833071465451 ], [ -58.651119907215808, -34.694949738107788 ], [ -58.650050670214888, -34.695127579186178 ], [ -58.650266035257999, -34.696010912496249 ], [ -58.651335271632689, -34.695833071465451 ] ] ] ] } },
{ "type": "Feature", "properties": { "Id": 0, "etiqueta": "G" }, "geometry": { "type": "MultiPolygon", "coordinates": [ [ [ [ -58.650266035257999, -34.696010912496249 ], [ -58.650050670214888, -34.695127579186178 ], [ -58.648981430953043, -34.695305420396004 ], [ -58.649196796622228, -34.696188753658497 ], [ -58.650266035257999, -34.696010912496249 ] ] ] ] } },
{ "type": "Feature", "properties": { "Id": 0, "etiqueta": "H" }, "geometry": { "type": "MultiPolygon", "coordinates": [ [ [ [ -58.649196796622228, -34.696188753658497 ], [ -58.648981430953043, -34.695305420396004 ], [ -58.647912189430265, -34.695483261737124 ], [ -58.648127555725381, -34.696366594952046 ], [ -58.649196796622228, -34.696188753658497 ] ] ] ] } },
{ "type": "Feature", "properties": { "Id": 0, "etiqueta": "I" }, "geometry": { "type": "MultiPolygon", "coordinates": [ [ [ [ -58.648127555725381, -34.696366594952046 ], [ -58.647912189430265, -34.695483261737124 ], [ -58.646842945646341, -34.695661103209417 ], [ -58.647058312567303, -34.696544436376804 ], [ -58.648127555725381, -34.696366594952046 ] ] ] ] } },
{ "type": "Feature", "properties": { "Id": 1, "etiqueta": "J" }, "geometry": { "type": "MultiPolygon", "coordinates": [ [ [ [ -58.647058312567303, -34.696544436376804 ], [ -58.646842945646341, -34.695661103209417 ], [ -58.645773699601364, -34.695838944812756 ], [ -58.645989067148079, -34.696722277932707 ], [ -58.647058312567303, -34.696544436376804 ] ] ] ] } },
{ "type": "Feature", "properties": { "Id": 1, "etiqueta": "K" }, "geometry": { "type": "MultiPolygon", "coordinates": [ [ [ [ -58.645989067148079, -34.696722277932707 ], [ -58.645773699601364, -34.695838944812756 ], [ -58.644704451295205, -34.696016786547098 ], [ -58.644919819467574, -34.696900119619549 ], [ -58.645989067148079, -34.696722277932707 ] ] ] ] } },
{ "type": "Feature", "properties": { "Id": 1, "etiqueta": "L" }, "geometry": { "type": "MultiPolygon", "coordinates": [ [ [ [ -58.644919819467574, -34.696900119619549 ], [ -58.644704451295205, -34.696016786547098 ], [ -58.643635200727807, -34.696194628412286 ], [ -58.643850569525576, -34.697077961437394 ], [ -58.644919819467574, -34.696900119619549 ] ] ] ] } },
{ "type": "Feature", "properties": { "Id": 0, "etiqueta": "M" }, "geometry": { "type": "MultiPolygon", "coordinates": [ [ [ [ -58.643850569525576, -34.697077961437394 ], [ -58.643635200727807, -34.696194628412286 ], [ -58.642565947899065, -34.696372470408335 ], [ -58.642781317322246, -34.697255803385978 ], [ -58.643850569525576, -34.697077961437394 ] ] ] ] } },
{ "type": "Feature", "properties": { "Id": 0, "etiqueta": "N" }, "geometry": { "type": "MultiPolygon", "coordinates": [ [ [ [ -58.642781317322246, -34.697255803385978 ], [ -58.642565947899065, -34.696372470408335 ], [ -58.641496692809056, -34.696550312535003 ], [ -58.641712062857444, -34.69743364546526 ], [ -58.642781317322246, -34.697255803385978 ] ] ] ] } },
{ "type": "Feature", "properties": { "Id": 0, "etiqueta": "O" }, "geometry": { "type": "MultiPolygon", "coordinates": [ [ [ [ -58.641712062857444, -34.69743364546526 ], [ -58.641496692809056, -34.696550312535003 ], [ -58.640427435457525, -34.696728154792218 ], [ -58.640642806131098, -34.697611487675161 ], [ -58.641712062857444, -34.69743364546526 ] ] ] ] } },
{ "type": "Feature", "properties": { "Id": 0, "etiqueta": "P" }, "geometry": { "type": "MultiPolygon", "coordinates": [ [ [ [ -58.640642806131098, -34.697611487675161 ], [ -58.640427435457525, -34.696728154792218 ], [ -58.639358175844556, -34.696905997179876 ], [ -58.639573547143172, -34.697789330015574 ], [ -58.640642806131098, -34.697611487675161 ] ] ] ] } },
{ "type": "Feature", "properties": { "Id": 0, "etiqueta": "Q" }, "geometry": { "type": "MultiPolygon", "coordinates": [ [ [ [ -58.639573547143172, -34.697789330015574 ], [ -58.639358175844556, -34.696905997179876 ], [ -58.638288913970101, -34.697083839698003 ], [ -58.638504285893603, -34.697967172486386 ], [ -58.639573547143172, -34.697789330015574 ] ] ] ] } },
{ "type": "Feature", "properties": { "Id": 0, "etiqueta": "R" }, "geometry": { "type": "MultiPolygon", "coordinates": [ [ [ [ -58.638504285893603, -34.697967172486386 ], [ -58.638288913970101, -34.697083839698003 ], [ -58.637219649834051, -34.69726168234633 ], [ -58.637435022382327, -34.698145015087455 ], [ -58.638504285893603, -34.697967172486386 ] ] ] ] } },
{ "type": "Feature", "properties": { "Id": 0, "etiqueta": "S" }, "geometry": { "type": "MultiPolygon", "coordinates": [ [ [ [ -58.637435022382327, -34.698145015087455 ], [ -58.637219649834051, -34.69726168234633 ], [ -58.636150383436316, -34.697439525124793 ], [ -58.63636575660923, -34.698322857818738 ], [ -58.637435022382327, -34.698145015087455 ] ] ] ] } },
{ "type": "Feature", "properties": { "Id": 0, "etiqueta": "T" }, "geometry": { "type": "MultiPolygon", "coordinates": [ [ [ [ -58.63636575660923, -34.698322857818738 ], [ -58.636150383436316, -34.697439525124793 ], [ -58.635081114776895, -34.697617368033363 ], [ -58.635296488574319, -34.698500700680171 ], [ -58.63636575660923, -34.698322857818738 ] ] ] ] } },
{ "type": "Feature", "properties": { "Id": 0, "etiqueta": "U" }, "geometry": { "type": "MultiPolygon", "coordinates": [ [ [ [ -58.635296488574319, -34.698500700680171 ], [ -58.635081114776895, -34.697617368033363 ], [ -58.634011843855696, -34.697795211071885 ], [ -58.634227218277587, -34.698678543671512 ], [ -58.635296488574319, -34.698500700680171 ] ] ] ] } },
{ "type": "Feature", "properties": { "Id": 0, "etiqueta": "1" }, "geometry": { "type": "MultiPolygon", "coordinates": [ [ [ [ -58.657535281744615, -34.693882694401886 ], [ -58.657319925715008, -34.6929993604316 ], [ -58.656250701651665, -34.693177200767437 ], [ -58.656466058308155, -34.694060534689896 ], [ -58.657535281744615, -34.693882694401886 ] ] ] ] } },
{ "type": "Feature", "properties": { "Id": 0, "etiqueta": null }, "geometry": { "type": "MultiPolygon", "coordinates": [ [ [ [ -58.656466058308155, -34.694060534689896 ], [ -58.656250701651665, -34.693177200767437 ], [ -58.655181475327922, -34.693355041235229 ], [ -58.655396832611011, -34.694238375109869 ], [ -58.656466058308155, -34.694060534689896 ] ] ] ] } },
{ "type": "Feature", "properties": { "Id": 0, "etiqueta": null }, "geometry": { "type": "MultiPolygon", "coordinates": [ [ [ [ -58.655396832611011, -34.694238375109869 ], [ -58.655181475327922, -34.693355041235229 ], [ -58.65411224674358, -34.693532881834876 ], [ -58.654327604653304, -34.694416215661761 ], [ -58.655396832611011, -34.694238375109869 ] ] ] ] } },
{ "type": "Feature", "properties": { "Id": 0, "etiqueta": null }, "geometry": { "type": "MultiPolygon", "coordinates": [ [ [ [ -58.654327604653304, -34.694416215661761 ], [ -58.65411224674358, -34.693532881834876 ], [ -58.653043015898675, -34.693710722566323 ], [ -58.653258374434934, -34.69459405634543 ], [ -58.654327604653304, -34.694416215661761 ] ] ] ] } },
{ "type": "Feature", "properties": { "Id": 0, "etiqueta": null }, "geometry": { "type": "MultiPolygon", "coordinates": [ [ [ [ -58.653258374434934, -34.69459405634543 ], [ -58.653043015898675, -34.693710722566323 ], [ -58.651973782793149, -34.693888563429397 ], [ -58.652189141955731, -34.694771897160763 ], [ -58.653258374434934, -34.69459405634543 ] ] ] ] } },
{ "type": "Feature", "properties": { "Id": 0, "etiqueta": null }, "geometry": { "type": "MultiPolygon", "coordinates": [ [ [ [ -58.652189141955731, -34.694771897160763 ], [ -58.651973782793149, -34.693888563429397 ], [ -58.650904547426883, -34.694066404423957 ], [ -58.651119907215808, -34.694949738107788 ], [ -58.652189141955731, -34.694771897160763 ] ] ] ] } },
{ "type": "Feature", "properties": { "Id": 0, "etiqueta": null }, "geometry": { "type": "MultiPolygon", "coordinates": [ [ [ [ -58.651119907215808, -34.694949738107788 ], [ -58.650904547426883, -34.694066404423957 ], [ -58.649835309799876, -34.694244245550053 ], [ -58.650050670214888, -34.695127579186178 ], [ -58.651119907215808, -34.694949738107788 ] ] ] ] } },
{ "type": "Feature", "properties": { "Id": 0, "etiqueta": null }, "geometry": { "type": "MultiPolygon", "coordinates": [ [ [ [ -58.650050670214888, -34.695127579186178 ], [ -58.649835309799876, -34.694244245550053 ], [ -58.648766069912, -34.694422086807521 ], [ -58.648981430953043, -34.695305420396004 ], [ -58.650050670214888, -34.695127579186178 ] ] ] ] } },
{ "type": "Feature", "properties": { "Id": 1, "etiqueta": null }, "geometry": { "type": "MultiPolygon", "coordinates": [ [ [ [ -58.648981430953043, -34.695305420396004 ], [ -58.648766069912, -34.694422086807521 ], [ -58.647696827763326, -34.694599928196183 ], [ -58.647912189430265, -34.695483261737124 ], [ -58.648981430953043, -34.695305420396004 ] ] ] ] } },
{ "type": "Feature", "properties": { "Id": 1, "etiqueta": null }, "geometry": { "type": "MultiPolygon", "coordinates": [ [ [ [ -58.647912189430265, -34.695483261737124 ], [ -58.647696827763326, -34.694599928196183 ], [ -58.646627583353684, -34.694777769716055 ], [ -58.646842945646341, -34.695661103209417 ], [ -58.647912189430265, -34.695483261737124 ] ] ] ] } },
{ "type": "Feature", "properties": { "Id": 1, "etiqueta": null }, "geometry": { "type": "MultiPolygon", "coordinates": [ [ [ [ -58.646842945646341, -34.695661103209417 ], [ -58.646627583353684, -34.694777769716055 ], [ -58.645558336683017, -34.694955611366929 ], [ -58.645773699601364, -34.695838944812756 ], [ -58.646842945646341, -34.695661103209417 ] ] ] ] } },
{ "type": "Feature", "properties": { "Id": 1, "etiqueta": null }, "geometry": { "type": "MultiPolygon", "coordinates": [ [ [ [ -58.645773699601364, -34.695838944812756 ], [ -58.645558336683017, -34.694955611366929 ], [ -58.644489087751317, -34.695133453148742 ], [ -58.644704451295205, -34.696016786547098 ], [ -58.645773699601364, -34.695838944812756 ] ] ] ] } },
{ "type": "Feature", "properties": { "Id": 1, "etiqueta": null }, "geometry": { "type": "MultiPolygon", "coordinates": [ [ [ [ -58.644704451295205, -34.696016786547098 ], [ -58.644489087751317, -34.695133453148742 ], [ -58.643419836558472, -34.695311295061465 ], [ -58.643635200727807, -34.696194628412286 ], [ -58.644704451295205, -34.696016786547098 ] ] ] ] } },
{ "type": "Feature", "properties": { "Id": 1, "etiqueta": null }, "geometry": { "type": "MultiPolygon", "coordinates": [ [ [ [ -58.643635200727807, -34.696194628412286 ], [ -58.643419836558472, -34.695311295061465 ], [ -58.642350583104445, -34.69548913710485 ], [ -58.642565947899065, -34.696372470408335 ], [ -58.643635200727807, -34.696194628412286 ] ] ] ] } },
{ "type": "Feature", "properties": { "Id": 0, "etiqueta": null }, "geometry": { "type": "MultiPolygon", "coordinates": [ [ [ [ -58.642565947899065, -34.696372470408335 ], [ -58.642350583104445, -34.69548913710485 ], [ -58.64128132738923, -34.695666979278911 ], [ -58.641496692809056, -34.696550312535003 ], [ -58.642565947899065, -34.696372470408335 ] ] ] ] } },
{ "type": "Feature", "properties": { "Id": 0, "etiqueta": null }, "geometry": { "type": "MultiPolygon", "coordinates": [ [ [ [ -58.641496692809056, -34.696550312535003 ], [ -58.64128132738923, -34.695666979278911 ], [ -58.640212069412691, -34.695844821583513 ], [ -58.640427435457525, -34.696728154792218 ], [ -58.641496692809056, -34.696550312535003 ] ] ] ] } },
{ "type": "Feature", "properties": { "Id": 0, "etiqueta": null }, "geometry": { "type": "MultiPolygon", "coordinates": [ [ [ [ -58.640427435457525, -34.696728154792218 ], [ -58.640212069412691, -34.695844821583513 ], [ -58.639142809174785, -34.69602266401855 ], [ -58.639358175844556, -34.696905997179876 ], [ -58.640427435457525, -34.696728154792218 ] ] ] ] } },
{ "type": "Feature", "properties": { "Id": 0, "etiqueta": null }, "geometry": { "type": "MultiPolygon", "coordinates": [ [ [ [ -58.639358175844556, -34.696905997179876 ], [ -58.639142809174785, -34.69602266401855 ], [ -58.638073546675436, -34.696200506583935 ], [ -58.638288913970101, -34.697083839698003 ], [ -58.639358175844556, -34.696905997179876 ] ] ] ] } },
{ "type": "Feature", "properties": { "Id": 0, "etiqueta": null }, "geometry": { "type": "MultiPolygon", "coordinates": [ [ [ [ -58.638288913970101, -34.697083839698003 ], [ -58.638073546675436, -34.696200506583935 ], [ -58.637004281914663, -34.696378349279513 ], [ -58.637219649834051, -34.69726168234633 ], [ -58.638288913970101, -34.697083839698003 ] ] ] ] } },
{ "type": "Feature", "properties": { "Id": 0, "etiqueta": null }, "geometry": { "type": "MultiPolygon", "coordinates": [ [ [ [ -58.637219649834051, -34.69726168234633 ], [ -58.637004281914663, -34.696378349279513 ], [ -58.635935014892361, -34.696556192105284 ], [ -58.636150383436316, -34.697439525124793 ], [ -58.637219649834051, -34.69726168234633 ] ] ] ] } },
{ "type": "Feature", "properties": { "Id": 0, "etiqueta": null }, "geometry": { "type": "MultiPolygon", "coordinates": [ [ [ [ -58.636150383436316, -34.697439525124793 ], [ -58.635935014892361, -34.696556192105284 ], [ -58.634865745608444, -34.696734035061056 ], [ -58.635081114776895, -34.697617368033363 ], [ -58.636150383436316, -34.697439525124793 ] ] ] ] } },
{ "type": "Feature", "properties": { "Id": 0, "etiqueta": null }, "geometry": { "type": "MultiPolygon", "coordinates": [ [ [ [ -58.635081114776895, -34.697617368033363 ], [ -58.634865745608444, -34.696734035061056 ], [ -58.633796474062912, -34.696911878146757 ], [ -58.634011843855696, -34.697795211071885 ], [ -58.635081114776895, -34.697617368033363 ] ] ] ] } },
{ "type": "Feature", "properties": { "Id": 0, "etiqueta": "2" }, "geometry": { "type": "MultiPolygon", "coordinates": [ [ [ [ -58.657319925715008, -34.6929993604316 ], [ -58.657104574312747, -34.692116026135018 ], [ -58.656035349622627, -34.69229386651871 ], [ -58.656250701651665, -34.693177200767437 ], [ -58.657319925715008, -34.6929993604316 ] ] ] ] } },
{ "type": "Feature", "properties": { "Id": 0, "etiqueta": null }, "geometry": { "type": "MultiPolygon", "coordinates": [ [ [ [ -58.656250701651665, -34.693177200767437 ], [ -58.656035349622627, -34.69229386651871 ], [ -58.654966122672192, -34.692471707034386 ], [ -58.655181475327922, -34.693355041235229 ], [ -58.656250701651665, -34.693177200767437 ] ] ] ] } },
{ "type": "Feature", "properties": { "Id": 0, "etiqueta": null }, "geometry": { "type": "MultiPolygon", "coordinates": [ [ [ [ -58.655181475327922, -34.693355041235229 ], [ -58.654966122672192, -34.692471707034386 ], [ -58.653896893461372, -34.692649547681853 ], [ -58.65411224674358, -34.693532881834876 ], [ -58.655181475327922, -34.693355041235229 ] ] ] ] } },
{ "type": "Feature", "properties": { "Id": 0, "etiqueta": null }, "geometry": { "type": "MultiPolygon", "coordinates": [ [ [ [ -58.65411224674358, -34.693532881834876 ], [ -58.653896893461372, -34.692649547681853 ], [ -58.652827661990038, -34.692827388461005 ], [ -58.653043015898675, -34.693710722566323 ], [ -58.65411224674358, -34.693532881834876 ] ] ] ] } },
{ "type": "Feature", "properties": { "Id": 0, "etiqueta": null }, "geometry": { "type": "MultiPolygon", "coordinates": [ [ [ [ -58.653043015898675, -34.693710722566323 ], [ -58.652827661990038, -34.692827388461005 ], [ -58.651758428258169, -34.693005229371842 ], [ -58.651973782793149, -34.693888563429397 ], [ -58.653043015898675, -34.693710722566323 ] ] ] ] } },
{ "type": "Feature", "properties": { "Id": 0, "etiqueta": null }, "geometry": { "type": "MultiPolygon", "coordinates": [ [ [ [ -58.651973782793149, -34.693888563429397 ], [ -58.651758428258169, -34.693005229371842 ], [ -58.650689192265766, -34.693183070414165 ], [ -58.650904547426883, -34.694066404423957 ], [ -58.651973782793149, -34.693888563429397 ] ] ] ] } },
{ "type": "Feature", "properties": { "Id": 0, "etiqueta": null }, "geometry": { "type": "MultiPolygon", "coordinates": [ [ [ [ -58.650904547426883, -34.694066404423957 ], [ -58.650689192265766, -34.693183070414165 ], [ -58.649619954012664, -34.693360911587945 ], [ -58.649835309799876, -34.694244245550053 ], [ -58.650904547426883, -34.694066404423957 ] ] ] ] } },
{ "type": "Feature", "properties": { "Id": 0, "etiqueta": null }, "geometry": { "type": "MultiPolygon", "coordinates": [ [ [ [ -58.649835309799876, -34.694244245550053 ], [ -58.649619954012664, -34.693360911587945 ], [ -58.648550713498928, -34.693538752893033 ], [ -58.648766069912, -34.694422086807521 ], [ -58.649835309799876, -34.694244245550053 ] ] ] ] } },
{ "type": "Feature", "properties": { "Id": 1, "etiqueta": null }, "geometry": { "type": "MultiPolygon", "coordinates": [ [ [ [ -58.648766069912, -34.694422086807521 ], [ -58.648550713498928, -34.693538752893033 ], [ -58.647481470724387, -34.693716594329345 ], [ -58.647696827763326, -34.694599928196183 ], [ -58.648766069912, -34.694422086807521 ] ] ] ] } },
{ "type": "Feature", "properties": { "Id": 1, "etiqueta": null }, "geometry": { "type": "MultiPolygon", "coordinates": [ [ [ [ -58.647696827763326, -34.694599928196183 ], [ -58.647481470724387, -34.693716594329345 ], [ -58.646412225689005, -34.693894435896745 ], [ -58.646627583353684, -34.694777769716055 ], [ -58.647696827763326, -34.694599928196183 ] ] ] ] } },
{ "type": "Feature", "properties": { "Id": 1, "etiqueta": null }, "geometry": { "type": "MultiPolygon", "coordinates": [ [ [ [ -58.646627583353684, -34.694777769716055 ], [ -58.646412225689005, -34.693894435896745 ], [ -58.645342978392733, -34.694072277595176 ], [ -58.645558336683017, -34.694955611366929 ], [ -58.646627583353684, -34.694777769716055 ] ] ] ] } },
{ "type": "Feature", "properties": { "Id": 1, "etiqueta": null }, "geometry": { "type": "MultiPolygon", "coordinates": [ [ [ [ -58.645558336683017, -34.694955611366929 ], [ -58.645342978392733, -34.694072277595176 ], [ -58.644273728835586, -34.694250119424545 ], [ -58.644489087751317, -34.695133453148742 ], [ -58.645558336683017, -34.694955611366929 ] ] ] ] } },
{ "type": "Feature", "properties": { "Id": 1, "etiqueta": null }, "geometry": { "type": "MultiPolygon", "coordinates": [ [ [ [ -58.644489087751317, -34.695133453148742 ], [ -58.644273728835586, -34.694250119424545 ], [ -58.643204477017413, -34.694427961384726 ], [ -58.643419836558472, -34.695311295061465 ], [ -58.644489087751317, -34.695133453148742 ] ] ] ] } },
{ "type": "Feature", "properties": { "Id": 1, "etiqueta": null }, "geometry": { "type": "MultiPolygon", "coordinates": [ [ [ [ -58.643419836558472, -34.695311295061465 ], [ -58.643204477017413, -34.694427961384726 ], [ -58.642135222938165, -34.694605803475653 ], [ -58.642350583104445, -34.69548913710485 ], [ -58.643419836558472, -34.695311295061465 ] ] ] ] } },
{ "type": "Feature", "properties": { "Id": 1, "etiqueta": null }, "geometry": { "type": "MultiPolygon", "coordinates": [ [ [ [ -58.642350583104445, -34.69548913710485 ], [ -58.642135222938165, -34.694605803475653 ], [ -58.641065966597807, -34.694783645697122 ], [ -58.64128132738923, -34.695666979278911 ], [ -58.642350583104445, -34.69548913710485 ] ] ] ] } },
{ "type": "Feature", "properties": { "Id": 0, "etiqueta": null }, "geometry": { "type": "MultiPolygon", "coordinates": [ [ [ [ -58.64128132738923, -34.695666979278911 ], [ -58.641065966597807, -34.694783645697122 ], [ -58.639996707996239, -34.694961488049131 ], [ -58.640212069412691, -34.695844821583513 ], [ -58.64128132738923, -34.695666979278911 ] ] ] ] } },
{ "type": "Feature", "properties": { "Id": 0, "etiqueta": null }, "geometry": { "type": "MultiPolygon", "coordinates": [ [ [ [ -58.640212069412691, -34.695844821583513 ], [ -58.639996707996239, -34.694961488049131 ], [ -58.63892744713344, -34.695139330531518 ], [ -58.639142809174785, -34.69602266401855 ], [ -58.640212069412691, -34.695844821583513 ] ] ] ] } },
{ "type": "Feature", "properties": { "Id": 0, "etiqueta": null }, "geometry": { "type": "MultiPolygon", "coordinates": [ [ [ [ -58.639142809174785, -34.69602266401855 ], [ -58.63892744713344, -34.695139330531518 ], [ -58.637858184009396, -34.695317173144254 ], [ -58.638073546675436, -34.696200506583935 ], [ -58.639142809174785, -34.69602266401855 ] ] ] ] } },
{ "type": "Feature", "properties": { "Id": 0, "etiqueta": null }, "geometry": { "type": "MultiPolygon", "coordinates": [ [ [ [ -58.638073546675436, -34.696200506583935 ], [ -58.637858184009396, -34.695317173144254 ], [ -58.636788918623935, -34.695495015887175 ], [ -58.637004281914663, -34.696378349279513 ], [ -58.638073546675436, -34.696200506583935 ] ] ] ] } },
{ "type": "Feature", "properties": { "Id": 0, "etiqueta": null }, "geometry": { "type": "MultiPolygon", "coordinates": [ [ [ [ -58.637004281914663, -34.696378349279513 ], [ -58.636788918623935, -34.695495015887175 ], [ -58.635719650977116, -34.69567285876024 ], [ -58.635935014892361, -34.696556192105284 ], [ -58.637004281914663, -34.696378349279513 ] ] ] ] } },
{ "type": "Feature", "properties": { "Id": 0, "etiqueta": null }, "geometry": { "type": "MultiPolygon", "coordinates": [ [ [ [ -58.635935014892361, -34.696556192105284 ], [ -58.635719650977116, -34.69567285876024 ], [ -58.634650381068788, -34.695850701763234 ], [ -58.634865745608444, -34.696734035061056 ], [ -58.635935014892361, -34.696556192105284 ] ] ] ] } },
{ "type": "Feature", "properties": { "Id": 0, "etiqueta": null }, "geometry": { "type": "MultiPolygon", "coordinates": [ [ [ [ -58.634865745608444, -34.696734035061056 ], [ -58.634650381068788, -34.695850701763234 ], [ -58.633581108898966, -34.696028544896116 ], [ -58.633796474062912, -34.696911878146757 ], [ -58.634865745608444, -34.696734035061056 ] ] ] ] } },
{ "type": "Feature", "properties": { "Id": 0, "etiqueta": "3" }, "geometry": { "type": "MultiPolygon", "coordinates": [ [ [ [ -58.657104574312747, -34.692116026135018 ], [ -58.656889227537569, -34.691232691512226 ], [ -58.655820002220715, -34.691410531943838 ], [ -58.656035349622627, -34.69229386651871 ], [ -58.657104574312747, -34.692116026135018 ] ] ] ] } },
{ "type": "Feature", "properties": { "Id": 0, "etiqueta": null }, "geometry": { "type": "MultiPolygon", "coordinates": [ [ [ [ -58.656035349622627, -34.69229386651871 ], [ -58.655820002220715, -34.691410531943831 ], [ -58.654750774643666, -34.691588372507354 ], [ -58.654966122672192, -34.692471707034386 ], [ -58.656035349622627, -34.69229386651871 ] ] ] ] } },
{ "type": "Feature", "properties": { "Id": 0, "etiqueta": null }, "geometry": { "type": "MultiPolygon", "coordinates": [ [ [ [ -58.654966122672192, -34.692471707034386 ], [ -58.654750774643666, -34.691588372507354 ], [ -58.653681544806361, -34.691766213202605 ], [ -58.653896893461372, -34.692649547681853 ], [ -58.654966122672192, -34.692471707034386 ] ] ] ] } },
{ "type": "Feature", "properties": { "Id": 0, "etiqueta": null }, "geometry": { "type": "MultiPolygon", "coordinates": [ [ [ [ -58.653896893461372, -34.692649547681853 ], [ -58.653681544806361, -34.691766213202605 ], [ -58.652612312708698, -34.691944054029655 ], [ -58.652827661990038, -34.692827388461005 ], [ -58.653896893461372, -34.692649547681853 ] ] ] ] } },
{ "type": "Feature", "properties": { "Id": 0, "etiqueta": null }, "geometry": { "type": "MultiPolygon", "coordinates": [ [ [ [ -58.652827661990038, -34.692827388461005 ], [ -58.652612312708698, -34.691944054029655 ], [ -58.651543078350649, -34.692121894988226 ], [ -58.651758428258169, -34.693005229371842 ], [ -58.652827661990038, -34.692827388461005 ] ] ] ] } },
{ "type": "Feature", "properties": { "Id": 0, "etiqueta": null }, "geometry": { "type": "MultiPolygon", "coordinates": [ [ [ [ -58.651758428258169, -34.693005229371842 ], [ -58.651543078350649, -34.692121894988226 ], [ -58.650473841732108, -34.692299736078354 ], [ -58.650689192265766, -34.693183070414165 ], [ -58.651758428258169, -34.693005229371842 ] ] ] ] } },
{ "type": "Feature", "properties": { "Id": 0, "etiqueta": null }, "geometry": { "type": "MultiPolygon", "coordinates": [ [ [ [ -58.650689192265766, -34.693183070414165 ], [ -58.650473841732108, -34.692299736078354 ], [ -58.649404602853018, -34.692477577299812 ], [ -58.649619954012664, -34.693360911587945 ], [ -58.650689192265766, -34.693183070414165 ] ] ] ] } },
{ "type": "Feature", "properties": { "Id": 0, "etiqueta": null }, "geometry": { "type": "MultiPolygon", "coordinates": [ [ [ [ -58.649619954012664, -34.693360911587945 ], [ -58.649404602853018, -34.692477577299812 ], [ -58.648335361713372, -34.692655418652599 ], [ -58.648550713498928, -34.693538752893033 ], [ -58.649619954012664, -34.693360911587945 ] ] ] ] } },
{ "type": "Feature", "properties": { "Id": 1, "etiqueta": null }, "geometry": { "type": "MultiPolygon", "coordinates": [ [ [ [ -58.648550713498928, -34.693538752893033 ], [ -58.648335361713372, -34.692655418652599 ], [ -58.647266118313077, -34.692833260136574 ], [ -58.647481470724387, -34.693716594329345 ], [ -58.648550713498928, -34.693538752893033 ] ] ] ] } },
{ "type": "Feature", "properties": { "Id": 1, "etiqueta": null }, "geometry": { "type": "MultiPolygon", "coordinates": [ [ [ [ -58.647481470724387, -34.693716594329345 ], [ -58.647266118313077, -34.692833260136574 ], [ -58.646196872652055, -34.693011101751623 ], [ -58.646412225689005, -34.693894435896745 ], [ -58.647481470724387, -34.693716594329345 ] ] ] ] } },
{ "type": "Feature", "properties": { "Id": 1, "etiqueta": null }, "geometry": { "type": "MultiPolygon", "coordinates": [ [ [ [ -58.646412225689005, -34.693894435896745 ], [ -58.646196872652055, -34.693011101751623 ], [ -58.645127624730286, -34.693188943497653 ], [ -58.645342978392733, -34.694072277595176 ], [ -58.646412225689005, -34.693894435896745 ] ] ] ] } },
{ "type": "Feature", "properties": { "Id": 1, "etiqueta": null }, "geometry": { "type": "MultiPolygon", "coordinates": [ [ [ [ -58.645342978392733, -34.694072277595176 ], [ -58.645127624730286, -34.693188943497653 ], [ -58.644058374547733, -34.693366785374593 ], [ -58.644273728835586, -34.694250119424545 ], [ -58.645342978392733, -34.694072277595176 ] ] ] ] } },
{ "type": "Feature", "properties": { "Id": 1, "etiqueta": null }, "geometry": { "type": "MultiPolygon", "coordinates": [ [ [ [ -58.644273728835586, -34.694250119424545 ], [ -58.644058374547733, -34.693366785374593 ], [ -58.642989122104247, -34.693544627382288 ], [ -58.643204477017413, -34.694427961384726 ], [ -58.644273728835586, -34.694250119424545 ] ] ] ] } },
{ "type": "Feature", "properties": { "Id": 1, "etiqueta": null }, "geometry": { "type": "MultiPolygon", "coordinates": [ [ [ [ -58.643204477017413, -34.694427961384726 ], [ -58.642989122104247, -34.693544627382288 ], [ -58.641919867399814, -34.693722469520679 ], [ -58.642135222938165, -34.694605803475653 ], [ -58.643204477017413, -34.694427961384726 ] ] ] ] } },
{ "type": "Feature", "properties": { "Id": 1, "etiqueta": null }, "geometry": { "type": "MultiPolygon", "coordinates": [ [ [ [ -58.642135222938165, -34.694605803475653 ], [ -58.641919867399814, -34.693722469520679 ], [ -58.640850610434384, -34.693900311789655 ], [ -58.641065966597807, -34.694783645697122 ], [ -58.642135222938165, -34.694605803475653 ] ] ] ] } },
{ "type": "Feature", "properties": { "Id": 0, "etiqueta": null }, "geometry": { "type": "MultiPolygon", "coordinates": [ [ [ [ -58.641065966597807, -34.694783645697122 ], [ -58.640850610434384, -34.693900311789655 ], [ -58.639781351207915, -34.694078154189107 ], [ -58.639996707996239, -34.694961488049131 ], [ -58.641065966597807, -34.694783645697122 ] ] ] ] } },
{ "type": "Feature", "properties": { "Id": 0, "etiqueta": null }, "geometry": { "type": "MultiPolygon", "coordinates": [ [ [ [ -58.639996707996239, -34.694961488049131 ], [ -58.639781351207915, -34.694078154189107 ], [ -58.638712089720308, -34.694255996718915 ], [ -58.63892744713344, -34.695139330531518 ], [ -58.639996707996239, -34.694961488049131 ] ] ] ] } },
{ "type": "Feature", "properties": { "Id": 0, "etiqueta": null }, "geometry": { "type": "MultiPolygon", "coordinates": [ [ [ [ -58.63892744713344, -34.695139330531518 ], [ -58.638712089720308, -34.694255996718915 ], [ -58.637642825971518, -34.694433839379009 ], [ -58.637858184009396, -34.695317173144254 ], [ -58.63892744713344, -34.695139330531518 ] ] ] ] } },
{ "type": "Feature", "properties": { "Id": 0, "etiqueta": null }, "geometry": { "type": "MultiPolygon", "coordinates": [ [ [ [ -58.637858184009396, -34.695317173144254 ], [ -58.637642825971518, -34.694433839379009 ], [ -58.636573559961484, -34.694611682169295 ], [ -58.636788918623935, -34.695495015887175 ], [ -58.637858184009396, -34.695317173144254 ] ] ] ] } },
{ "type": "Feature", "properties": { "Id": 0, "etiqueta": null }, "geometry": { "type": "MultiPolygon", "coordinates": [ [ [ [ -58.636788918623935, -34.695495015887175 ], [ -58.636573559961484, -34.694611682169295 ], [ -58.635504291690197, -34.694789525089604 ], [ -58.635719650977116, -34.69567285876024 ], [ -58.636788918623935, -34.695495015887175 ] ] ] ] } },
{ "type": "Feature", "properties": { "Id": 0, "etiqueta": null }, "geometry": { "type": "MultiPolygon", "coordinates": [ [ [ [ -58.635719650977116, -34.69567285876024 ], [ -58.635504291690197, -34.694789525089604 ], [ -58.634435021157543, -34.694967368139942 ], [ -58.634650381068788, -34.695850701763234 ], [ -58.635719650977116, -34.69567285876024 ] ] ] ] } },
{ "type": "Feature", "properties": { "Id": 0, "etiqueta": null }, "geometry": { "type": "MultiPolygon", "coordinates": [ [ [ [ -58.634650381068788, -34.695850701763234 ], [ -58.634435021157543, -34.694967368139942 ], [ -58.633365748363474, -34.695145211320089 ], [ -58.633581108898966, -34.696028544896116 ], [ -58.634650381068788, -34.695850701763234 ] ] ] ] } },
{ "type": "Feature", "properties": { "Id": 0, "etiqueta": "4" }, "geometry": { "type": "MultiPolygon", "coordinates": [ [ [ [ -58.656889227537569, -34.691232691512226 ], [ -58.656673885389097, -34.690349356563232 ], [ -58.655604659445622, -34.690527197042748 ], [ -58.655820002220715, -34.691410531943838 ], [ -58.656889227537569, -34.691232691512226 ] ] ] ] } },
{ "type": "Feature", "properties": { "Id": 0, "etiqueta": null }, "geometry": { "type": "MultiPolygon", "coordinates": [ [ [ [ -58.655820002220715, -34.691410531943831 ], [ -58.655604659445622, -34.690527197042748 ], [ -58.654535431242053, -34.690705037654183 ], [ -58.654750774643666, -34.691588372507354 ], [ -58.655820002220715, -34.691410531943831 ] ] ] ] } },
{ "type": "Feature", "properties": { "Id": 0, "etiqueta": null }, "geometry": { "type": "MultiPolygon", "coordinates": [ [ [ [ -58.654750774643666, -34.691588372507354 ], [ -58.654535431242053, -34.690705037654183 ], [ -58.653466200778347, -34.690882878397375 ], [ -58.653681544806361, -34.691766213202605 ], [ -58.654750774643666, -34.691588372507354 ] ] ] ] } },
{ "type": "Feature", "properties": { "Id": 0, "etiqueta": null }, "geometry": { "type": "MultiPolygon", "coordinates": [ [ [ [ -58.653681544806361, -34.691766213202605 ], [ -58.653466200778347, -34.690882878397375 ], [ -58.652396968054397, -34.691060719272215 ], [ -58.652612312708698, -34.691944054029655 ], [ -58.653681544806361, -34.691766213202605 ] ] ] ] } },
{ "type": "Feature", "properties": { "Id": 0, "etiqueta": null }, "geometry": { "type": "MultiPolygon", "coordinates": [ [ [ [ -58.652612312708698, -34.691944054029655 ], [ -58.652396968054397, -34.691060719272215 ], [ -58.65132773307014, -34.691238560278613 ], [ -58.651543078350649, -34.692121894988226 ], [ -58.652612312708698, -34.691944054029655 ] ] ] ] } },
{ "type": "Feature", "properties": { "Id": 0, "etiqueta": null }, "geometry": { "type": "MultiPolygon", "coordinates": [ [ [ [ -58.651543078350649, -34.692121894988226 ], [ -58.65132773307014, -34.691238560278613 ], [ -58.650258495825582, -34.691416401416525 ], [ -58.650473841732108, -34.692299736078354 ], [ -58.651543078350649, -34.692121894988226 ] ] ] ] } },
{ "type": "Feature", "properties": { "Id": 0, "etiqueta": null }, "geometry": { "type": "MultiPolygon", "coordinates": [ [ [ [ -58.650473841732108, -34.692299736078354 ], [ -58.650258495825582, -34.691416401416525 ], [ -58.649189256320582, -34.691594242685767 ], [ -58.649404602853018, -34.692477577299812 ], [ -58.650473841732108, -34.692299736078354 ] ] ] ] } },
{ "type": "Feature", "properties": { "Id": 0, "etiqueta": null }, "geometry": { "type": "MultiPolygon", "coordinates": [ [ [ [ -58.649404602853018, -34.692477577299812 ], [ -58.649189256320582, -34.691594242685767 ], [ -58.648120014555104, -34.691772084086281 ], [ -58.648335361713372, -34.692655418652599 ], [ -58.649404602853018, -34.692477577299812 ] ] ] ] } },
{ "type": "Feature", "properties": { "Id": 0, "etiqueta": null }, "geometry": { "type": "MultiPolygon", "coordinates": [ [ [ [ -58.648335361713372, -34.692655418652599 ], [ -58.648120014555104, -34.691772084086281 ], [ -58.64705077052912, -34.691949925617912 ], [ -58.647266118313077, -34.692833260136574 ], [ -58.648335361713372, -34.692655418652599 ] ] ] ] } },
{ "type": "Feature", "properties": { "Id": 1, "etiqueta": null }, "geometry": { "type": "MultiPolygon", "coordinates": [ [ [ [ -58.647266118313077, -34.692833260136574 ], [ -58.64705077052912, -34.691949925617912 ], [ -58.645981524242536, -34.692127767280624 ], [ -58.646196872652055, -34.693011101751623 ], [ -58.647266118313077, -34.692833260136574 ] ] ] ] } },
{ "type": "Feature", "properties": { "Id": 1, "etiqueta": null }, "geometry": { "type": "MultiPolygon", "coordinates": [ [ [ [ -58.646196872652055, -34.693011101751623 ], [ -58.645981524242536, -34.692127767280624 ], [ -58.644912275695283, -34.692305609074296 ], [ -58.645127624730286, -34.693188943497653 ], [ -58.646196872652055, -34.693011101751623 ] ] ] ] } },
{ "type": "Feature", "properties": { "Id": 1, "etiqueta": null }, "geometry": { "type": "MultiPolygon", "coordinates": [ [ [ [ -58.645127624730286, -34.693188943497653 ], [ -58.644912275695283, -34.692305609074296 ], [ -58.643843024887353, -34.692483450998843 ], [ -58.644058374547733, -34.693366785374593 ], [ -58.645127624730286, -34.693188943497653 ] ] ] ] } },
{ "type": "Feature", "properties": { "Id": 1, "etiqueta": null }, "geometry": { "type": "MultiPolygon", "coordinates": [ [ [ [ -58.644058374547733, -34.693366785374593 ], [ -58.643843024887353, -34.692483450998843 ], [ -58.642773771818668, -34.692661293054087 ], [ -58.642989122104247, -34.693544627382288 ], [ -58.644058374547733, -34.693366785374593 ] ] ] ] } },
{ "type": "Feature", "properties": { "Id": 1, "etiqueta": null }, "geometry": { "type": "MultiPolygon", "coordinates": [ [ [ [ -58.642989122104247, -34.693544627382288 ], [ -58.642773771818668, -34.692661293054087 ], [ -58.641704516489177, -34.69283913524005 ], [ -58.641919867399814, -34.693722469520679 ], [ -58.642989122104247, -34.693544627382288 ] ] ] ] } },
{ "type": "Feature", "properties": { "Id": 1, "etiqueta": null }, "geometry": { "type": "MultiPolygon", "coordinates": [ [ [ [ -58.641919867399814, -34.693722469520679 ], [ -58.641704516489177, -34.69283913524005 ], [ -58.640635258898733, -34.693016977556518 ], [ -58.640850610434384, -34.693900311789655 ], [ -58.641919867399814, -34.693722469520679 ] ] ] ] } },
{ "type": "Feature", "properties": { "Id": 0, "etiqueta": null }, "geometry": { "type": "MultiPolygon", "coordinates": [ [ [ [ -58.640850610434384, -34.693900311789655 ], [ -58.640635258898733, -34.693016977556518 ], [ -58.639565999047377, -34.693194820003427 ], [ -58.639781351207915, -34.694078154189107 ], [ -58.640850610434384, -34.693900311789655 ] ] ] ] } },
{ "type": "Feature", "properties": { "Id": 0, "etiqueta": null }, "geometry": { "type": "MultiPolygon", "coordinates": [ [ [ [ -58.639781351207915, -34.694078154189107 ], [ -58.639565999047377, -34.693194820003427 ], [ -58.638496736935053, -34.693372662580714 ], [ -58.638712089720308, -34.694255996718915 ], [ -58.639781351207915, -34.694078154189107 ] ] ] ] } },
{ "type": "Feature", "properties": { "Id": 0, "etiqueta": null }, "geometry": { "type": "MultiPolygon", "coordinates": [ [ [ [ -58.638712089720308, -34.694255996718915 ], [ -58.638496736935053, -34.693372662580714 ], [ -58.63742747256164, -34.693550505288201 ], [ -58.637642825971518, -34.694433839379009 ], [ -58.638712089720308, -34.694255996718915 ] ] ] ] } },
{ "type": "Feature", "properties": { "Id": 0, "etiqueta": null }, "geometry": { "type": "MultiPolygon", "coordinates": [ [ [ [ -58.637642825971518, -34.694433839379009 ], [ -58.63742747256164, -34.693550505288201 ], [ -58.636358205927181, -34.693728348125838 ], [ -58.636573559961484, -34.694611682169295 ], [ -58.637642825971518, -34.694433839379009 ] ] ] ] } },
{ "type": "Feature", "properties": { "Id": 0, "etiqueta": null }, "geometry": { "type": "MultiPolygon", "coordinates": [ [ [ [ -58.636573559961484, -34.694611682169295 ], [ -58.636358205927181, -34.693728348125838 ], [ -58.635288937031376, -34.693906191093546 ], [ -58.635504291690197, -34.694789525089604 ], [ -58.636573559961484, -34.694611682169295 ] ] ] ] } },
{ "type": "Feature", "properties": { "Id": 0, "etiqueta": null }, "geometry": { "type": "MultiPolygon", "coordinates": [ [ [ [ -58.635504291690197, -34.694789525089604 ], [ -58.635288937031376, -34.693906191093546 ], [ -58.634219665874461, -34.694084034191192 ], [ -58.634435021157543, -34.694967368139942 ], [ -58.635504291690197, -34.694789525089604 ] ] ] ] } },
{ "type": "Feature", "properties": { "Id": 1, "etiqueta": null }, "geometry": { "type": "MultiPolygon", "coordinates": [ [ [ [ -58.634435219374339, -34.694967028532432 ], [ -58.634217429007485, -34.694084127007287 ], [ -58.633147508910753, -34.694259548638492 ], [ -58.633365299885483, -34.695142450116755 ], [ -58.634435219374339, -34.694967028532432 ] ] ] ] } },
{ "type": "Feature", "properties": { "Id": 0, "etiqueta": "5" }, "geometry": { "type": "MultiPolygon", "coordinates": [ [ [ [ -58.656673885389097, -34.690349356563232 ], [ -58.656458547867047, -34.689466021288062 ], [ -58.655389321297079, -34.689643861815561 ], [ -58.655604659445622, -34.690527197042748 ], [ -58.656673885389097, -34.690349356563232 ] ] ] ] } },
{ "type": "Feature", "properties": { "Id": 0, "etiqueta": null }, "geometry": { "type": "MultiPolygon", "coordinates": [ [ [ [ -58.655604659445622, -34.690527197042748 ], [ -58.655389321297079, -34.689643861815561 ], [ -58.654320092467096, -34.689821702474958 ], [ -58.654535431242053, -34.690705037654183 ], [ -58.655604659445622, -34.690527197042748 ] ] ] ] } },
{ "type": "Feature", "properties": { "Id": 0, "etiqueta": null }, "geometry": { "type": "MultiPolygon", "coordinates": [ [ [ [ -58.654535431242053, -34.690705037654183 ], [ -58.654320092467096, -34.689821702474958 ], [ -58.653250861377032, -34.689999543266026 ], [ -58.653466200778347, -34.690882878397375 ], [ -58.654535431242053, -34.690705037654183 ] ] ] ] } },
{ "type": "Feature", "properties": { "Id": 0, "etiqueta": null }, "geometry": { "type": "MultiPolygon", "coordinates": [ [ [ [ -58.653466200778347, -34.690882878397375 ], [ -58.653250861377032, -34.689999543266026 ], [ -58.652181628026845, -34.690177384188765 ], [ -58.652396968054397, -34.691060719272215 ], [ -58.653466200778347, -34.690882878397375 ] ] ] ] } },
{ "type": "Feature", "properties": { "Id": 0, "etiqueta": null }, "geometry": { "type": "MultiPolygon", "coordinates": [ [ [ [ -58.652396968054397, -34.691060719272215 ], [ -58.652181628026845, -34.690177384188765 ], [ -58.651112392416493, -34.690355225243046 ], [ -58.65132773307014, -34.691238560278613 ], [ -58.652396968054397, -34.691060719272215 ] ] ] ] } },
{ "type": "Feature", "properties": { "Id": 0, "etiqueta": null }, "geometry": { "type": "MultiPolygon", "coordinates": [ [ [ [ -58.65132773307014, -34.691238560278613 ], [ -58.651112392416493, -34.690355225243046 ], [ -58.650043154545955, -34.690533066428749 ], [ -58.650258495825582, -34.691416401416525 ], [ -58.65132773307014, -34.691238560278613 ] ] ] ] } },
{ "type": "Feature", "properties": { "Id": 0, "etiqueta": null }, "geometry": { "type": "MultiPolygon", "coordinates": [ [ [ [ -58.650258495825582, -34.691416401416525 ], [ -58.650043154545955, -34.690533066428749 ], [ -58.648973914415016, -34.690710907745782 ], [ -58.649189256320582, -34.691594242685767 ], [ -58.650258495825582, -34.691416401416525 ] ] ] ] } },
{ "type": "Feature", "properties": { "Id": 0, "etiqueta": null }, "geometry": { "type": "MultiPolygon", "coordinates": [ [ [ [ -58.649189256320582, -34.691594242685767 ], [ -58.648973914415016, -34.690710907745782 ], [ -58.647904672023834, -34.690888749194059 ], [ -58.648120014555104, -34.691772084086281 ], [ -58.649189256320582, -34.691594242685767 ] ] ] ] } },
{ "type": "Feature", "properties": { "Id": 0, "etiqueta": null }, "geometry": { "type": "MultiPolygon", "coordinates": [ [ [ [ -58.648120014555104, -34.691772084086281 ], [ -58.647904672023834, -34.690888749194059 ], [ -58.646835427372217, -34.69106659077341 ], [ -58.64705077052912, -34.691949925617912 ], [ -58.648120014555104, -34.691772084086281 ] ] ] ] } },
{ "type": "Feature", "properties": { "Id": 1, "etiqueta": null }, "geometry": { "type": "MultiPolygon", "coordinates": [ [ [ [ -58.64705077052912, -34.691949925617912 ], [ -58.646835427372217, -34.69106659077341 ], [ -58.645766180460136, -34.691244432483842 ], [ -58.645981524242536, -34.692127767280624 ], [ -58.64705077052912, -34.691949925617912 ] ] ] ] } },
{ "type": "Feature", "properties": { "Id": 1, "etiqueta": null }, "geometry": { "type": "MultiPolygon", "coordinates": [ [ [ [ -58.645981524242536, -34.692127767280624 ], [ -58.645766180460136, -34.691244432483842 ], [ -58.644696931287484, -34.691422274325184 ], [ -58.644912275695283, -34.692305609074296 ], [ -58.645981524242536, -34.692127767280624 ] ] ] ] } },
{ "type": "Feature", "properties": { "Id": 1, "etiqueta": null }, "geometry": { "type": "MultiPolygon", "coordinates": [ [ [ [ -58.644912275695283, -34.692305609074296 ], [ -58.644696931287484, -34.691422274325184 ], [ -58.643627679854291, -34.691600116297337 ], [ -58.643843024887353, -34.692483450998843 ], [ -58.644912275695283, -34.692305609074296 ] ] ] ] } },
{ "type": "Feature", "properties": { "Id": 1, "etiqueta": null }, "geometry": { "type": "MultiPolygon", "coordinates": [ [ [ [ -58.643843024887353, -34.692483450998843 ], [ -58.643627679854291, -34.691600116297337 ], [ -58.642558426160448, -34.691777958400245 ], [ -58.642773771818668, -34.692661293054087 ], [ -58.643843024887353, -34.692483450998843 ] ] ] ] } },
{ "type": "Feature", "properties": { "Id": 1, "etiqueta": null }, "geometry": { "type": "MultiPolygon", "coordinates": [ [ [ [ -58.642773771818668, -34.692661293054087 ], [ -58.642558426160448, -34.691777958400245 ], [ -58.641489170205858, -34.691955800633728 ], [ -58.641704516489177, -34.69283913524005 ], [ -58.642773771818668, -34.692661293054087 ] ] ] ] } },
{ "type": "Feature", "properties": { "Id": 1, "etiqueta": null }, "geometry": { "type": "MultiPolygon", "coordinates": [ [ [ [ -58.641704516489177, -34.69283913524005 ], [ -58.641489170205858, -34.691955800633728 ], [ -58.640419911990513, -34.69213364299776 ], [ -58.640635258898733, -34.693016977556518 ], [ -58.641704516489177, -34.69283913524005 ] ] ] ] } },
{ "type": "Feature", "properties": { "Id": 0, "etiqueta": null }, "geometry": { "type": "MultiPolygon", "coordinates": [ [ [ [ -58.640635258898733, -34.693016977556518 ], [ -58.640419911990513, -34.69213364299776 ], [ -58.639350651514391, -34.692311485492205 ], [ -58.639565999047377, -34.693194820003427 ], [ -58.640635258898733, -34.693016977556518 ] ] ] ] } },
{ "type": "Feature", "properties": { "Id": 0, "etiqueta": null }, "geometry": { "type": "MultiPolygon", "coordinates": [ [ [ [ -58.639565999047377, -34.693194820003427 ], [ -58.639350651514391, -34.692311485492205 ], [ -58.638281388777379, -34.692489328116928 ], [ -58.638496736935053, -34.693372662580714 ], [ -58.639565999047377, -34.693194820003427 ] ] ] ] } },
{ "type": "Feature", "properties": { "Id": 0, "etiqueta": null }, "geometry": { "type": "MultiPolygon", "coordinates": [ [ [ [ -58.638496736935053, -34.693372662580714 ], [ -58.638281388777379, -34.692489328116928 ], [ -58.637212123779385, -34.692667170871893 ], [ -58.63742747256164, -34.693550505288201 ], [ -58.638496736935053, -34.693372662580714 ] ] ] ] } },
{ "type": "Feature", "properties": { "Id": 0, "etiqueta": null }, "geometry": { "type": "MultiPolygon", "coordinates": [ [ [ [ -58.63742747256164, -34.693550505288201 ], [ -58.637212123779385, -34.692667170871893 ], [ -58.636142856520401, -34.692845013756987 ], [ -58.636358205927181, -34.693728348125838 ], [ -58.63742747256164, -34.693550505288201 ] ] ] ] } },
{ "type": "Feature", "properties": { "Id": 0, "etiqueta": null }, "geometry": { "type": "MultiPolygon", "coordinates": [ [ [ [ -58.636358205927181, -34.693728348125838 ], [ -58.636142856520401, -34.692845013756987 ], [ -58.635073587000356, -34.693022856772039 ], [ -58.635288937031376, -34.693906191093546 ], [ -58.636358205927181, -34.693728348125838 ] ] ] ] } },
{ "type": "Feature", "properties": { "Id": 0, "etiqueta": null }, "geometry": { "type": "MultiPolygon", "coordinates": [ [ [ [ -58.635288937031376, -34.693906191093546 ], [ -58.635073587000356, -34.693022856772039 ], [ -58.634004315219251, -34.693200699917043 ], [ -58.634219665874461, -34.694084034191192 ], [ -58.635288937031376, -34.693906191093546 ] ] ] ] } },
{ "type": "Feature", "properties": { "Id": 0, "etiqueta": null }, "geometry": { "type": "MultiPolygon", "coordinates": [ [ [ [ -58.634219665874461, -34.694084034191192 ], [ -58.634004315219251, -34.693200699917043 ], [ -58.632935041176879, -34.693378543191841 ], [ -58.633150392456216, -34.694261877418661 ], [ -58.634219665874461, -34.694084034191192 ] ] ] ] } },
{ "type": "Feature", "properties": { "Id": 0, "etiqueta": "6" }, "geometry": { "type": "MultiPolygon", "coordinates": [ [ [ [ -58.656458547867047, -34.689466021288062 ], [ -58.656243214971241, -34.688582685686754 ], [ -58.655173987774724, -34.688760526262286 ], [ -58.655389321297079, -34.689643861815561 ], [ -58.656458547867047, -34.689466021288062 ] ] ] ] } },
{ "type": "Feature", "properties": { "Id": 0, "etiqueta": null }, "geometry": { "type": "MultiPolygon", "coordinates": [ [ [ [ -58.655389321297079, -34.689643861815561 ], [ -58.655173987774724, -34.688760526262286 ], [ -58.654104758318297, -34.688938366969637 ], [ -58.654320092467096, -34.689821702474958 ], [ -58.655389321297079, -34.689643861815561 ] ] ] ] } },
{ "type": "Feature", "properties": { "Id": 0, "etiqueta": null }, "geometry": { "type": "MultiPolygon", "coordinates": [ [ [ [ -58.654320092467096, -34.689821702474958 ], [ -58.654104758318297, -34.688938366969637 ], [ -58.653035526602025, -34.689116207808674 ], [ -58.653250861377032, -34.689999543266026 ], [ -58.654320092467096, -34.689821702474958 ] ] ] ] } },
{ "type": "Feature", "properties": { "Id": 0, "etiqueta": null }, "geometry": { "type": "MultiPolygon", "coordinates": [ [ [ [ -58.653250861377032, -34.689999543266026 ], [ -58.653035526602025, -34.689116207808674 ], [ -58.651966292625701, -34.689294048779374 ], [ -58.652181628026845, -34.690177384188765 ], [ -58.653250861377032, -34.689999543266026 ] ] ] ] } },
{ "type": "Feature", "properties": { "Id": 0, "etiqueta": null }, "geometry": { "type": "MultiPolygon", "coordinates": [ [ [ [ -58.652181628026845, -34.690177384188765 ], [ -58.651966292625701, -34.689294048779374 ], [ -58.650897056389297, -34.689471889881538 ], [ -58.651112392416493, -34.690355225243046 ], [ -58.652181628026845, -34.690177384188765 ] ] ] ] } },
{ "type": "Feature", "properties": { "Id": 0, "etiqueta": null }, "geometry": { "type": "MultiPolygon", "coordinates": [ [ [ [ -58.651112392416493, -34.690355225243046 ], [ -58.650897056389297, -34.689471889881538 ], [ -58.649827817892849, -34.689649731115104 ], [ -58.650043154545955, -34.690533066428749 ], [ -58.651112392416493, -34.690355225243046 ] ] ] ] } },
{ "type": "Feature", "properties": { "Id": 0, "etiqueta": null }, "geometry": { "type": "MultiPolygon", "coordinates": [ [ [ [ -58.650043154545955, -34.690533066428749 ], [ -58.649827817892849, -34.689649731115104 ], [ -58.648758577136192, -34.689827572479956 ], [ -58.648973914415016, -34.690710907745782 ], [ -58.650043154545955, -34.690533066428749 ] ] ] ] } },
{ "type": "Feature", "properties": { "Id": 0, "etiqueta": null }, "geometry": { "type": "MultiPolygon", "coordinates": [ [ [ [ -58.648973914415016, -34.690710907745782 ], [ -58.648758577136192, -34.689827572479956 ], [ -58.647689334119306, -34.690005413976024 ], [ -58.647904672023834, -34.690888749194059 ], [ -58.648973914415016, -34.690710907745782 ] ] ] ] } },
{ "type": "Feature", "properties": { "Id": 0, "etiqueta": null }, "geometry": { "type": "MultiPolygon", "coordinates": [ [ [ [ -58.647904672023834, -34.690888749194059 ], [ -58.647689334119306, -34.690005413976024 ], [ -58.64662008884207, -34.690183255603159 ], [ -58.646835427372217, -34.69106659077341 ], [ -58.647904672023834, -34.690888749194059 ] ] ] ] } },
{ "type": "Feature", "properties": { "Id": 1, "etiqueta": null }, "geometry": { "type": "MultiPolygon", "coordinates": [ [ [ [ -58.646835427372217, -34.69106659077341 ], [ -58.64662008884207, -34.690183255603159 ], [ -58.645550841304527, -34.69036109736129 ], [ -58.645766180460136, -34.691244432483842 ], [ -58.646835427372217, -34.69106659077341 ] ] ] ] } },
{ "type": "Feature", "properties": { "Id": 1, "etiqueta": null }, "geometry": { "type": "MultiPolygon", "coordinates": [ [ [ [ -58.645766180460136, -34.691244432483842 ], [ -58.645550841304527, -34.69036109736129 ], [ -58.644481591506555, -34.690538939250374 ], [ -58.644696931287484, -34.691422274325184 ], [ -58.645766180460136, -34.691244432483842 ] ] ] ] } },
{ "type": "Feature", "properties": { "Id": 1, "etiqueta": null }, "geometry": { "type": "MultiPolygon", "coordinates": [ [ [ [ -58.644696931287484, -34.691422274325184 ], [ -58.644481591506555, -34.690538939250374 ], [ -58.643412339448183, -34.690716781270218 ], [ -58.643627679854291, -34.691600116297337 ], [ -58.644696931287484, -34.691422274325184 ] ] ] ] } },
{ "type": "Feature", "properties": { "Id": 1, "etiqueta": null }, "geometry": { "type": "MultiPolygon", "coordinates": [ [ [ [ -58.643627679854291, -34.691600116297337 ], [ -58.643412339448183, -34.690716781270218 ], [ -58.642343085129241, -34.690894623420711 ], [ -58.642558426160448, -34.691777958400245 ], [ -58.643627679854291, -34.691600116297337 ] ] ] ] } },
{ "type": "Feature", "properties": { "Id": 1, "etiqueta": null }, "geometry": { "type": "MultiPolygon", "coordinates": [ [ [ [ -58.642558426160448, -34.691777958400245 ], [ -58.642343085129241, -34.690894623420711 ], [ -58.641273828549721, -34.691072465701858 ], [ -58.641489170205858, -34.691955800633728 ], [ -58.642558426160448, -34.691777958400245 ] ] ] ] } },
{ "type": "Feature", "properties": { "Id": 1, "etiqueta": null }, "geometry": { "type": "MultiPolygon", "coordinates": [ [ [ [ -58.641489170205858, -34.691955800633728 ], [ -58.641273828549721, -34.691072465701858 ], [ -58.64020456970951, -34.691250308113446 ], [ -58.640419911990513, -34.69213364299776 ], [ -58.641489170205858, -34.691955800633728 ] ] ] ] } },
{ "type": "Feature", "properties": { "Id": 0, "etiqueta": null }, "geometry": { "type": "MultiPolygon", "coordinates": [ [ [ [ -58.640419911990513, -34.69213364299776 ], [ -58.64020456970951, -34.691250308113446 ], [ -58.639135308608616, -34.691428150655426 ], [ -58.639350651514391, -34.692311485492205 ], [ -58.640419911990513, -34.69213364299776 ] ] ] ] } },
{ "type": "Feature", "properties": { "Id": 0, "etiqueta": null }, "geometry": { "type": "MultiPolygon", "coordinates": [ [ [ [ -58.639350651514391, -34.692311485492205 ], [ -58.639135308608616, -34.691428150655426 ], [ -58.638066045246944, -34.691605993327649 ], [ -58.638281388777379, -34.692489328116928 ], [ -58.639350651514391, -34.692311485492205 ] ] ] ] } },
{ "type": "Feature", "properties": { "Id": 0, "etiqueta": null }, "geometry": { "type": "MultiPolygon", "coordinates": [ [ [ [ -58.638281388777379, -34.692489328116928 ], [ -58.638066045246944, -34.691605993327649 ], [ -58.636996779624468, -34.691783836130121 ], [ -58.637212123779385, -34.692667170871893 ], [ -58.638281388777379, -34.692489328116928 ] ] ] ] } },
{ "type": "Feature", "properties": { "Id": 0, "etiqueta": null }, "geometry": { "type": "MultiPolygon", "coordinates": [ [ [ [ -58.637212123779385, -34.692667170871893 ], [ -58.636996779624468, -34.691783836130121 ], [ -58.635927511741137, -34.691961679062651 ], [ -58.636142856520401, -34.692845013756987 ], [ -58.637212123779385, -34.692667170871893 ] ] ] ] } },
{ "type": "Feature", "properties": { "Id": 0, "etiqueta": null }, "geometry": { "type": "MultiPolygon", "coordinates": [ [ [ [ -58.636142856520401, -34.692845013756987 ], [ -58.635927511741137, -34.691961679062651 ], [ -58.634858241596817, -34.692139522125181 ], [ -58.635073587000356, -34.693022856772039 ], [ -58.636142856520401, -34.692845013756987 ] ] ] ] } },
{ "type": "Feature", "properties": { "Id": 0, "etiqueta": null }, "geometry": { "type": "MultiPolygon", "coordinates": [ [ [ [ -58.635073587000356, -34.693022856772039 ], [ -58.634858241596817, -34.692139522125181 ], [ -58.633788969191514, -34.692317365317543 ], [ -58.634004315219251, -34.693200699917043 ], [ -58.635073587000356, -34.693022856772039 ] ] ] ] } },
{ "type": "Feature", "properties": { "Id": 0, "etiqueta": null }, "geometry": { "type": "MultiPolygon", "coordinates": [ [ [ [ -58.634004315219251, -34.693200699917043 ], [ -58.633788969191514, -34.692317365317543 ], [ -58.632719694525157, -34.69249520863972 ], [ -58.632935041176879, -34.693378543191841 ], [ -58.634004315219251, -34.693200699917043 ] ] ] ] } },
{ "type": "Feature", "properties": { "Id": 0, "etiqueta": "7" }, "geometry": { "type": "MultiPolygon", "coordinates": [ [ [ [ -58.656243214971241, -34.688582685686754 ], [ -58.65602788670131, -34.687699349759384 ], [ -58.654958658878343, -34.68787719038302 ], [ -58.655173987774724, -34.688760526262286 ], [ -58.656243214971241, -34.688582685686754 ] ] ] ] } },
{ "type": "Feature", "properties": { "Id": 0, "etiqueta": null }, "geometry": { "type": "MultiPolygon", "coordinates": [ [ [ [ -58.655173987774724, -34.688760526262286 ], [ -58.654958658878343, -34.68787719038302 ], [ -58.653889428795637, -34.688055031138362 ], [ -58.654104758318297, -34.688938366969637 ], [ -58.655173987774724, -34.688760526262286 ] ] ] ] } },
{ "type": "Feature", "properties": { "Id": 0, "etiqueta": null }, "geometry": { "type": "MultiPolygon", "coordinates": [ [ [ [ -58.654104758318297, -34.688938366969637 ], [ -58.653889428795637, -34.688055031138362 ], [ -58.652820196453085, -34.688232872025416 ], [ -58.653035526602025, -34.689116207808674 ], [ -58.654104758318297, -34.688938366969637 ] ] ] ] } },
{ "type": "Feature", "properties": { "Id": 0, "etiqueta": null }, "geometry": { "type": "MultiPolygon", "coordinates": [ [ [ [ -58.653035526602025, -34.689116207808674 ], [ -58.652820196453085, -34.688232872025416 ], [ -58.651750961850702, -34.688410713044007 ], [ -58.651966292625701, -34.689294048779374 ], [ -58.653035526602025, -34.689116207808674 ] ] ] ] } },
{ "type": "Feature", "properties": { "Id": 0, "etiqueta": null }, "geometry": { "type": "MultiPolygon", "coordinates": [ [ [ [ -58.651966292625701, -34.689294048779374 ], [ -58.651750961850702, -34.688410713044007 ], [ -58.650681724988338, -34.688588554194098 ], [ -58.650897056389297, -34.689471889881538 ], [ -58.651966292625701, -34.689294048779374 ] ] ] ] } },
{ "type": "Feature", "properties": { "Id": 0, "etiqueta": null }, "geometry": { "type": "MultiPolygon", "coordinates": [ [ [ [ -58.650897056389297, -34.689471889881538 ], [ -58.650681724988338, -34.688588554194098 ], [ -58.649612485866008, -34.688766395475589 ], [ -58.649827817892849, -34.689649731115104 ], [ -58.650897056389297, -34.689471889881538 ] ] ] ] } },
{ "type": "Feature", "properties": { "Id": 0, "etiqueta": null }, "geometry": { "type": "MultiPolygon", "coordinates": [ [ [ [ -58.649827817892849, -34.689649731115104 ], [ -58.649612485866008, -34.688766395475589 ], [ -58.648543244483584, -34.688944236888297 ], [ -58.648758577136192, -34.689827572479956 ], [ -58.649827817892849, -34.689649731115104 ] ] ] ] } },
{ "type": "Feature", "properties": { "Id": 0, "etiqueta": null }, "geometry": { "type": "MultiPolygon", "coordinates": [ [ [ [ -58.648758577136192, -34.689827572479956 ], [ -58.648543244483584, -34.688944236888297 ], [ -58.647474000841093, -34.689122078432185 ], [ -58.647689334119306, -34.690005413976024 ], [ -58.648758577136192, -34.689827572479956 ] ] ] ] } },
{ "type": "Feature", "properties": { "Id": 0, "etiqueta": null }, "geometry": { "type": "MultiPolygon", "coordinates": [ [ [ [ -58.647689334119306, -34.690005413976024 ], [ -58.647474000841093, -34.689122078432185 ], [ -58.646404754938402, -34.689299920107175 ], [ -58.64662008884207, -34.690183255603159 ], [ -58.647689334119306, -34.690005413976024 ] ] ] ] } },
{ "type": "Feature", "properties": { "Id": 1, "etiqueta": null }, "geometry": { "type": "MultiPolygon", "coordinates": [ [ [ [ -58.64662008884207, -34.690183255603159 ], [ -58.646404754938402, -34.689299920107175 ], [ -58.645335506775453, -34.689477761913082 ], [ -58.645550841304527, -34.69036109736129 ], [ -58.64662008884207, -34.690183255603159 ] ] ] ] } },
{ "type": "Feature", "properties": { "Id": 1, "etiqueta": null }, "geometry": { "type": "MultiPolygon", "coordinates": [ [ [ [ -58.645550841304527, -34.69036109736129 ], [ -58.645335506775453, -34.689477761913082 ], [ -58.64426625635226, -34.689655603849872 ], [ -58.644481591506555, -34.690538939250374 ], [ -58.645550841304527, -34.69036109736129 ] ] ] ] } },
{ "type": "Feature", "properties": { "Id": 1, "etiqueta": null }, "geometry": { "type": "MultiPolygon", "coordinates": [ [ [ [ -58.644481591506555, -34.690538939250374 ], [ -58.64426625635226, -34.689655603849872 ], [ -58.643197003668718, -34.689833445917415 ], [ -58.643412339448183, -34.690716781270218 ], [ -58.644481591506555, -34.690538939250374 ] ] ] ] } },
{ "type": "Feature", "properties": { "Id": 1, "etiqueta": null }, "geometry": { "type": "MultiPolygon", "coordinates": [ [ [ [ -58.643412339448183, -34.690716781270218 ], [ -58.643197003668718, -34.689833445917415 ], [ -58.642127748724754, -34.69001128811562 ], [ -58.642343085129241, -34.690894623420711 ], [ -58.643412339448183, -34.690716781270218 ] ] ] ] } },
{ "type": "Feature", "properties": { "Id": 1, "etiqueta": null }, "geometry": { "type": "MultiPolygon", "coordinates": [ [ [ [ -58.642343085129241, -34.690894623420711 ], [ -58.642127748724754, -34.69001128811562 ], [ -58.641058491520297, -34.690189130444367 ], [ -58.641273828549721, -34.691072465701858 ], [ -58.642343085129241, -34.690894623420711 ] ] ] ] } },
{ "type": "Feature", "properties": { "Id": 1, "etiqueta": null }, "geometry": { "type": "MultiPolygon", "coordinates": [ [ [ [ -58.641273828549721, -34.691072465701858 ], [ -58.641058491520297, -34.690189130444367 ], [ -58.639989232055314, -34.69036697290359 ], [ -58.64020456970951, -34.691250308113446 ], [ -58.641273828549721, -34.691072465701858 ] ] ] ] } },
{ "type": "Feature", "properties": { "Id": 1, "etiqueta": null }, "geometry": { "type": "MultiPolygon", "coordinates": [ [ [ [ -58.64020456970951, -34.691250308113446 ], [ -58.639989232055314, -34.69036697290359 ], [ -58.638919970329773, -34.690544815493148 ], [ -58.639135308608616, -34.691428150655426 ], [ -58.64020456970951, -34.691250308113446 ] ] ] ] } },
{ "type": "Feature", "properties": { "Id": 0, "etiqueta": null }, "geometry": { "type": "MultiPolygon", "coordinates": [ [ [ [ -58.639135308608616, -34.691428150655426 ], [ -58.638919970329773, -34.690544815493148 ], [ -58.637850706343592, -34.69072265821297 ], [ -58.638066045246944, -34.691605993327649 ], [ -58.639135308608616, -34.691428150655426 ] ] ] ] } },
{ "type": "Feature", "properties": { "Id": 0, "etiqueta": null }, "geometry": { "type": "MultiPolygon", "coordinates": [ [ [ [ -58.638066045246944, -34.691605993327649 ], [ -58.637850706343592, -34.69072265821297 ], [ -58.636781440096605, -34.690900501062963 ], [ -58.636996779624468, -34.691783836130121 ], [ -58.638066045246944, -34.691605993327649 ] ] ] ] } },
{ "type": "Feature", "properties": { "Id": 0, "etiqueta": null }, "geometry": { "type": "MultiPolygon", "coordinates": [ [ [ [ -58.636996779624468, -34.691783836130121 ], [ -58.636781440096605, -34.690900501062963 ], [ -58.635712171588999, -34.691078344042964 ], [ -58.635927511741137, -34.691961679062651 ], [ -58.636996779624468, -34.691783836130121 ] ] ] ] } },
{ "type": "Feature", "properties": { "Id": 0, "etiqueta": null }, "geometry": { "type": "MultiPolygon", "coordinates": [ [ [ [ -58.635927511741137, -34.691961679062651 ], [ -58.635712171588999, -34.691078344042964 ], [ -58.634642900820502, -34.691256187152945 ], [ -58.634858241596817, -34.692139522125181 ], [ -58.635927511741137, -34.691961679062651 ] ] ] ] } },
{ "type": "Feature", "properties": { "Id": 0, "etiqueta": null }, "geometry": { "type": "MultiPolygon", "coordinates": [ [ [ [ -58.634858241596817, -34.692139522125181 ], [ -58.634642900820502, -34.691256187152945 ], [ -58.633573627791108, -34.691434030392756 ], [ -58.633788969191514, -34.692317365317543 ], [ -58.634858241596817, -34.692139522125181 ] ] ] ] } },
{ "type": "Feature", "properties": { "Id": 0, "etiqueta": null }, "geometry": { "type": "MultiPolygon", "coordinates": [ [ [ [ -58.633788969191514, -34.692317365317543 ], [ -58.633573627791108, -34.691434030392756 ], [ -58.632504352500753, -34.691611873762348 ], [ -58.632719694525157, -34.69249520863972 ], [ -58.633788969191514, -34.692317365317543 ] ] ] ] } },
{ "type": "Feature", "properties": { "Id": 0, "etiqueta": "8" }, "geometry": { "type": "MultiPolygon", "coordinates": [ [ [ [ -58.65602788670131, -34.687699349759384 ], [ -58.655812563056884, -34.68681601350599 ], [ -58.654743334607552, -34.686993854177643 ], [ -58.654958658878343, -34.68787719038302 ], [ -58.65602788670131, -34.687699349759384 ] ] ] ] } },
{ "type": "Feature", "properties": { "Id": 0, "etiqueta": null }, "geometry": { "type": "MultiPolygon", "coordinates": [ [ [ [ -58.654958658878343, -34.68787719038302 ], [ -58.654743334607552, -34.686993854177643 ], [ -58.653674103898567, -34.687171694981068 ], [ -58.653889428795637, -34.688055031138362 ], [ -58.654958658878343, -34.68787719038302 ] ] ] ] } },
{ "type": "Feature", "properties": { "Id": 1, "etiqueta": null }, "geometry": { "type": "MultiPolygon", "coordinates": [ [ [ [ -58.653892578848925, -34.688055741422467 ], [ -58.653674819873949, -34.687172837498359 ], [ -58.652604943864127, -34.687348256427939 ], [ -58.652822703449083, -34.688231160304397 ], [ -58.653892578848925, -34.688055741422467 ] ] ] ] } },
{ "type": "Feature", "properties": { "Id": 0, "etiqueta": null }, "geometry": { "type": "MultiPolygon", "coordinates": [ [ [ [ -58.652820196453085, -34.688232872025416 ], [ -58.652604870929892, -34.687349535916162 ], [ -58.651535635701514, -34.687527376982793 ], [ -58.651750961850702, -34.688410713044007 ], [ -58.652820196453085, -34.688232872025416 ] ] ] ] } },
{ "type": "Feature", "properties": { "Id": 0, "etiqueta": null }, "geometry": { "type": "MultiPolygon", "coordinates": [ [ [ [ -58.651750961850702, -34.688410713044007 ], [ -58.651535635701514, -34.687527376982793 ], [ -58.650466398213254, -34.687705218180838 ], [ -58.650681724988338, -34.688588554194098 ], [ -58.651750961850702, -34.688410713044007 ] ] ] ] } },
{ "type": "Feature", "properties": { "Id": 0, "etiqueta": null }, "geometry": { "type": "MultiPolygon", "coordinates": [ [ [ [ -58.650681724988338, -34.688588554194098 ], [ -58.650466398213254, -34.687705218180838 ], [ -58.649397158465113, -34.687883059510199 ], [ -58.649612485866008, -34.688766395475589 ], [ -58.650681724988338, -34.688588554194098 ] ] ] ] } },
{ "type": "Feature", "properties": { "Id": 0, "etiqueta": null }, "geometry": { "type": "MultiPolygon", "coordinates": [ [ [ [ -58.649612485866008, -34.688766395475589 ], [ -58.649397158465113, -34.687883059510199 ], [ -58.648327916457077, -34.688060900970818 ], [ -58.648543244483584, -34.688944236888297 ], [ -58.649612485866008, -34.688766395475589 ] ] ] ] } },
{ "type": "Feature", "properties": { "Id": 0, "etiqueta": null }, "geometry": { "type": "MultiPolygon", "coordinates": [ [ [ [ -58.648543244483584, -34.688944236888297 ], [ -58.648327916457077, -34.688060900970818 ], [ -58.647258672188961, -34.688238742562604 ], [ -58.647474000841093, -34.689122078432185 ], [ -58.648543244483584, -34.688944236888297 ] ] ] ] } },
{ "type": "Feature", "properties": { "Id": 0, "etiqueta": null }, "geometry": { "type": "MultiPolygon", "coordinates": [ [ [ [ -58.647474000841093, -34.689122078432185 ], [ -58.647258672188961, -34.688238742562604 ], [ -58.646189425660893, -34.688416584285406 ], [ -58.646404754938402, -34.689299920107175 ], [ -58.647474000841093, -34.689122078432185 ] ] ] ] } },
{ "type": "Feature", "properties": { "Id": 1, "etiqueta": null }, "geometry": { "type": "MultiPolygon", "coordinates": [ [ [ [ -58.646404754938402, -34.689299920107175 ], [ -58.646189425660893, -34.688416584285406 ], [ -58.645120176872652, -34.68859442613914 ], [ -58.645335506775453, -34.689477761913082 ], [ -58.646404754938402, -34.689299920107175 ] ] ] ] } },
{ "type": "Feature", "properties": { "Id": 1, "etiqueta": null }, "geometry": { "type": "MultiPolygon", "coordinates": [ [ [ [ -58.645335506775453, -34.689477761913082 ], [ -58.645120176872652, -34.68859442613914 ], [ -58.644050925824253, -34.688772268123685 ], [ -58.64426625635226, -34.689655603849872 ], [ -58.645335506775453, -34.689477761913082 ] ] ] ] } },
{ "type": "Feature", "properties": { "Id": 1, "etiqueta": null }, "geometry": { "type": "MultiPolygon", "coordinates": [ [ [ [ -58.64426625635226, -34.689655603849872 ], [ -58.644050925824253, -34.688772268123685 ], [ -58.642981672515653, -34.688950110238977 ], [ -58.643197003668718, -34.689833445917415 ], [ -58.64426625635226, -34.689655603849872 ] ] ] ] } },
{ "type": "Feature", "properties": { "Id": 1, "etiqueta": null }, "geometry": { "type": "MultiPolygon", "coordinates": [ [ [ [ -58.643197003668718, -34.689833445917415 ], [ -58.642981672515653, -34.688950110238977 ], [ -58.641912416946681, -34.689127952484917 ], [ -58.642127748724754, -34.69001128811562 ], [ -58.643197003668718, -34.689833445917415 ] ] ] ] } },
{ "type": "Feature", "properties": { "Id": 1, "etiqueta": null }, "geometry": { "type": "MultiPolygon", "coordinates": [ [ [ [ -58.642127748724754, -34.69001128811562 ], [ -58.641912416946681, -34.689127952484917 ], [ -58.640843159117381, -34.689305794861362 ], [ -58.641058491520297, -34.690189130444367 ], [ -58.642127748724754, -34.69001128811562 ] ] ] ] } },
{ "type": "Feature", "properties": { "Id": 1, "etiqueta": null }, "geometry": { "type": "MultiPolygon", "coordinates": [ [ [ [ -58.641058491520297, -34.690189130444367 ], [ -58.640843159117381, -34.689305794861362 ], [ -58.639773899027709, -34.689483637368205 ], [ -58.639989232055314, -34.69036697290359 ], [ -58.641058491520297, -34.690189130444367 ] ] ] ] } },
{ "type": "Feature", "properties": { "Id": 1, "etiqueta": null }, "geometry": { "type": "MultiPolygon", "coordinates": [ [ [ [ -58.639989232055314, -34.69036697290359 ], [ -58.639773899027709, -34.689483637368205 ], [ -58.638704636677573, -34.689661480005448 ], [ -58.638919970329773, -34.690544815493148 ], [ -58.639989232055314, -34.69036697290359 ] ] ] ] } },
{ "type": "Feature", "properties": { "Id": 0, "etiqueta": null }, "geometry": { "type": "MultiPolygon", "coordinates": [ [ [ [ -58.638919970329773, -34.690544815493148 ], [ -58.638704636677573, -34.689661480005448 ], [ -58.637635372066839, -34.689839322772791 ], [ -58.637850706343592, -34.69072265821297 ], [ -58.638919970329773, -34.690544815493148 ] ] ] ] } },
{ "type": "Feature", "properties": { "Id": 0, "etiqueta": null }, "geometry": { "type": "MultiPolygon", "coordinates": [ [ [ [ -58.637850706343592, -34.69072265821297 ], [ -58.637635372066839, -34.689839322772791 ], [ -58.636566105195584, -34.690017165670355 ], [ -58.636781440096605, -34.690900501062963 ], [ -58.637850706343592, -34.69072265821297 ] ] ] ] } },
{ "type": "Feature", "properties": { "Id": 0, "etiqueta": null }, "geometry": { "type": "MultiPolygon", "coordinates": [ [ [ [ -58.636781440096605, -34.690900501062963 ], [ -58.636566105195584, -34.690017165670355 ], [ -58.635496836063624, -34.690195008697941 ], [ -58.635712171588999, -34.691078344042964 ], [ -58.636781440096605, -34.690900501062963 ] ] ] ] } },
{ "type": "Feature", "properties": { "Id": 0, "etiqueta": null }, "geometry": { "type": "MultiPolygon", "coordinates": [ [ [ [ -58.635712171588999, -34.691078344042964 ], [ -58.635496836063624, -34.690195008697941 ], [ -58.634427564671022, -34.690372851855393 ], [ -58.634642900820502, -34.691256187152945 ], [ -58.635712171588999, -34.691078344042964 ] ] ] ] } },
{ "type": "Feature", "properties": { "Id": 0, "etiqueta": null }, "geometry": { "type": "MultiPolygon", "coordinates": [ [ [ [ -58.634642900820502, -34.691256187152945 ], [ -58.634427564671022, -34.690372851855393 ], [ -58.633358291017636, -34.690550695142662 ], [ -58.633573627791108, -34.691434030392756 ], [ -58.634642900820502, -34.691256187152945 ] ] ] ] } },
{ "type": "Feature", "properties": { "Id": 0, "etiqueta": null }, "geometry": { "type": "MultiPolygon", "coordinates": [ [ [ [ -58.633573627791108, -34.691434030392756 ], [ -58.633358291017636, -34.690550695142662 ], [ -58.632289015103332, -34.690728538559696 ], [ -58.632504352500753, -34.691611873762348 ], [ -58.633573627791108, -34.691434030392756 ] ] ] ] } },
{ "type": "Feature", "properties": { "Id": 0, "etiqueta": "9" }, "geometry": { "type": "MultiPolygon", "coordinates": [ [ [ [ -58.655812563056884, -34.68681601350599 ], [ -58.6555972440378, -34.685932676926548 ], [ -58.654528014962125, -34.686110517646391 ], [ -58.654743334607552, -34.686993854177643 ], [ -58.655812563056884, -34.68681601350599 ] ] ] ] } },
{ "type": "Feature", "properties": { "Id": 0, "etiqueta": null }, "geometry": { "type": "MultiPolygon", "coordinates": [ [ [ [ -58.654743334607552, -34.686993854177643 ], [ -58.654528014962125, -34.686110517646391 ], [ -58.653458783626945, -34.686288358497897 ], [ -58.653674103898567, -34.687171694981068 ], [ -58.654743334607552, -34.686993854177643 ] ] ] ] } },
{ "type": "Feature", "properties": { "Id": 0, "etiqueta": null }, "geometry": { "type": "MultiPolygon", "coordinates": [ [ [ [ -58.653674103898567, -34.687171694981068 ], [ -58.653458783626945, -34.686288358497897 ], [ -58.652389550032169, -34.686466199480982 ], [ -58.652604870929892, -34.687349535916162 ], [ -58.653674103898567, -34.687171694981068 ] ] ] ] } },
{ "type": "Feature", "properties": { "Id": 0, "etiqueta": null }, "geometry": { "type": "MultiPolygon", "coordinates": [ [ [ [ -58.652604870929892, -34.687349535916162 ], [ -58.652389550032169, -34.686466199480982 ], [ -58.651320314177845, -34.686644040595681 ], [ -58.651535635701514, -34.687527376982793 ], [ -58.652604870929892, -34.687349535916162 ] ] ] ] } },
{ "type": "Feature", "properties": { "Id": 0, "etiqueta": null }, "geometry": { "type": "MultiPolygon", "coordinates": [ [ [ [ -58.651535635701514, -34.687527376982793 ], [ -58.651320314177845, -34.686644040595681 ], [ -58.650251076063732, -34.686821881841723 ], [ -58.650466398213254, -34.687705218180838 ], [ -58.651535635701514, -34.687527376982793 ] ] ] ] } },
{ "type": "Feature", "properties": { "Id": 0, "etiqueta": null }, "geometry": { "type": "MultiPolygon", "coordinates": [ [ [ [ -58.650466398213254, -34.687705218180838 ], [ -58.650251076063732, -34.686821881841723 ], [ -58.649181835689937, -34.686999723219074 ], [ -58.649397158465113, -34.687883059510199 ], [ -58.650466398213254, -34.687705218180838 ] ] ] ] } },
{ "type": "Feature", "properties": { "Id": 0, "etiqueta": null }, "geometry": { "type": "MultiPolygon", "coordinates": [ [ [ [ -58.649397158465113, -34.687883059510199 ], [ -58.649181835689937, -34.686999723219074 ], [ -58.648112593056219, -34.687177564727641 ], [ -58.648327916457077, -34.688060900970818 ], [ -58.649397158465113, -34.687883059510199 ] ] ] ] } },
{ "type": "Feature", "properties": { "Id": 0, "etiqueta": null }, "geometry": { "type": "MultiPolygon", "coordinates": [ [ [ [ -58.648327916457077, -34.688060900970818 ], [ -58.648112593056219, -34.687177564727641 ], [ -58.647043348162725, -34.687355406367303 ], [ -58.647258672188961, -34.688238742562604 ], [ -58.648327916457077, -34.688060900970818 ] ] ] ] } },
{ "type": "Feature", "properties": { "Id": 0, "etiqueta": null }, "geometry": { "type": "MultiPolygon", "coordinates": [ [ [ [ -58.647258672188961, -34.688238742562604 ], [ -58.647043348162725, -34.687355406367303 ], [ -58.645974101009223, -34.687533248137981 ], [ -58.646189425660893, -34.688416584285406 ], [ -58.647258672188961, -34.688238742562604 ] ] ] ] } },
{ "type": "Feature", "properties": { "Id": 0, "etiqueta": null }, "geometry": { "type": "MultiPolygon", "coordinates": [ [ [ [ -58.646189425660893, -34.688416584285406 ], [ -58.645974101009223, -34.687533248137981 ], [ -58.644904851595776, -34.687711090039535 ], [ -58.645120176872652, -34.68859442613914 ], [ -58.646189425660893, -34.688416584285406 ] ] ] ] } },
{ "type": "Feature", "properties": { "Id": 1, "etiqueta": null }, "geometry": { "type": "MultiPolygon", "coordinates": [ [ [ [ -58.645120176872652, -34.68859442613914 ], [ -58.644904851595776, -34.687711090039535 ], [ -58.64383559992222, -34.687888932071907 ], [ -58.644050925824253, -34.688772268123685 ], [ -58.645120176872652, -34.68859442613914 ] ] ] ] } },
{ "type": "Feature", "properties": { "Id": 1, "etiqueta": null }, "geometry": { "type": "MultiPolygon", "coordinates": [ [ [ [ -58.644050925824253, -34.688772268123685 ], [ -58.64383559992222, -34.687888932071907 ], [ -58.642766345988598, -34.68806677423499 ], [ -58.642981672515653, -34.688950110238977 ], [ -58.644050925824253, -34.688772268123685 ] ] ] ] } },
{ "type": "Feature", "properties": { "Id": 1, "etiqueta": null }, "geometry": { "type": "MultiPolygon", "coordinates": [ [ [ [ -58.642981672515653, -34.688950110238977 ], [ -58.642766345988598, -34.68806677423499 ], [ -58.641697089794803, -34.688244616528706 ], [ -58.641912416946681, -34.689127952484917 ], [ -58.642981672515653, -34.688950110238977 ] ] ] ] } },
{ "type": "Feature", "properties": { "Id": 1, "etiqueta": null }, "geometry": { "type": "MultiPolygon", "coordinates": [ [ [ [ -58.641912416946681, -34.689127952484917 ], [ -58.641697089794803, -34.688244616528706 ], [ -58.640627831340723, -34.688422458952864 ], [ -58.640843159117381, -34.689305794861362 ], [ -58.641912416946681, -34.689127952484917 ] ] ] ] } },
{ "type": "Feature", "properties": { "Id": 1, "etiqueta": null }, "geometry": { "type": "MultiPolygon", "coordinates": [ [ [ [ -58.640843159117381, -34.689305794861362 ], [ -58.640627831340723, -34.688422458952864 ], [ -58.639558570626356, -34.688600301507407 ], [ -58.639773899027709, -34.689483637368205 ], [ -58.640843159117381, -34.689305794861362 ] ] ] ] } },
{ "type": "Feature", "properties": { "Id": 1, "etiqueta": null }, "geometry": { "type": "MultiPolygon", "coordinates": [ [ [ [ -58.639773899027709, -34.689483637368205 ], [ -58.639558570626356, -34.688600301507407 ], [ -58.638489307651639, -34.68877814419227 ], [ -58.638704636677573, -34.689661480005448 ], [ -58.639773899027709, -34.689483637368205 ] ] ] ] } },
{ "type": "Feature", "properties": { "Id": 0, "etiqueta": null }, "geometry": { "type": "MultiPolygon", "coordinates": [ [ [ [ -58.638704636677573, -34.689661480005448 ], [ -58.638489307651639, -34.68877814419227 ], [ -58.637420042416529, -34.688955987007297 ], [ -58.637635372066839, -34.689839322772791 ], [ -58.638704636677573, -34.689661480005448 ] ] ] ] } },
{ "type": "Feature", "properties": { "Id": 0, "etiqueta": null }, "geometry": { "type": "MultiPolygon", "coordinates": [ [ [ [ -58.637635372066839, -34.689839322772791 ], [ -58.637420042416529, -34.688955987007297 ], [ -58.636350774920949, -34.689133829952418 ], [ -58.636566105195584, -34.690017165670355 ], [ -58.637635372066839, -34.689839322772791 ] ] ] ] } },
{ "type": "Feature", "properties": { "Id": 0, "etiqueta": null }, "geometry": { "type": "MultiPolygon", "coordinates": [ [ [ [ -58.636566105195584, -34.690017165670355 ], [ -58.636350774920949, -34.689133829952418 ], [ -58.635281505164834, -34.689311673027532 ], [ -58.635496836063624, -34.690195008697941 ], [ -58.636566105195584, -34.690017165670355 ] ] ] ] } },
{ "type": "Feature", "properties": { "Id": 0, "etiqueta": null }, "geometry": { "type": "MultiPolygon", "coordinates": [ [ [ [ -58.635496836063624, -34.690195008697941 ], [ -58.635281505164834, -34.689311673027532 ], [ -58.634212233148112, -34.68948951623257 ], [ -58.634427564671022, -34.690372851855393 ], [ -58.635496836063624, -34.690195008697941 ] ] ] ] } },
{ "type": "Feature", "properties": { "Id": 0, "etiqueta": null }, "geometry": { "type": "MultiPolygon", "coordinates": [ [ [ [ -58.634427564671022, -34.690372851855393 ], [ -58.634212233148112, -34.68948951623257 ], [ -58.633142958870785, -34.689667359567331 ], [ -58.633358291017636, -34.690550695142662 ], [ -58.634427564671022, -34.690372851855393 ] ] ] ] } },
{ "type": "Feature", "properties": { "Id": 0, "etiqueta": null }, "geometry": { "type": "MultiPolygon", "coordinates": [ [ [ [ -58.633358291017636, -34.690550695142662 ], [ -58.633142958870785, -34.689667359567331 ], [ -58.632073682332695, -34.68984520303178 ], [ -58.632289015103332, -34.690728538559696 ], [ -58.633358291017636, -34.690550695142662 ] ] ] ] } },
{ "type": "Feature", "properties": { "Id": 0, "etiqueta": "10" }, "geometry": { "type": "MultiPolygon", "coordinates": [ [ [ [ -58.6555972440378, -34.685932676926548 ], [ -58.655381929643646, -34.685049340021166 ], [ -58.654312699941762, -34.685227180789148 ], [ -58.654528014962125, -34.686110517646391 ], [ -58.6555972440378, -34.685932676926548 ] ] ] ] } },
{ "type": "Feature", "properties": { "Id": 0, "etiqueta": null }, "geometry": { "type": "MultiPolygon", "coordinates": [ [ [ [ -58.654528014962125, -34.686110517646391 ], [ -58.654312699941762, -34.685227180789148 ], [ -58.653243467980467, -34.685405021688808 ], [ -58.653458783626945, -34.686288358497897 ], [ -58.654528014962125, -34.686110517646391 ] ] ] ] } },
{ "type": "Feature", "properties": { "Id": 0, "etiqueta": null }, "geometry": { "type": "MultiPolygon", "coordinates": [ [ [ [ -58.653458783626945, -34.686288358497897 ], [ -58.653243467980467, -34.685405021688808 ], [ -58.652174233759723, -34.685582862720025 ], [ -58.652389550032169, -34.686466199480982 ], [ -58.653458783626945, -34.686288358497897 ] ] ] ] } },
{ "type": "Feature", "properties": { "Id": 0, "etiqueta": null }, "geometry": { "type": "MultiPolygon", "coordinates": [ [ [ [ -58.652389550032169, -34.686466199480982 ], [ -58.652174233759723, -34.685582862720025 ], [ -58.651104997279447, -34.685760703882721 ], [ -58.651320314177845, -34.686644040595681 ], [ -58.652389550032169, -34.686466199480982 ] ] ] ] } },
{ "type": "Feature", "properties": { "Id": 0, "etiqueta": null }, "geometry": { "type": "MultiPolygon", "coordinates": [ [ [ [ -58.651320314177845, -34.686644040595681 ], [ -58.651104997279447, -34.685760703882721 ], [ -58.650035758539559, -34.685938545176839 ], [ -58.650251076063732, -34.686821881841723 ], [ -58.651320314177845, -34.686644040595681 ] ] ] ] } },
{ "type": "Feature", "properties": { "Id": 0, "etiqueta": null }, "geometry": { "type": "MultiPolygon", "coordinates": [ [ [ [ -58.650251076063732, -34.686821881841723 ], [ -58.650035758539559, -34.685938545176839 ], [ -58.648966517540096, -34.686116386602187 ], [ -58.649181835689937, -34.686999723219074 ], [ -58.650251076063732, -34.686821881841723 ] ] ] ] } },
{ "type": "Feature", "properties": { "Id": 0, "etiqueta": null }, "geometry": { "type": "MultiPolygon", "coordinates": [ [ [ [ -58.649181835689937, -34.686999723219074 ], [ -58.648966517540096, -34.686116386602187 ], [ -58.647897274280893, -34.686294228158729 ], [ -58.648112593056219, -34.687177564727641 ], [ -58.649181835689937, -34.686999723219074 ] ] ] ] } },
{ "type": "Feature", "properties": { "Id": 0, "etiqueta": null }, "geometry": { "type": "MultiPolygon", "coordinates": [ [ [ [ -58.648112593056219, -34.687177564727641 ], [ -58.647897274280893, -34.686294228158729 ], [ -58.646828028761902, -34.68647206984636 ], [ -58.647043348162725, -34.687355406367303 ], [ -58.648112593056219, -34.687177564727641 ] ] ] ] } },
{ "type": "Feature", "properties": { "Id": 0, "etiqueta": null }, "geometry": { "type": "MultiPolygon", "coordinates": [ [ [ [ -58.647043348162725, -34.687355406367303 ], [ -58.646828028761902, -34.68647206984636 ], [ -58.645758780983137, -34.686649911664951 ], [ -58.645974101009223, -34.687533248137981 ], [ -58.647043348162725, -34.687355406367303 ] ] ] ] } },
{ "type": "Feature", "properties": { "Id": 0, "etiqueta": null }, "geometry": { "type": "MultiPolygon", "coordinates": [ [ [ [ -58.645974101009223, -34.687533248137981 ], [ -58.645758780983137, -34.686649911664951 ], [ -58.64468953094454, -34.686827753614352 ], [ -58.644904851595776, -34.687711090039535 ], [ -58.645974101009223, -34.687533248137981 ] ] ] ] } },
{ "type": "Feature", "properties": { "Id": 1, "etiqueta": null }, "geometry": { "type": "MultiPolygon", "coordinates": [ [ [ [ -58.644904851595776, -34.687711090039535 ], [ -58.64468953094454, -34.686827753614352 ], [ -58.643620278645891, -34.687005595694572 ], [ -58.64383559992222, -34.687888932071907 ], [ -58.644904851595776, -34.687711090039535 ] ] ] ] } },
{ "type": "Feature", "properties": { "Id": 1, "etiqueta": null }, "geometry": { "type": "MultiPolygon", "coordinates": [ [ [ [ -58.64383559992222, -34.687888932071907 ], [ -58.643620278645891, -34.687005595694572 ], [ -58.642551024087282, -34.687183437905489 ], [ -58.642766345988598, -34.68806677423499 ], [ -58.64383559992222, -34.687888932071907 ] ] ] ] } },
{ "type": "Feature", "properties": { "Id": 1, "etiqueta": null }, "geometry": { "type": "MultiPolygon", "coordinates": [ [ [ [ -58.642766345988598, -34.68806677423499 ], [ -58.642551024087282, -34.687183437905489 ], [ -58.641481767268672, -34.687361280246982 ], [ -58.641697089794803, -34.688244616528706 ], [ -58.642766345988598, -34.68806677423499 ] ] ] ] } },
{ "type": "Feature", "properties": { "Id": 1, "etiqueta": null }, "geometry": { "type": "MultiPolygon", "coordinates": [ [ [ [ -58.641697089794803, -34.688244616528706 ], [ -58.641481767268672, -34.687361280246982 ], [ -58.640412508189932, -34.687539122718896 ], [ -58.640627831340723, -34.688422458952864 ], [ -58.641697089794803, -34.688244616528706 ] ] ] ] } },
{ "type": "Feature", "properties": { "Id": 1, "etiqueta": null }, "geometry": { "type": "MultiPolygon", "coordinates": [ [ [ [ -58.640627831340723, -34.688422458952864 ], [ -58.640412508189932, -34.687539122718896 ], [ -58.639343246850956, -34.687716965321172 ], [ -58.639558570626356, -34.688600301507407 ], [ -58.640627831340723, -34.688422458952864 ] ] ] ] } },
{ "type": "Feature", "properties": { "Id": 1, "etiqueta": null }, "geometry": { "type": "MultiPolygon", "coordinates": [ [ [ [ -58.639558570626356, -34.688600301507407 ], [ -58.639343246850956, -34.687716965321172 ], [ -58.638273983251743, -34.687894808053706 ], [ -58.638489307651639, -34.68877814419227 ], [ -58.639558570626356, -34.688600301507407 ] ] ] ] } },
{ "type": "Feature", "properties": { "Id": 0, "etiqueta": null }, "geometry": { "type": "MultiPolygon", "coordinates": [ [ [ [ -58.638489307651639, -34.68877814419227 ], [ -58.638273983251743, -34.687894808053706 ], [ -58.637204717392294, -34.68807265091646 ], [ -58.637420042416529, -34.688955987007297 ], [ -58.638489307651639, -34.68877814419227 ] ] ] ] } },
{ "type": "Feature", "properties": { "Id": 0, "etiqueta": null }, "geometry": { "type": "MultiPolygon", "coordinates": [ [ [ [ -58.637420042416529, -34.688955987007297 ], [ -58.637204717392294, -34.68807265091646 ], [ -58.636135449272508, -34.688250493909187 ], [ -58.636350774920949, -34.689133829952418 ], [ -58.637420042416529, -34.688955987007297 ] ] ] ] } },
{ "type": "Feature", "properties": { "Id": 0, "etiqueta": null }, "geometry": { "type": "MultiPolygon", "coordinates": [ [ [ [ -58.636350774920949, -34.689133829952418 ], [ -58.636135449272508, -34.688250493909187 ], [ -58.635066178892238, -34.688428337031908 ], [ -58.635281505164834, -34.689311673027532 ], [ -58.636350774920949, -34.689133829952418 ] ] ] ] } },
{ "type": "Feature", "properties": { "Id": 0, "etiqueta": null }, "geometry": { "type": "MultiPolygon", "coordinates": [ [ [ [ -58.635281505164834, -34.689311673027532 ], [ -58.635066178892238, -34.688428337031908 ], [ -58.633996906251582, -34.688606180284495 ], [ -58.634212233148112, -34.68948951623257 ], [ -58.635281505164834, -34.689311673027532 ] ] ] ] } },
{ "type": "Feature", "properties": { "Id": 0, "etiqueta": null }, "geometry": { "type": "MultiPolygon", "coordinates": [ [ [ [ -58.634212233148112, -34.68948951623257 ], [ -58.633996906251582, -34.688606180284495 ], [ -58.632927631350306, -34.688784023666834 ], [ -58.633142958870785, -34.689667359567331 ], [ -58.634212233148112, -34.68948951623257 ] ] ] ] } },
{ "type": "Feature", "properties": { "Id": 0, "etiqueta": null }, "geometry": { "type": "MultiPolygon", "coordinates": [ [ [ [ -58.633142958870785, -34.689667359567331 ], [ -58.632927631350306, -34.688784023666834 ], [ -58.631858354188509, -34.688961867178811 ], [ -58.632073682332695, -34.68984520303178 ], [ -58.633142958870785, -34.689667359567331 ] ] ] ] } },
{ "type": "Feature", "properties": { "Id": 0, "etiqueta": "11" }, "geometry": { "type": "MultiPolygon", "coordinates": [ [ [ [ -58.655381929643646, -34.685049340021166 ], [ -58.655166619874137, -34.684166002789887 ], [ -58.654097389546124, -34.684343843606015 ], [ -58.654312699941762, -34.685227180789148 ], [ -58.655381929643646, -34.685049340021166 ] ] ] ] } },
{ "type": "Feature", "properties": { "Id": 0, "etiqueta": null }, "geometry": { "type": "MultiPolygon", "coordinates": [ [ [ [ -58.654312699941762, -34.685227180789148 ], [ -58.654097389546124, -34.684343843606015 ], [ -58.653028156958747, -34.684521684553829 ], [ -58.653243467980467, -34.685405021688808 ], [ -58.654312699941762, -34.685227180789148 ] ] ] ] } },
{ "type": "Feature", "properties": { "Id": 0, "etiqueta": null }, "geometry": { "type": "MultiPolygon", "coordinates": [ [ [ [ -58.653243467980467, -34.685405021688808 ], [ -58.653028156958747, -34.684521684553829 ], [ -58.651958922112073, -34.684699525633228 ], [ -58.652174233759723, -34.685582862720025 ], [ -58.653243467980467, -34.685405021688808 ] ] ] ] } },
{ "type": "Feature", "properties": { "Id": 0, "etiqueta": null }, "geometry": { "type": "MultiPolygon", "coordinates": [ [ [ [ -58.652174233759723, -34.685582862720025 ], [ -58.651958922112073, -34.684699525633228 ], [ -58.650889685005964, -34.68487736684402 ], [ -58.651104997279447, -34.685760703882721 ], [ -58.652174233759723, -34.685582862720025 ] ] ] ] } },
{ "type": "Feature", "properties": { "Id": 0, "etiqueta": null }, "geometry": { "type": "MultiPolygon", "coordinates": [ [ [ [ -58.651104997279447, -34.685760703882721 ], [ -58.650889685005964, -34.68487736684402 ], [ -58.649820445640422, -34.685055208186178 ], [ -58.650035758539559, -34.685938545176839 ], [ -58.651104997279447, -34.685760703882721 ] ] ] ] } },
{ "type": "Feature", "properties": { "Id": 0, "etiqueta": null }, "geometry": { "type": "MultiPolygon", "coordinates": [ [ [ [ -58.650035758539559, -34.685938545176839 ], [ -58.649820445640422, -34.685055208186178 ], [ -58.64875120401534, -34.68523304965958 ], [ -58.648966517540096, -34.686116386602187 ], [ -58.650035758539559, -34.685938545176839 ] ] ] ] } },
{ "type": "Feature", "properties": { "Id": 0, "etiqueta": null }, "geometry": { "type": "MultiPolygon", "coordinates": [ [ [ [ -58.648966517540096, -34.686116386602187 ], [ -58.64875120401534, -34.68523304965958 ], [ -58.647681960130697, -34.685410891264155 ], [ -58.647897274280893, -34.686294228158729 ], [ -58.648966517540096, -34.686116386602187 ] ] ] ] } },
{ "type": "Feature", "properties": { "Id": 0, "etiqueta": null }, "geometry": { "type": "MultiPolygon", "coordinates": [ [ [ [ -58.647897274280893, -34.686294228158729 ], [ -58.647681960130697, -34.685410891264155 ], [ -58.646612713986364, -34.685588732999754 ], [ -58.646828028761902, -34.68647206984636 ], [ -58.647897274280893, -34.686294228158729 ] ] ] ] } },
{ "type": "Feature", "properties": { "Id": 0, "etiqueta": null }, "geometry": { "type": "MultiPolygon", "coordinates": [ [ [ [ -58.646828028761902, -34.68647206984636 ], [ -58.646612713986364, -34.685588732999754 ], [ -58.645543465582342, -34.685766574866264 ], [ -58.645758780983137, -34.686649911664951 ], [ -58.646828028761902, -34.68647206984636 ] ] ] ] } },
{ "type": "Feature", "properties": { "Id": 0, "etiqueta": null }, "geometry": { "type": "MultiPolygon", "coordinates": [ [ [ [ -58.645758780983137, -34.686649911664951 ], [ -58.645543465582342, -34.685766574866264 ], [ -58.64447421491861, -34.685944416863641 ], [ -58.64468953094454, -34.686827753614352 ], [ -58.645758780983137, -34.686649911664951 ] ] ] ] } },
{ "type": "Feature", "properties": { "Id": 1, "etiqueta": null }, "geometry": { "type": "MultiPolygon", "coordinates": [ [ [ [ -58.64468953094454, -34.686827753614352 ], [ -58.64447421491861, -34.685944416863641 ], [ -58.643404961995024, -34.686122258991745 ], [ -58.643620278645891, -34.687005595694572 ], [ -58.64468953094454, -34.686827753614352 ] ] ] ] } },
{ "type": "Feature", "properties": { "Id": 1, "etiqueta": null }, "geometry": { "type": "MultiPolygon", "coordinates": [ [ [ [ -58.643620278645891, -34.687005595694572 ], [ -58.643404961995024, -34.686122258991745 ], [ -58.642335706811487, -34.686300101250502 ], [ -58.642551024087282, -34.687183437905489 ], [ -58.643620278645891, -34.687005595694572 ] ] ] ] } },
{ "type": "Feature", "properties": { "Id": 1, "etiqueta": null }, "geometry": { "type": "MultiPolygon", "coordinates": [ [ [ [ -58.642551024087282, -34.687183437905489 ], [ -58.642335706811487, -34.686300101250502 ], [ -58.641266449368153, -34.686477943639794 ], [ -58.641481767268672, -34.687361280246982 ], [ -58.642551024087282, -34.687183437905489 ] ] ] ] } },
{ "type": "Feature", "properties": { "Id": 1, "etiqueta": null }, "geometry": { "type": "MultiPolygon", "coordinates": [ [ [ [ -58.641481767268672, -34.687361280246982 ], [ -58.641266449368153, -34.686477943639794 ], [ -58.64019718966469, -34.686655786159463 ], [ -58.640412508189932, -34.687539122718896 ], [ -58.641481767268672, -34.687361280246982 ] ] ] ] } },
{ "type": "Feature", "properties": { "Id": 1, "etiqueta": null }, "geometry": { "type": "MultiPolygon", "coordinates": [ [ [ [ -58.640412508189932, -34.687539122718896 ], [ -58.64019718966469, -34.686655786159463 ], [ -58.639127927701239, -34.686833628809545 ], [ -58.639343246850956, -34.687716965321172 ], [ -58.640412508189932, -34.687539122718896 ] ] ] ] } },
{ "type": "Feature", "properties": { "Id": 1, "etiqueta": null }, "geometry": { "type": "MultiPolygon", "coordinates": [ [ [ [ -58.639343246850956, -34.687716965321172 ], [ -58.639127927701239, -34.686833628809545 ], [ -58.638058663477672, -34.687011471589805 ], [ -58.638273983251743, -34.687894808053706 ], [ -58.639343246850956, -34.687716965321172 ] ] ] ] } },
{ "type": "Feature", "properties": { "Id": 1, "etiqueta": null }, "geometry": { "type": "MultiPolygon", "coordinates": [ [ [ [ -58.638273983251743, -34.687894808053706 ], [ -58.638058663477672, -34.687011471589827 ], [ -58.63698939699389, -34.687189314500237 ], [ -58.637204717392294, -34.68807265091646 ], [ -58.638273983251743, -34.687894808053706 ] ] ] ] } },
{ "type": "Feature", "properties": { "Id": 0, "etiqueta": null }, "geometry": { "type": "MultiPolygon", "coordinates": [ [ [ [ -58.637204717392294, -34.68807265091646 ], [ -58.63698939699389, -34.687189314500237 ], [ -58.635920128249893, -34.687367157540656 ], [ -58.636135449272508, -34.688250493909187 ], [ -58.637204717392294, -34.68807265091646 ] ] ] ] } },
{ "type": "Feature", "properties": { "Id": 0, "etiqueta": null }, "geometry": { "type": "MultiPolygon", "coordinates": [ [ [ [ -58.636135449272508, -34.688250493909187 ], [ -58.635920128249893, -34.687367157540656 ], [ -58.63485085724561, -34.68754500071104 ], [ -58.635066178892238, -34.688428337031908 ], [ -58.636135449272508, -34.688250493909187 ] ] ] ] } },
{ "type": "Feature", "properties": { "Id": 0, "etiqueta": null }, "geometry": { "type": "MultiPolygon", "coordinates": [ [ [ [ -58.635066178892238, -34.688428337031908 ], [ -58.63485085724561, -34.68754500071104 ], [ -58.633781583980962, -34.687722844011212 ], [ -58.633996906251582, -34.688606180284495 ], [ -58.635066178892238, -34.688428337031908 ] ] ] ] } },
{ "type": "Feature", "properties": { "Id": 0, "etiqueta": null }, "geometry": { "type": "MultiPolygon", "coordinates": [ [ [ [ -58.633996906251582, -34.688606180284495 ], [ -58.633781583980962, -34.687722844011212 ], [ -58.632712308455943, -34.687900687441086 ], [ -58.632927631350306, -34.688784023666834 ], [ -58.633996906251582, -34.688606180284495 ] ] ] ] } },
{ "type": "Feature", "properties": { "Id": 0, "etiqueta": null }, "geometry": { "type": "MultiPolygon", "coordinates": [ [ [ [ -58.632927631350306, -34.688784023666834 ], [ -58.632712308455943, -34.687900687441086 ], [ -58.631643030670382, -34.68807853100062 ], [ -58.631858354188509, -34.688961867178811 ], [ -58.632927631350306, -34.688784023666834 ] ] ] ] } },
{ "type": "Feature", "properties": { "Id": 0, "etiqueta": "12" }, "geometry": { "type": "MultiPolygon", "coordinates": [ [ [ [ -58.655166619874137, -34.684166002789887 ], [ -58.654951314729054, -34.683282665232674 ], [ -58.653882083774839, -34.683460506097092 ], [ -58.654097389546124, -34.684343843606015 ], [ -58.655166619874137, -34.684166002789887 ] ] ] ] } },
{ "type": "Feature", "properties": { "Id": 0, "etiqueta": null }, "geometry": { "type": "MultiPolygon", "coordinates": [ [ [ [ -58.654097389546124, -34.684343843606015 ], [ -58.653882083774839, -34.683460506097092 ], [ -58.652812850561538, -34.683638347093073 ], [ -58.653028156958747, -34.684521684553829 ], [ -58.654097389546124, -34.684343843606015 ] ] ] ] } },
{ "type": "Feature", "properties": { "Id": 0, "etiqueta": null }, "geometry": { "type": "MultiPolygon", "coordinates": [ [ [ [ -58.653028156958747, -34.684521684553829 ], [ -58.652812850561538, -34.683638347093073 ], [ -58.651743615088982, -34.683816188220618 ], [ -58.651958922112073, -34.684699525633228 ], [ -58.653028156958747, -34.684521684553829 ] ] ] ] } },
{ "type": "Feature", "properties": { "Id": 0, "etiqueta": null }, "geometry": { "type": "MultiPolygon", "coordinates": [ [ [ [ -58.651958922112073, -34.684699525633228 ], [ -58.651743615088982, -34.683816188220618 ], [ -58.65067437735717, -34.683994029479535 ], [ -58.650889685005964, -34.68487736684402 ], [ -58.651958922112073, -34.684699525633228 ] ] ] ] } },
{ "type": "Feature", "properties": { "Id": 0, "etiqueta": null }, "geometry": { "type": "MultiPolygon", "coordinates": [ [ [ [ -58.650889685005964, -34.68487736684402 ], [ -58.65067437735717, -34.683994029479535 ], [ -58.649605137365945, -34.684171870869847 ], [ -58.649820445640422, -34.685055208186178 ], [ -58.650889685005964, -34.68487736684402 ] ] ] ] } },
{ "type": "Feature", "properties": { "Id": 0, "etiqueta": null }, "geometry": { "type": "MultiPolygon", "coordinates": [ [ [ [ -58.649820445640422, -34.685055208186178 ], [ -58.649605137365945, -34.684171870869847 ], [ -58.648535895115359, -34.684349712391338 ], [ -58.64875120401534, -34.68523304965958 ], [ -58.649820445640422, -34.685055208186178 ] ] ] ] } },
{ "type": "Feature", "properties": { "Id": 0, "etiqueta": null }, "geometry": { "type": "MultiPolygon", "coordinates": [ [ [ [ -58.64875120401534, -34.68523304965958 ], [ -58.648535895115359, -34.684349712391338 ], [ -58.647466650605281, -34.684527554043918 ], [ -58.647681960130697, -34.685410891264155 ], [ -58.64875120401534, -34.68523304965958 ] ] ] ] } },
{ "type": "Feature", "properties": { "Id": 0, "etiqueta": null }, "geometry": { "type": "MultiPolygon", "coordinates": [ [ [ [ -58.647681960130697, -34.685410891264155 ], [ -58.647466650605281, -34.684527554043918 ], [ -58.646397403835707, -34.684705395827507 ], [ -58.646612713986364, -34.685588732999754 ], [ -58.647681960130697, -34.685410891264155 ] ] ] ] } },
{ "type": "Feature", "properties": { "Id": 0, "etiqueta": null }, "geometry": { "type": "MultiPolygon", "coordinates": [ [ [ [ -58.646612713986364, -34.685588732999754 ], [ -58.646397403835707, -34.684705395827507 ], [ -58.645328154806506, -34.684883237742035 ], [ -58.645543465582342, -34.685766574866264 ], [ -58.646612713986364, -34.685588732999754 ] ] ] ] } },
{ "type": "Feature", "properties": { "Id": 1, "etiqueta": null }, "geometry": { "type": "MultiPolygon", "coordinates": [ [ [ [ -58.645546863725677, -34.685767643219741 ], [ -58.645329120006593, -34.684884738154551 ], [ -58.644259224472705, -34.68506015847327 ], [ -58.644476968800689, -34.685943063490868 ], [ -58.645546863725677, -34.685767643219741 ] ] ] ] } },
{ "type": "Feature", "properties": { "Id": 1, "etiqueta": null }, "geometry": { "type": "MultiPolygon", "coordinates": [ [ [ [ -58.64447421491861, -34.685944416863641 ], [ -58.644258903517745, -34.685061079787381 ], [ -58.64318964996918, -34.685238921963403 ], [ -58.643404961995024, -34.686122258991745 ], [ -58.64447421491861, -34.685944416863641 ] ] ] ] } },
{ "type": "Feature", "properties": { "Id": 1, "etiqueta": null }, "geometry": { "type": "MultiPolygon", "coordinates": [ [ [ [ -58.643404961995024, -34.686122258991745 ], [ -58.64318964996918, -34.685238921963403 ], [ -58.642120394160891, -34.685416764270073 ], [ -58.642335706811487, -34.686300101250502 ], [ -58.643404961995024, -34.686122258991745 ] ] ] ] } },
{ "type": "Feature", "properties": { "Id": 1, "etiqueta": null }, "geometry": { "type": "MultiPolygon", "coordinates": [ [ [ [ -58.642335706811487, -34.686300101250502 ], [ -58.642120394160891, -34.685416764270073 ], [ -58.641051136092742, -34.685594606707198 ], [ -58.641266449368153, -34.686477943639794 ], [ -58.642335706811487, -34.686300101250502 ] ] ] ] } },
{ "type": "Feature", "properties": { "Id": 1, "etiqueta": null }, "geometry": { "type": "MultiPolygon", "coordinates": [ [ [ [ -58.641266449368153, -34.686477943639794 ], [ -58.641051136092742, -34.685594606707198 ], [ -58.639981875764803, -34.685772449274758 ], [ -58.64019718966469, -34.686655786159463 ], [ -58.641266449368153, -34.686477943639794 ] ] ] ] } },
{ "type": "Feature", "properties": { "Id": 1, "etiqueta": null }, "geometry": { "type": "MultiPolygon", "coordinates": [ [ [ [ -58.64019718966469, -34.686655786159463 ], [ -58.639981875764803, -34.685772449274758 ], [ -58.638912613176899, -34.685950291972574 ], [ -58.639127927701239, -34.686833628809545 ], [ -58.64019718966469, -34.686655786159463 ] ] ] ] } },
{ "type": "Feature", "properties": { "Id": 1, "etiqueta": null }, "geometry": { "type": "MultiPolygon", "coordinates": [ [ [ [ -58.639127927701239, -34.686833628809545 ], [ -58.638912613176899, -34.685950291972574 ], [ -58.637843348329007, -34.68612813480064 ], [ -58.638058663477672, -34.687011471589805 ], [ -58.639127927701239, -34.686833628809545 ] ] ] ] } },
{ "type": "Feature", "properties": { "Id": 1, "etiqueta": null }, "geometry": { "type": "MultiPolygon", "coordinates": [ [ [ [ -58.638058663477672, -34.687011471589827 ], [ -58.63784334832895, -34.68612813480064 ], [ -58.636774081220956, -34.686305977758771 ], [ -58.63698939699389, -34.687189314500237 ], [ -58.638058663477672, -34.687011471589827 ] ] ] ] } },
{ "type": "Feature", "properties": { "Id": 1, "etiqueta": null }, "geometry": { "type": "MultiPolygon", "coordinates": [ [ [ [ -58.636988414724321, -34.687187280277243 ], [ -58.636770666092517, -34.686304375594226 ], [ -58.635700751021055, -34.686479797136784 ], [ -58.635918500260765, -34.687362701772578 ], [ -58.636988414724321, -34.687187280277243 ] ] ] ] } },
{ "type": "Feature", "properties": { "Id": 0, "etiqueta": null }, "geometry": { "type": "MultiPolygon", "coordinates": [ [ [ [ -58.635920128249893, -34.687367157540656 ], [ -58.635704811852854, -34.686483820846931 ], [ -58.634635540224629, -34.686661664064957 ], [ -58.63485085724561, -34.68754500071104 ], [ -58.635920128249893, -34.687367157540656 ] ] ] ] } },
{ "type": "Feature", "properties": { "Id": 0, "etiqueta": null }, "geometry": { "type": "MultiPolygon", "coordinates": [ [ [ [ -58.63485085724561, -34.68754500071104 ], [ -58.634635540224629, -34.686661664064957 ], [ -58.633566266336132, -34.686839507412756 ], [ -58.633781583980962, -34.687722844011212 ], [ -58.63485085724561, -34.68754500071104 ] ] ] ] } },
{ "type": "Feature", "properties": { "Id": 0, "etiqueta": null }, "geometry": { "type": "MultiPolygon", "coordinates": [ [ [ [ -58.633781583980962, -34.687722844011212 ], [ -58.633566266336132, -34.686839507412756 ], [ -58.632496990187278, -34.687017350890287 ], [ -58.632712308455943, -34.687900687441086 ], [ -58.633781583980962, -34.687722844011212 ] ] ] ] } },
{ "type": "Feature", "properties": { "Id": 0, "etiqueta": null }, "geometry": { "type": "MultiPolygon", "coordinates": [ [ [ [ -58.632712308455943, -34.687900687441086 ], [ -58.632496990187278, -34.687017350890287 ], [ -58.631427711778137, -34.687195194497384 ], [ -58.631643030670382, -34.68807853100062 ], [ -58.632712308455943, -34.687900687441086 ] ] ] ] } },
{ "type": "Feature", "properties": { "Id": 0, "etiqueta": "13" }, "geometry": { "type": "MultiPolygon", "coordinates": [ [ [ [ -58.654951314729054, -34.683282665232674 ], [ -58.654736014208034, -34.682399327349664 ], [ -58.653666782627823, -34.682577168262299 ], [ -58.653882083774839, -34.683460506097092 ], [ -58.654951314729054, -34.683282665232674 ] ] ] ] } },
{ "type": "Feature", "properties": { "Id": 0, "etiqueta": null }, "geometry": { "type": "MultiPolygon", "coordinates": [ [ [ [ -58.653882083774839, -34.683460506097092 ], [ -58.653666782627823, -34.682577168262299 ], [ -58.652597548788584, -34.682755009306568 ], [ -58.652812850561538, -34.683638347093073 ], [ -58.653882083774839, -34.683460506097092 ] ] ] ] } },
{ "type": "Feature", "properties": { "Id": 0, "etiqueta": null }, "geometry": { "type": "MultiPolygon", "coordinates": [ [ [ [ -58.652812850561538, -34.683638347093073 ], [ -58.652597548788584, -34.682755009306568 ], [ -58.651528312690218, -34.682932850482281 ], [ -58.651743615088982, -34.683816188220618 ], [ -58.652812850561538, -34.683638347093073 ] ] ] ] } },
{ "type": "Feature", "properties": { "Id": 0, "etiqueta": null }, "geometry": { "type": "MultiPolygon", "coordinates": [ [ [ [ -58.651743615088982, -34.683816188220618 ], [ -58.651528312690218, -34.682932850482281 ], [ -58.650459074332666, -34.683110691789402 ], [ -58.65067437735717, -34.683994029479535 ], [ -58.651743615088982, -34.683816188220618 ] ] ] ] } },
{ "type": "Feature", "properties": { "Id": 0, "etiqueta": null }, "geometry": { "type": "MultiPolygon", "coordinates": [ [ [ [ -58.65067437735717, -34.683994029479535 ], [ -58.650459074332666, -34.683110691789402 ], [ -58.649389833715901, -34.683288533227802 ], [ -58.649605137365945, -34.684171870869847 ], [ -58.65067437735717, -34.683994029479535 ] ] ] ] } },
{ "type": "Feature", "properties": { "Id": 0, "etiqueta": null }, "geometry": { "type": "MultiPolygon", "coordinates": [ [ [ [ -58.649605137365945, -34.684171870869847 ], [ -58.649389833715901, -34.683288533227802 ], [ -58.648320590839866, -34.683466374797426 ], [ -58.648535895115359, -34.684349712391338 ], [ -58.649605137365945, -34.684171870869847 ] ] ] ] } },
{ "type": "Feature", "properties": { "Id": 0, "etiqueta": null }, "geometry": { "type": "MultiPolygon", "coordinates": [ [ [ [ -58.648535895115359, -34.684349712391338 ], [ -58.648320590839866, -34.683466374797426 ], [ -58.647251345704461, -34.683644216498081 ], [ -58.647466650605281, -34.684527554043918 ], [ -58.648535895115359, -34.684349712391338 ] ] ] ] } },
{ "type": "Feature", "properties": { "Id": 0, "etiqueta": null }, "geometry": { "type": "MultiPolygon", "coordinates": [ [ [ [ -58.647466650605281, -34.684527554043918 ], [ -58.647251345704461, -34.683644216498081 ], [ -58.646182098309666, -34.683822058329746 ], [ -58.646397403835707, -34.684705395827507 ], [ -58.647466650605281, -34.684527554043918 ] ] ] ] } },
{ "type": "Feature", "properties": { "Id": 0, "etiqueta": null }, "geometry": { "type": "MultiPolygon", "coordinates": [ [ [ [ -58.646397403835707, -34.684705395827507 ], [ -58.646182098309666, -34.683822058329746 ], [ -58.645112848655344, -34.683999900292285 ], [ -58.645328154806506, -34.684883237742035 ], [ -58.646397403835707, -34.684705395827507 ] ] ] ] } },
{ "type": "Feature", "properties": { "Id": 0, "etiqueta": null }, "geometry": { "type": "MultiPolygon", "coordinates": [ [ [ [ -58.645328154806506, -34.684883237742035 ], [ -58.645112848655344, -34.683999900292285 ], [ -58.644043596741547, -34.684177742385636 ], [ -58.644258903517745, -34.685061079787381 ], [ -58.645328154806506, -34.684883237742035 ] ] ] ] } },
{ "type": "Feature", "properties": { "Id": 0, "etiqueta": null }, "geometry": { "type": "MultiPolygon", "coordinates": [ [ [ [ -58.644258903517745, -34.685061079787381 ], [ -58.644043596741547, -34.684177742385636 ], [ -58.642974342568138, -34.684355584609598 ], [ -58.64318964996918, -34.685238921963403 ], [ -58.644258903517745, -34.685061079787381 ] ] ] ] } },
{ "type": "Feature", "properties": { "Id": 1, "etiqueta": null }, "geometry": { "type": "MultiPolygon", "coordinates": [ [ [ [ -58.64318964996918, -34.685238921963403 ], [ -58.642974342568138, -34.684355584609598 ], [ -58.641905086135097, -34.684533426964187 ], [ -58.642120394160891, -34.685416764270073 ], [ -58.64318964996918, -34.685238921963403 ] ] ] ] } },
{ "type": "Feature", "properties": { "Id": 1, "etiqueta": null }, "geometry": { "type": "MultiPolygon", "coordinates": [ [ [ [ -58.642120394160891, -34.685416764270073 ], [ -58.641905086135097, -34.684533426964187 ], [ -58.64083582744243, -34.684711269449217 ], [ -58.641051136092742, -34.685594606707198 ], [ -58.642120394160891, -34.685416764270073 ] ] ] ] } },
{ "type": "Feature", "properties": { "Id": 1, "etiqueta": null }, "geometry": { "type": "MultiPolygon", "coordinates": [ [ [ [ -58.641051136092742, -34.685594606707198 ], [ -58.64083582744243, -34.684711269449217 ], [ -58.639766566489925, -34.684889112064631 ], [ -58.639981875764803, -34.685772449274758 ], [ -58.641051136092742, -34.685594606707198 ] ] ] ] } },
{ "type": "Feature", "properties": { "Id": 1, "etiqueta": null }, "geometry": { "type": "MultiPolygon", "coordinates": [ [ [ [ -58.639981875764803, -34.685772449274758 ], [ -58.639766566489925, -34.684889112064631 ], [ -58.638697303277624, -34.685066954810345 ], [ -58.638912613176899, -34.685950291972574 ], [ -58.639981875764803, -34.685772449274758 ] ] ] ] } },
{ "type": "Feature", "properties": { "Id": 1, "etiqueta": null }, "geometry": { "type": "MultiPolygon", "coordinates": [ [ [ [ -58.638912613176899, -34.685950291972574 ], [ -58.638697303277624, -34.685066954810345 ], [ -58.637628037805435, -34.68524479768616 ], [ -58.637843348329007, -34.68612813480064 ], [ -58.638912613176899, -34.685950291972574 ] ] ] ] } },
{ "type": "Feature", "properties": { "Id": 1, "etiqueta": null }, "geometry": { "type": "MultiPolygon", "coordinates": [ [ [ [ -58.63784334832895, -34.68612813480064 ], [ -58.637628037805435, -34.68524479768616 ], [ -58.636558770073258, -34.685422640692074 ], [ -58.636774081220956, -34.686305977758771 ], [ -58.63784334832895, -34.68612813480064 ] ] ] ] } },
{ "type": "Feature", "properties": { "Id": 0, "etiqueta": null }, "geometry": { "type": "MultiPolygon", "coordinates": [ [ [ [ -58.636774081220956, -34.686305977758771 ], [ -58.636558770073258, -34.685422640692074 ], [ -58.635489500081107, -34.685600483827969 ], [ -58.635704811852854, -34.686483820846931 ], [ -58.636774081220956, -34.686305977758771 ] ] ] ] } },
{ "type": "Feature", "properties": { "Id": 0, "etiqueta": null }, "geometry": { "type": "MultiPolygon", "coordinates": [ [ [ [ -58.635704811852854, -34.686483820846931 ], [ -58.635489500081107, -34.685600483827969 ], [ -58.634420227828919, -34.685778327093736 ], [ -58.634635540224629, -34.686661664064957 ], [ -58.635704811852854, -34.686483820846931 ] ] ] ] } },
{ "type": "Feature", "properties": { "Id": 0, "etiqueta": null }, "geometry": { "type": "MultiPolygon", "coordinates": [ [ [ [ -58.634635540224629, -34.686661664064957 ], [ -58.634420227828919, -34.685778327093736 ], [ -58.633350953316658, -34.685956170489185 ], [ -58.633566266336132, -34.686839507412756 ], [ -58.634635540224629, -34.686661664064957 ] ] ] ] } },
{ "type": "Feature", "properties": { "Id": 0, "etiqueta": null }, "geometry": { "type": "MultiPolygon", "coordinates": [ [ [ [ -58.633566266336132, -34.686839507412756 ], [ -58.633350953316658, -34.685956170489185 ], [ -58.632281676544174, -34.686134014014407 ], [ -58.632496990187278, -34.687017350890287 ], [ -58.633566266336132, -34.686839507412756 ] ] ] ] } },
{ "type": "Feature", "properties": { "Id": 0, "etiqueta": null }, "geometry": { "type": "MultiPolygon", "coordinates": [ [ [ [ -58.632496990187278, -34.687017350890287 ], [ -58.632281676544174, -34.686134014014407 ], [ -58.631212397511412, -34.686311857669082 ], [ -58.631427711778137, -34.687195194497384 ], [ -58.632496990187278, -34.687017350890287 ] ] ] ] } },
{ "type": "Feature", "properties": { "Id": 0, "etiqueta": "14" }, "geometry": { "type": "MultiPolygon", "coordinates": [ [ [ [ -58.654736014208034, -34.682399327349664 ], [ -58.65452071831082, -34.681515989140799 ], [ -58.653451486104601, -34.681693830101786 ], [ -58.653666782627823, -34.682577168262299 ], [ -58.654736014208034, -34.682399327349664 ] ] ] ] } },
{ "type": "Feature", "properties": { "Id": 0, "etiqueta": null }, "geometry": { "type": "MultiPolygon", "coordinates": [ [ [ [ -58.653666782627823, -34.682577168262299 ], [ -58.653451486104601, -34.681693830101786 ], [ -58.652382251639516, -34.681871671194301 ], [ -58.652597548788584, -34.682755009306568 ], [ -58.653666782627823, -34.682577168262299 ] ] ] ] } },
{ "type": "Feature", "properties": { "Id": 0, "etiqueta": null }, "geometry": { "type": "MultiPolygon", "coordinates": [ [ [ [ -58.652597548788584, -34.682755009306568 ], [ -58.652382251639516, -34.681871671194301 ], [ -58.651313014915395, -34.68204951241826 ], [ -58.651528312690218, -34.682932850482281 ], [ -58.652597548788584, -34.682755009306568 ] ] ] ] } },
{ "type": "Feature", "properties": { "Id": 0, "etiqueta": null }, "geometry": { "type": "MultiPolygon", "coordinates": [ [ [ [ -58.651528312690218, -34.682932850482281 ], [ -58.651313014915395, -34.68204951241826 ], [ -58.650243775932211, -34.682227353773555 ], [ -58.650459074332666, -34.683110691789402 ], [ -58.651528312690218, -34.682932850482281 ] ] ] ] } },
{ "type": "Feature", "properties": { "Id": 0, "etiqueta": null }, "geometry": { "type": "MultiPolygon", "coordinates": [ [ [ [ -58.650459074332666, -34.683110691789402 ], [ -58.650243775932211, -34.682227353773555 ], [ -58.649174534689934, -34.682405195260188 ], [ -58.649389833715901, -34.683288533227802 ], [ -58.650459074332666, -34.683110691789402 ] ] ] ] } },
{ "type": "Feature", "properties": { "Id": 0, "etiqueta": null }, "geometry": { "type": "MultiPolygon", "coordinates": [ [ [ [ -58.649389833715901, -34.683288533227802 ], [ -58.649174534689934, -34.682405195260188 ], [ -58.648105291188536, -34.682583036877929 ], [ -58.648320590839866, -34.683466374797426 ], [ -58.649389833715901, -34.683288533227802 ] ] ] ] } },
{ "type": "Feature", "properties": { "Id": 0, "etiqueta": null }, "geometry": { "type": "MultiPolygon", "coordinates": [ [ [ [ -58.648320590839866, -34.683466374797426 ], [ -58.648105291188536, -34.682583036877929 ], [ -58.647036045427875, -34.682760878626738 ], [ -58.647251345704461, -34.683644216498081 ], [ -58.648320590839866, -34.683466374797426 ] ] ] ] } },
{ "type": "Feature", "properties": { "Id": 0, "etiqueta": null }, "geometry": { "type": "MultiPolygon", "coordinates": [ [ [ [ -58.647251345704461, -34.683644216498081 ], [ -58.647036045427875, -34.682760878626738 ], [ -58.645966797407887, -34.682938720506492 ], [ -58.646182098309666, -34.683822058329746 ], [ -58.647251345704461, -34.683644216498081 ] ] ] ] } },
{ "type": "Feature", "properties": { "Id": 0, "etiqueta": null }, "geometry": { "type": "MultiPolygon", "coordinates": [ [ [ [ -58.646182098309666, -34.683822058329746 ], [ -58.645966797407887, -34.682938720506492 ], [ -58.644897547128586, -34.683116562517093 ], [ -58.645112848655344, -34.683999900292285 ], [ -58.646182098309666, -34.683822058329746 ] ] ] ] } },
{ "type": "Feature", "properties": { "Id": 0, "etiqueta": null }, "geometry": { "type": "MultiPolygon", "coordinates": [ [ [ [ -58.645112848655344, -34.683999900292285 ], [ -58.644897547128586, -34.683116562517093 ], [ -58.643828294589859, -34.68329440465844 ], [ -58.644043596741547, -34.684177742385636 ], [ -58.645112848655344, -34.683999900292285 ] ] ] ] } },
{ "type": "Feature", "properties": { "Id": 0, "etiqueta": null }, "geometry": { "type": "MultiPolygon", "coordinates": [ [ [ [ -58.644043596741547, -34.684177742385636 ], [ -58.643828294589859, -34.68329440465844 ], [ -58.642759039791677, -34.683472246930371 ], [ -58.642974342568138, -34.684355584609598 ], [ -58.644043596741547, -34.684177742385636 ] ] ] ] } },
{ "type": "Feature", "properties": { "Id": 1, "etiqueta": null }, "geometry": { "type": "MultiPolygon", "coordinates": [ [ [ [ -58.642974342568138, -34.684355584609598 ], [ -58.642759039791677, -34.683472246930371 ], [ -58.641689782733962, -34.683650089332957 ], [ -58.641905086135097, -34.684533426964187 ], [ -58.642974342568138, -34.684355584609598 ] ] ] ] } },
{ "type": "Feature", "properties": { "Id": 1, "etiqueta": null }, "geometry": { "type": "MultiPolygon", "coordinates": [ [ [ [ -58.641905086135097, -34.684533426964187 ], [ -58.641689782733962, -34.683650089332957 ], [ -58.640620523416644, -34.68382793186592 ], [ -58.64083582744243, -34.684711269449217 ], [ -58.641905086135097, -34.684533426964187 ] ] ] ] } },
{ "type": "Feature", "properties": { "Id": 1, "etiqueta": null }, "geometry": { "type": "MultiPolygon", "coordinates": [ [ [ [ -58.64083582744243, -34.684711269449217 ], [ -58.640620523416644, -34.68382793186592 ], [ -58.639551261839756, -34.684005774529275 ], [ -58.639766566489925, -34.684889112064631 ], [ -58.64083582744243, -34.684711269449217 ] ] ] ] } },
{ "type": "Feature", "properties": { "Id": 1, "etiqueta": null }, "geometry": { "type": "MultiPolygon", "coordinates": [ [ [ [ -58.639766566489925, -34.684889112064631 ], [ -58.639551261839756, -34.684005774529275 ], [ -58.638481998003087, -34.684183617322823 ], [ -58.638697303277624, -34.685066954810345 ], [ -58.639766566489925, -34.684889112064631 ] ] ] ] } },
{ "type": "Feature", "properties": { "Id": 1, "etiqueta": null }, "geometry": { "type": "MultiPolygon", "coordinates": [ [ [ [ -58.638697303277624, -34.685066954810345 ], [ -58.638481998003087, -34.684183617322823 ], [ -58.637412731906686, -34.684361460246492 ], [ -58.637628037805435, -34.68524479768616 ], [ -58.638697303277624, -34.685066954810345 ] ] ] ] } },
{ "type": "Feature", "properties": { "Id": 1, "etiqueta": null }, "geometry": { "type": "MultiPolygon", "coordinates": [ [ [ [ -58.637628037805435, -34.68524479768616 ], [ -58.637412731906672, -34.684361460246514 ], [ -58.636343463550432, -34.684539303300184 ], [ -58.636558770073258, -34.685422640692074 ], [ -58.637628037805435, -34.68524479768616 ] ] ] ] } },
{ "type": "Feature", "properties": { "Id": 0, "etiqueta": null }, "geometry": { "type": "MultiPolygon", "coordinates": [ [ [ [ -58.636558770073258, -34.685422640692074 ], [ -58.636343463550432, -34.684539303300184 ], [ -58.635274192934332, -34.684717146483877 ], [ -58.635489500081107, -34.685600483827969 ], [ -58.636558770073258, -34.685422640692074 ] ] ] ] } },
{ "type": "Feature", "properties": { "Id": 0, "etiqueta": null }, "geometry": { "type": "MultiPolygon", "coordinates": [ [ [ [ -58.635489500081107, -34.685600483827969 ], [ -58.635274192934332, -34.684717146483877 ], [ -58.634204920058323, -34.68489498979735 ], [ -58.634420227828919, -34.685778327093736 ], [ -58.635489500081107, -34.685600483827969 ] ] ] ] } },
{ "type": "Feature", "properties": { "Id": 0, "etiqueta": null }, "geometry": { "type": "MultiPolygon", "coordinates": [ [ [ [ -58.634420227828919, -34.685778327093736 ], [ -58.634204920058323, -34.68489498979735 ], [ -58.633135644922277, -34.685072833240589 ], [ -58.633350953316658, -34.685956170489185 ], [ -58.634420227828919, -34.685778327093736 ] ] ] ] } },
{ "type": "Feature", "properties": { "Id": 0, "etiqueta": null }, "geometry": { "type": "MultiPolygon", "coordinates": [ [ [ [ -58.633350953316658, -34.685956170489185 ], [ -58.633135644922277, -34.685072833240589 ], [ -58.632066367526164, -34.685250676813467 ], [ -58.632281676544174, -34.686134014014407 ], [ -58.633350953316658, -34.685956170489185 ] ] ] ] } },
{ "type": "Feature", "properties": { "Id": 0, "etiqueta": null }, "geometry": { "type": "MultiPolygon", "coordinates": [ [ [ [ -58.632281676544174, -34.686134014014407 ], [ -58.632066367526164, -34.685250676813467 ], [ -58.630997087869936, -34.685428520515778 ], [ -58.631212397511412, -34.686311857669082 ], [ -58.632281676544174, -34.686134014014407 ] ] ] ] } },
{ "type": "Feature", "properties": { "Id": 0, "etiqueta": "15" }, "geometry": { "type": "MultiPolygon", "coordinates": [ [ [ [ -58.65452071831082, -34.681515989140799 ], [ -58.654305427037087, -34.680632650606185 ], [ -58.653236194204972, -34.680810491615503 ], [ -58.653451486104601, -34.681693830101786 ], [ -58.65452071831082, -34.681515989140799 ] ] ] ] } },
{ "type": "Feature", "properties": { "Id": 0, "etiqueta": null }, "geometry": { "type": "MultiPolygon", "coordinates": [ [ [ [ -58.653451486104601, -34.681693830101786 ], [ -58.653236194204972, -34.680810491615503 ], [ -58.652166959114069, -34.6809883327563 ], [ -58.652382251639516, -34.681871671194301 ], [ -58.653451486104601, -34.681693830101786 ] ] ] ] } },
{ "type": "Feature", "properties": { "Id": 0, "etiqueta": null }, "geometry": { "type": "MultiPolygon", "coordinates": [ [ [ [ -58.652382251639516, -34.681871671194301 ], [ -58.652166959114069, -34.6809883327563 ], [ -58.651097721764266, -34.681166174028554 ], [ -58.651313014915395, -34.68204951241826 ], [ -58.652382251639516, -34.681871671194301 ] ] ] ] } },
{ "type": "Feature", "properties": { "Id": 0, "etiqueta": null }, "geometry": { "type": "MultiPolygon", "coordinates": [ [ [ [ -58.651313014915395, -34.68204951241826 ], [ -58.651097721764266, -34.681166174028554 ], [ -58.650028482155548, -34.681344015432138 ], [ -58.650243775932211, -34.682227353773555 ], [ -58.651313014915395, -34.68204951241826 ] ] ] ] } },
{ "type": "Feature", "properties": { "Id": 0, "etiqueta": null }, "geometry": { "type": "MultiPolygon", "coordinates": [ [ [ [ -58.650243775932211, -34.682227353773555 ], [ -58.650028482155548, -34.681344015432138 ], [ -58.648959240287795, -34.681521856967002 ], [ -58.649174534689934, -34.682405195260188 ], [ -58.650243775932211, -34.682227353773555 ] ] ] ] } },
{ "type": "Feature", "properties": { "Id": 0, "etiqueta": null }, "geometry": { "type": "MultiPolygon", "coordinates": [ [ [ [ -58.649174534689934, -34.682405195260188 ], [ -58.648959240287795, -34.681521856967002 ], [ -58.647889996161027, -34.681699698632883 ], [ -58.648105291188536, -34.682583036877929 ], [ -58.649174534689934, -34.682405195260188 ] ] ] ] } },
{ "type": "Feature", "properties": { "Id": 0, "etiqueta": null }, "geometry": { "type": "MultiPolygon", "coordinates": [ [ [ [ -58.648105291188536, -34.682583036877929 ], [ -58.647889996161027, -34.681699698632883 ], [ -58.646820749775209, -34.68187754042988 ], [ -58.647036045427875, -34.682760878626738 ], [ -58.648105291188536, -34.682583036877929 ] ] ] ] } },
{ "type": "Feature", "properties": { "Id": 0, "etiqueta": null }, "geometry": { "type": "MultiPolygon", "coordinates": [ [ [ [ -58.647036045427875, -34.682760878626738 ], [ -58.646820749775209, -34.68187754042988 ], [ -58.645751501130135, -34.682055382357753 ], [ -58.645966797407887, -34.682938720506492 ], [ -58.647036045427875, -34.682760878626738 ] ] ] ] } },
{ "type": "Feature", "properties": { "Id": 0, "etiqueta": null }, "geometry": { "type": "MultiPolygon", "coordinates": [ [ [ [ -58.645966797407887, -34.682938720506492 ], [ -58.645751501130135, -34.682055382357753 ], [ -58.644682250225856, -34.682233224416443 ], [ -58.644897547128586, -34.683116562517093 ], [ -58.645966797407887, -34.682938720506492 ] ] ] ] } },
{ "type": "Feature", "properties": { "Id": 1, "etiqueta": null }, "geometry": { "type": "MultiPolygon", "coordinates": [ [ [ [ -58.644897547128586, -34.683116562517093 ], [ -58.644682250225856, -34.682233224416443 ], [ -58.643612997062277, -34.682411066605859 ], [ -58.643828294589859, -34.68329440465844 ], [ -58.644897547128586, -34.683116562517093 ] ] ] ] } },
{ "type": "Feature", "properties": { "Id": 1, "etiqueta": null }, "geometry": { "type": "MultiPolygon", "coordinates": [ [ [ [ -58.643828294589859, -34.68329440465844 ], [ -58.643612997062277, -34.682411066605859 ], [ -58.642543741639379, -34.682588908925851 ], [ -58.642759039791677, -34.683472246930371 ], [ -58.643828294589859, -34.68329440465844 ] ] ] ] } },
{ "type": "Feature", "properties": { "Id": 1, "etiqueta": null }, "geometry": { "type": "MultiPolygon", "coordinates": [ [ [ [ -58.642759039791677, -34.683472246930371 ], [ -58.642543741639379, -34.682588908925851 ], [ -58.641474483957111, -34.682766751376406 ], [ -58.641689782733962, -34.683650089332957 ], [ -58.642759039791677, -34.683472246930371 ] ] ] ] } },
{ "type": "Feature", "properties": { "Id": 1, "etiqueta": null }, "geometry": { "type": "MultiPolygon", "coordinates": [ [ [ [ -58.641689782733962, -34.683650089332957 ], [ -58.641474483957111, -34.682766751376406 ], [ -58.640405224015346, -34.682944593957316 ], [ -58.640620523416644, -34.68382793186592 ], [ -58.641689782733962, -34.683650089332957 ] ] ] ] } },
{ "type": "Feature", "properties": { "Id": 1, "etiqueta": null }, "geometry": { "type": "MultiPolygon", "coordinates": [ [ [ [ -58.640620523416644, -34.68382793186592 ], [ -58.640405224015346, -34.682944593957316 ], [ -58.639335961813956, -34.683122436668576 ], [ -58.639551261839756, -34.684005774529275 ], [ -58.640620523416644, -34.68382793186592 ] ] ] ] } },
{ "type": "Feature", "properties": { "Id": 1, "etiqueta": null }, "geometry": { "type": "MultiPolygon", "coordinates": [ [ [ [ -58.639551261839756, -34.684005774529275 ], [ -58.639335961813956, -34.683122436668576 ], [ -58.638266697353082, -34.683300279510021 ], [ -58.638481998003087, -34.684183617322823 ], [ -58.639551261839756, -34.684005774529275 ] ] ] ] } },
{ "type": "Feature", "properties": { "Id": 1, "etiqueta": null }, "geometry": { "type": "MultiPolygon", "coordinates": [ [ [ [ -58.638481998003087, -34.684183617322823 ], [ -58.638266697353082, -34.683300279510021 ], [ -58.637197430632547, -34.68347812248161 ], [ -58.637412731906686, -34.684361460246492 ], [ -58.638481998003087, -34.684183617322823 ] ] ] ] } },
{ "type": "Feature", "properties": { "Id": 1, "etiqueta": null }, "geometry": { "type": "MultiPolygon", "coordinates": [ [ [ [ -58.637412731906672, -34.684361460246514 ], [ -58.637197430632511, -34.68347812248161 ], [ -58.636128161652302, -34.683655965583164 ], [ -58.636343463550432, -34.684539303300184 ], [ -58.637412731906672, -34.684361460246514 ] ] ] ] } },
{ "type": "Feature", "properties": { "Id": 1, "etiqueta": null }, "geometry": { "type": "MultiPolygon", "coordinates": [ [ [ [ -58.636343463550432, -34.684539303300184 ], [ -58.636128161652302, -34.683655965583164 ], [ -58.635058890412239, -34.683833808814668 ], [ -58.635274192934332, -34.684717146483877 ], [ -58.636343463550432, -34.684539303300184 ] ] ] ] } },
{ "type": "Feature", "properties": { "Id": 0, "etiqueta": null }, "geometry": { "type": "MultiPolygon", "coordinates": [ [ [ [ -58.635274192934332, -34.684717146483877 ], [ -58.635058890412239, -34.683833808814668 ], [ -58.633989616912423, -34.684011652175919 ], [ -58.634204920058323, -34.68489498979735 ], [ -58.635274192934332, -34.684717146483877 ] ] ] ] } },
{ "type": "Feature", "properties": { "Id": 0, "etiqueta": null }, "geometry": { "type": "MultiPolygon", "coordinates": [ [ [ [ -58.634204920058323, -34.68489498979735 ], [ -58.633989616912423, -34.684011652175919 ], [ -58.63292034115269, -34.684189495666914 ], [ -58.633135644922277, -34.685072833240589 ], [ -58.634204920058323, -34.68489498979735 ] ] ] ] } },
{ "type": "Feature", "properties": { "Id": 0, "etiqueta": null }, "geometry": { "type": "MultiPolygon", "coordinates": [ [ [ [ -58.633135644922277, -34.685072833240589 ], [ -58.63292034115269, -34.684189495666914 ], [ -58.631851063133091, -34.68436733928749 ], [ -58.632066367526164, -34.685250676813467 ], [ -58.633135644922277, -34.685072833240589 ] ] ] ] } },
{ "type": "Feature", "properties": { "Id": 0, "etiqueta": null }, "geometry": { "type": "MultiPolygon", "coordinates": [ [ [ [ -58.632066367526164, -34.685250676813467 ], [ -58.631851063133091, -34.68436733928749 ], [ -58.630781782853362, -34.68454518303755 ], [ -58.630997087869936, -34.685428520515778 ], [ -58.632066367526164, -34.685250676813467 ] ] ] ] } },
{ "type": "Feature", "properties": { "Id": 0, "etiqueta": "16" }, "geometry": { "type": "MultiPolygon", "coordinates": [ [ [ [ -58.654305427037087, -34.680632650606185 ], [ -58.654090140386543, -34.679749311745809 ], [ -58.65302090692856, -34.679927152803522 ], [ -58.653236194204972, -34.680810491615503 ], [ -58.654305427037087, -34.680632650606185 ] ] ] ] } },
{ "type": "Feature", "properties": { "Id": 0, "etiqueta": null }, "geometry": { "type": "MultiPolygon", "coordinates": [ [ [ [ -58.653236194204972, -34.680810491615503 ], [ -58.65302090692856, -34.679927152803522 ], [ -58.651951671211975, -34.680104993992686 ], [ -58.652166959114069, -34.6809883327563 ], [ -58.653236194204972, -34.680810491615503 ] ] ] ] } },
{ "type": "Feature", "properties": { "Id": 0, "etiqueta": null }, "geometry": { "type": "MultiPolygon", "coordinates": [ [ [ [ -58.652166959114069, -34.6809883327563 ], [ -58.651951671211975, -34.680104993992686 ], [ -58.650882433236546, -34.680282835313257 ], [ -58.651097721764266, -34.681166174028554 ], [ -58.652166959114069, -34.6809883327563 ] ] ] ] } },
{ "type": "Feature", "properties": { "Id": 0, "etiqueta": null }, "geometry": { "type": "MultiPolygon", "coordinates": [ [ [ [ -58.651097721764266, -34.681166174028554 ], [ -58.650882433236546, -34.680282835313257 ], [ -58.649813193002345, -34.680460676765094 ], [ -58.650028482155548, -34.681344015432138 ], [ -58.651097721764266, -34.681166174028554 ] ] ] ] } },
{ "type": "Feature", "properties": { "Id": 0, "etiqueta": null }, "geometry": { "type": "MultiPolygon", "coordinates": [ [ [ [ -58.650028482155548, -34.681344015432138 ], [ -58.649813193002345, -34.680460676765094 ], [ -58.648743950509228, -34.680638518348189 ], [ -58.648959240287795, -34.681521856967002 ], [ -58.650028482155548, -34.681344015432138 ] ] ] ] } },
{ "type": "Feature", "properties": { "Id": 0, "etiqueta": null }, "geometry": { "type": "MultiPolygon", "coordinates": [ [ [ [ -58.648959240287795, -34.681521856967002 ], [ -58.648743950509228, -34.680638518348189 ], [ -58.647674705757247, -34.680816360062337 ], [ -58.647889996161027, -34.681699698632883 ], [ -58.648959240287795, -34.681521856967002 ] ] ] ] } },
{ "type": "Feature", "properties": { "Id": 0, "etiqueta": null }, "geometry": { "type": "MultiPolygon", "coordinates": [ [ [ [ -58.647889996161027, -34.681699698632883 ], [ -58.647674705757247, -34.680816360062337 ], [ -58.646605458746258, -34.680994201907509 ], [ -58.646820749775209, -34.68187754042988 ], [ -58.647889996161027, -34.681699698632883 ] ] ] ] } },
{ "type": "Feature", "properties": { "Id": 1, "etiqueta": null }, "geometry": { "type": "MultiPolygon", "coordinates": [ [ [ [ -58.646820749775209, -34.68187754042988 ], [ -58.646605458746258, -34.680994201907509 ], [ -58.645536209476163, -34.681172043883528 ], [ -58.645751501130135, -34.682055382357753 ], [ -58.646820749775209, -34.68187754042988 ] ] ] ] } },
{ "type": "Feature", "properties": { "Id": 1, "etiqueta": null }, "geometry": { "type": "MultiPolygon", "coordinates": [ [ [ [ -58.645751501130135, -34.682055382357753 ], [ -58.645536209476163, -34.681172043883528 ], [ -58.644466957947003, -34.681349885990343 ], [ -58.644682250225856, -34.682233224416443 ], [ -58.645751501130135, -34.682055382357753 ] ] ] ] } },
{ "type": "Feature", "properties": { "Id": 1, "etiqueta": null }, "geometry": { "type": "MultiPolygon", "coordinates": [ [ [ [ -58.644682250225856, -34.682233224416443 ], [ -58.644466957947003, -34.681349885990343 ], [ -58.643397704158595, -34.68152772822782 ], [ -58.643612997062277, -34.682411066605859 ], [ -58.644682250225856, -34.682233224416443 ] ] ] ] } },
{ "type": "Feature", "properties": { "Id": 1, "etiqueta": null }, "geometry": { "type": "MultiPolygon", "coordinates": [ [ [ [ -58.643612997062277, -34.682411066605859 ], [ -58.643397704158595, -34.68152772822782 ], [ -58.64232844811108, -34.681705570595952 ], [ -58.642543741639379, -34.682588908925851 ], [ -58.643612997062277, -34.682411066605859 ] ] ] ] } },
{ "type": "Feature", "properties": { "Id": 1, "etiqueta": null }, "geometry": { "type": "MultiPolygon", "coordinates": [ [ [ [ -58.642543741639379, -34.682588908925851 ], [ -58.64232844811108, -34.681705570595952 ], [ -58.641259189804188, -34.681883413094489 ], [ -58.641474483957111, -34.682766751376406 ], [ -58.642543741639379, -34.682588908925851 ] ] ] ] } },
{ "type": "Feature", "properties": { "Id": 1, "etiqueta": null }, "geometry": { "type": "MultiPolygon", "coordinates": [ [ [ [ -58.641474483957111, -34.682766751376406 ], [ -58.641259189804188, -34.681883413094489 ], [ -58.640189929237927, -34.682061255723468 ], [ -58.640405224015346, -34.682944593957316 ], [ -58.641474483957111, -34.682766751376406 ] ] ] ] } },
{ "type": "Feature", "properties": { "Id": 1, "etiqueta": null }, "geometry": { "type": "MultiPolygon", "coordinates": [ [ [ [ -58.640405224015346, -34.682944593957316 ], [ -58.640189929237927, -34.682061255723468 ], [ -58.639120666412332, -34.682239098482704 ], [ -58.639335961813956, -34.683122436668576 ], [ -58.640405224015346, -34.682944593957316 ] ] ] ] } },
{ "type": "Feature", "properties": { "Id": 1, "etiqueta": null }, "geometry": { "type": "MultiPolygon", "coordinates": [ [ [ [ -58.639335961813956, -34.683122436668576 ], [ -58.639120666412332, -34.682239098482704 ], [ -58.638051401327218, -34.682416941372097 ], [ -58.638266697353082, -34.683300279510021 ], [ -58.639335961813956, -34.683122436668576 ] ] ] ] } },
{ "type": "Feature", "properties": { "Id": 1, "etiqueta": null }, "geometry": { "type": "MultiPolygon", "coordinates": [ [ [ [ -58.638266697353082, -34.683300279510021 ], [ -58.638051401327218, -34.682416941372097 ], [ -58.636982133982571, -34.682594784391554 ], [ -58.637197430632547, -34.68347812248161 ], [ -58.638266697353082, -34.683300279510021 ] ] ] ] } },
{ "type": "Feature", "properties": { "Id": 1, "etiqueta": null }, "geometry": { "type": "MultiPolygon", "coordinates": [ [ [ [ -58.637197430632511, -34.68347812248161 ], [ -58.636982133982571, -34.682594784391554 ], [ -58.635912864378362, -34.682772627541084 ], [ -58.636128161652302, -34.683655965583164 ], [ -58.637197430632511, -34.68347812248161 ] ] ] ] } },
{ "type": "Feature", "properties": { "Id": 1, "etiqueta": null }, "geometry": { "type": "MultiPolygon", "coordinates": [ [ [ [ -58.636128088742829, -34.683653683684916 ], [ -58.635910359712504, -34.682770777522485 ], [ -58.63484044225499, -34.682946199349317 ], [ -58.635058171892965, -34.68382910546427 ], [ -58.636128088742829, -34.683653683684916 ] ] ] ] } },
{ "type": "Feature", "properties": { "Id": 0, "etiqueta": null }, "geometry": { "type": "MultiPolygon", "coordinates": [ [ [ [ -58.635058890412239, -34.683833808814668 ], [ -58.634843592514507, -34.68295047082038 ], [ -58.633774318390955, -34.68312831422945 ], [ -58.633989616912423, -34.684011652175919 ], [ -58.635058890412239, -34.683833808814668 ] ] ] ] } },
{ "type": "Feature", "properties": { "Id": 0, "etiqueta": null }, "geometry": { "type": "MultiPolygon", "coordinates": [ [ [ [ -58.633989616912423, -34.684011652175919 ], [ -58.633774318390955, -34.68312831422945 ], [ -58.632705042007657, -34.683306157768207 ], [ -58.63292034115269, -34.684189495666914 ], [ -58.633989616912423, -34.684011652175919 ] ] ] ] } },
{ "type": "Feature", "properties": { "Id": 0, "etiqueta": null }, "geometry": { "type": "MultiPolygon", "coordinates": [ [ [ [ -58.63292034115269, -34.684189495666914 ], [ -58.632705042007657, -34.683306157768207 ], [ -58.631635763364514, -34.683484001436597 ], [ -58.631851063133091, -34.68436733928749 ], [ -58.63292034115269, -34.684189495666914 ] ] ] ] } },
{ "type": "Feature", "properties": { "Id": 0, "etiqueta": null }, "geometry": { "type": "MultiPolygon", "coordinates": [ [ [ [ -58.631851063133091, -34.68436733928749 ], [ -58.631635763364514, -34.683484001436597 ], [ -58.630566482461482, -34.683661845234354 ], [ -58.630781782853362, -34.68454518303755 ], [ -58.631851063133091, -34.68436733928749 ] ] ] ] } },
{ "type": "Feature", "properties": { "Id": 0, "etiqueta": "17" }, "geometry": { "type": "MultiPolygon", "coordinates": [ [ [ [ -58.654090140386543, -34.679749311745809 ], [ -58.65387485835889, -34.678865972559727 ], [ -58.652805624275153, -34.679043813665849 ], [ -58.65302090692856, -34.679927152803522 ], [ -58.654090140386543, -34.679749311745809 ] ] ] ] } },
{ "type": "Feature", "properties": { "Id": 0, "etiqueta": null }, "geometry": { "type": "MultiPolygon", "coordinates": [ [ [ [ -58.65302090692856, -34.679927152803522 ], [ -58.652805624275153, -34.679043813665849 ], [ -58.651736387932822, -34.679221654903394 ], [ -58.651951671211975, -34.680104993992686 ], [ -58.65302090692856, -34.679927152803522 ] ] ] ] } },
{ "type": "Feature", "properties": { "Id": 0, "etiqueta": null }, "geometry": { "type": "MultiPolygon", "coordinates": [ [ [ [ -58.651951671211975, -34.680104993992686 ], [ -58.651736387932822, -34.679221654903394 ], [ -58.650667149331895, -34.679399496272367 ], [ -58.650882433236546, -34.680282835313257 ], [ -58.651951671211975, -34.680104993992686 ] ] ] ] } },
{ "type": "Feature", "properties": { "Id": 0, "etiqueta": null }, "geometry": { "type": "MultiPolygon", "coordinates": [ [ [ [ -58.650882433236546, -34.680282835313257 ], [ -58.650667149331895, -34.679399496272367 ], [ -58.649597908472252, -34.679577337772507 ], [ -58.649813193002345, -34.680460676765094 ], [ -58.650882433236546, -34.680282835313257 ] ] ] ] } },
{ "type": "Feature", "properties": { "Id": 0, "etiqueta": null }, "geometry": { "type": "MultiPolygon", "coordinates": [ [ [ [ -58.649813193002345, -34.680460676765094 ], [ -58.649597908472252, -34.679577337772507 ], [ -58.648528665353844, -34.679755179403898 ], [ -58.648743950509228, -34.680638518348189 ], [ -58.649813193002345, -34.680460676765094 ] ] ] ] } },
{ "type": "Feature", "properties": { "Id": 0, "etiqueta": null }, "geometry": { "type": "MultiPolygon", "coordinates": [ [ [ [ -58.648743950509228, -34.680638518348189 ], [ -58.648528665353844, -34.679755179403898 ], [ -58.647459419976627, -34.679933021166306 ], [ -58.647674705757247, -34.680816360062337 ], [ -58.648743950509228, -34.680638518348189 ] ] ] ] } },
{ "type": "Feature", "properties": { "Id": 0, "etiqueta": null }, "geometry": { "type": "MultiPolygon", "coordinates": [ [ [ [ -58.647674705757247, -34.680816360062337 ], [ -58.647459419976627, -34.679933021166306 ], [ -58.646390172340517, -34.680110863059703 ], [ -58.646605458746258, -34.680994201907509 ], [ -58.647674705757247, -34.680816360062337 ] ] ] ] } },
{ "type": "Feature", "properties": { "Id": 1, "etiqueta": null }, "geometry": { "type": "MultiPolygon", "coordinates": [ [ [ [ -58.646605458746258, -34.680994201907509 ], [ -58.646390172340517, -34.680110863059703 ], [ -58.645320922445521, -34.680288705083932 ], [ -58.645536209476163, -34.681172043883528 ], [ -58.646605458746258, -34.680994201907509 ] ] ] ] } },
{ "type": "Feature", "properties": { "Id": 1, "etiqueta": null }, "geometry": { "type": "MultiPolygon", "coordinates": [ [ [ [ -58.645536209476163, -34.681172043883528 ], [ -58.645320922445521, -34.680288705083932 ], [ -58.644251670291474, -34.680466547238915 ], [ -58.644466957947003, -34.681349885990343 ], [ -58.645536209476163, -34.681172043883528 ] ] ] ] } },
{ "type": "Feature", "properties": { "Id": 1, "etiqueta": null }, "geometry": { "type": "MultiPolygon", "coordinates": [ [ [ [ -58.644466957947003, -34.681349885990343 ], [ -58.644251670291474, -34.680466547238915 ], [ -58.643182415878471, -34.680644389524517 ], [ -58.643397704158595, -34.68152772822782 ], [ -58.644466957947003, -34.681349885990343 ] ] ] ] } },
{ "type": "Feature", "properties": { "Id": 1, "etiqueta": null }, "geometry": { "type": "MultiPolygon", "coordinates": [ [ [ [ -58.643397704158595, -34.68152772822782 ], [ -58.643182415878471, -34.680644389524517 ], [ -58.642113159206303, -34.680822231940731 ], [ -58.64232844811108, -34.681705570595952 ], [ -58.643397704158595, -34.68152772822782 ] ] ] ] } },
{ "type": "Feature", "properties": { "Id": 1, "etiqueta": null }, "geometry": { "type": "MultiPolygon", "coordinates": [ [ [ [ -58.64232844811108, -34.681705570595952 ], [ -58.642113159206303, -34.680822231940731 ], [ -58.641043900274951, -34.6810000744874 ], [ -58.641259189804188, -34.681883413094489 ], [ -58.64232844811108, -34.681705570595952 ] ] ] ] } },
{ "type": "Feature", "properties": { "Id": 1, "etiqueta": null }, "geometry": { "type": "MultiPolygon", "coordinates": [ [ [ [ -58.641259189804188, -34.681883413094489 ], [ -58.641043900274951, -34.6810000744874 ], [ -58.639974639084322, -34.681177917164362 ], [ -58.640189929237927, -34.682061255723468 ], [ -58.641259189804188, -34.681883413094489 ] ] ] ] } },
{ "type": "Feature", "properties": { "Id": 1, "etiqueta": null }, "geometry": { "type": "MultiPolygon", "coordinates": [ [ [ [ -58.640189929237927, -34.682061255723468 ], [ -58.639974639084322, -34.681177917164362 ], [ -58.638905375634437, -34.681355759971616 ], [ -58.639120666412332, -34.682239098482704 ], [ -58.640189929237927, -34.682061255723468 ] ] ] ] } },
{ "type": "Feature", "properties": { "Id": 1, "etiqueta": null }, "geometry": { "type": "MultiPolygon", "coordinates": [ [ [ [ -58.639120666412332, -34.682239098482704 ], [ -58.638905375634437, -34.681355759971616 ], [ -58.637836109925217, -34.681533602908978 ], [ -58.638051401327218, -34.682416941372097 ], [ -58.639120666412332, -34.682239098482704 ] ] ] ] } },
{ "type": "Feature", "properties": { "Id": 1, "etiqueta": null }, "geometry": { "type": "MultiPolygon", "coordinates": [ [ [ [ -58.638051401327218, -34.682416941372097 ], [ -58.637836109925217, -34.681533602908978 ], [ -58.6367668419566, -34.681711445976447 ], [ -58.636982133982571, -34.682594784391554 ], [ -58.638051401327218, -34.682416941372097 ] ] ] ] } },
{ "type": "Feature", "properties": { "Id": 1, "etiqueta": null }, "geometry": { "type": "MultiPolygon", "coordinates": [ [ [ [ -58.636982133982571, -34.682594784391554 ], [ -58.6367668419566, -34.681711445976447 ], [ -58.635697571728493, -34.681889289173782 ], [ -58.635912864378362, -34.682772627541084 ], [ -58.636982133982571, -34.682594784391554 ] ] ] ] } },
{ "type": "Feature", "properties": { "Id": 1, "etiqueta": null }, "geometry": { "type": "MultiPolygon", "coordinates": [ [ [ [ -58.635912864378362, -34.682772627541084 ], [ -58.635697571728493, -34.681889289173782 ], [ -58.634628299240852, -34.682067132501018 ], [ -58.634843592514507, -34.68295047082038 ], [ -58.635912864378362, -34.682772627541084 ] ] ] ] } },
{ "type": "Feature", "properties": { "Id": 0, "etiqueta": null }, "geometry": { "type": "MultiPolygon", "coordinates": [ [ [ [ -58.634843592514507, -34.68295047082038 ], [ -58.634628299240852, -34.682067132501018 ], [ -58.633559024493714, -34.682244975957936 ], [ -58.633774318390955, -34.68312831422945 ], [ -58.634843592514507, -34.68295047082038 ] ] ] ] } },
{ "type": "Feature", "properties": { "Id": 0, "etiqueta": null }, "geometry": { "type": "MultiPolygon", "coordinates": [ [ [ [ -58.633774318390955, -34.68312831422945 ], [ -58.633559024493714, -34.682244975957936 ], [ -58.632489747486837, -34.682422819544541 ], [ -58.632705042007657, -34.683306157768207 ], [ -58.633774318390955, -34.68312831422945 ] ] ] ] } },
{ "type": "Feature", "properties": { "Id": 0, "etiqueta": null }, "geometry": { "type": "MultiPolygon", "coordinates": [ [ [ [ -58.632705042007657, -34.683306157768207 ], [ -58.632489747486837, -34.682422819544541 ], [ -58.631420468220249, -34.6826006632607 ], [ -58.631635763364514, -34.683484001436597 ], [ -58.632705042007657, -34.683306157768207 ] ] ] ] } },
{ "type": "Feature", "properties": { "Id": 0, "etiqueta": null }, "geometry": { "type": "MultiPolygon", "coordinates": [ [ [ [ -58.631635763364514, -34.683484001436597 ], [ -58.631420468220249, -34.6826006632607 ], [ -58.630351186693908, -34.682778507106235 ], [ -58.630566482461482, -34.683661845234354 ], [ -58.631635763364514, -34.683484001436597 ] ] ] ] } },
{ "type": "Feature", "properties": { "Id": 0, "etiqueta": "18" }, "geometry": { "type": "MultiPolygon", "coordinates": [ [ [ [ -58.65387485835889, -34.678865972559727 ], [ -58.653659580953814, -34.677982633048046 ], [ -58.652590346244345, -34.678160474202578 ], [ -58.652805624275153, -34.679043813665849 ], [ -58.65387485835889, -34.678865972559727 ] ] ] ] } },
{ "type": "Feature", "properties": { "Id": 0, "etiqueta": null }, "geometry": { "type": "MultiPolygon", "coordinates": [ [ [ [ -58.652805624275153, -34.679043813665849 ], [ -58.652590346244345, -34.678160474202578 ], [ -58.651521109276416, -34.678338315488546 ], [ -58.651736387932822, -34.679221654903394 ], [ -58.652805624275153, -34.679043813665849 ] ] ] ] } },
{ "type": "Feature", "properties": { "Id": 0, "etiqueta": null }, "geometry": { "type": "MultiPolygon", "coordinates": [ [ [ [ -58.651736387932822, -34.679221654903394 ], [ -58.651521109276416, -34.678338315488546 ], [ -58.650451870050027, -34.678516156905879 ], [ -58.650667149331895, -34.679399496272367 ], [ -58.651736387932822, -34.679221654903394 ] ] ] ] } },
{ "type": "Feature", "properties": { "Id": 0, "etiqueta": null }, "geometry": { "type": "MultiPolygon", "coordinates": [ [ [ [ -58.650667149331895, -34.679399496272367 ], [ -58.650451870050027, -34.678516156905879 ], [ -58.649382628565007, -34.678693998454463 ], [ -58.649597908472252, -34.679577337772507 ], [ -58.650667149331895, -34.679399496272367 ] ] ] ] } },
{ "type": "Feature", "properties": { "Id": 0, "etiqueta": null }, "geometry": { "type": "MultiPolygon", "coordinates": [ [ [ [ -58.649597908472252, -34.679577337772507 ], [ -58.649382628565007, -34.678693998454463 ], [ -58.6483133848214, -34.678871840134143 ], [ -58.648528665353844, -34.679755179403898 ], [ -58.649597908472252, -34.679577337772507 ] ] ] ] } },
{ "type": "Feature", "properties": { "Id": 0, "etiqueta": null }, "geometry": { "type": "MultiPolygon", "coordinates": [ [ [ [ -58.648528665353844, -34.679755179403898 ], [ -58.6483133848214, -34.678871840134143 ], [ -58.647244138819055, -34.679049681944832 ], [ -58.647459419976627, -34.679933021166306 ], [ -58.648528665353844, -34.679755179403898 ] ] ] ] } },
{ "type": "Feature", "properties": { "Id": 0, "etiqueta": null }, "geometry": { "type": "MultiPolygon", "coordinates": [ [ [ [ -58.647459419976627, -34.679933021166306 ], [ -58.647244138819055, -34.679049681944832 ], [ -58.646174890557987, -34.679227523886482 ], [ -58.646390172340517, -34.680110863059703 ], [ -58.647459419976627, -34.679933021166306 ] ] ] ] } },
{ "type": "Feature", "properties": { "Id": 1, "etiqueta": null }, "geometry": { "type": "MultiPolygon", "coordinates": [ [ [ [ -58.646390172340517, -34.680110863059703 ], [ -58.646174890557987, -34.679227523886482 ], [ -58.645105640038082, -34.679405365958942 ], [ -58.645320922445521, -34.680288705083932 ], [ -58.646390172340517, -34.680110863059703 ] ] ] ] } },
{ "type": "Feature", "properties": { "Id": 1, "etiqueta": null }, "geometry": { "type": "MultiPolygon", "coordinates": [ [ [ [ -58.645320922445521, -34.680288705083932 ], [ -58.645105640038082, -34.679405365958942 ], [ -58.644036387259284, -34.679583208162128 ], [ -58.644251670291474, -34.680466547238915 ], [ -58.645320922445521, -34.680288705083932 ] ] ] ] } },
{ "type": "Feature", "properties": { "Id": 1, "etiqueta": null }, "geometry": { "type": "MultiPolygon", "coordinates": [ [ [ [ -58.644251670291474, -34.680466547238915 ], [ -58.644036387259284, -34.679583208162128 ], [ -58.642967132221564, -34.679761050495976 ], [ -58.643182415878471, -34.680644389524517 ], [ -58.644251670291474, -34.680466547238915 ] ] ] ] } },
{ "type": "Feature", "properties": { "Id": 1, "etiqueta": null }, "geometry": { "type": "MultiPolygon", "coordinates": [ [ [ [ -58.643182415878471, -34.680644389524517 ], [ -58.642967132221564, -34.679761050495976 ], [ -58.641897874924894, -34.679938892960273 ], [ -58.642113159206303, -34.680822231940731 ], [ -58.643182415878471, -34.680644389524517 ] ] ] ] } },
{ "type": "Feature", "properties": { "Id": 1, "etiqueta": null }, "geometry": { "type": "MultiPolygon", "coordinates": [ [ [ [ -58.642113159206303, -34.680822231940731 ], [ -58.641897874924894, -34.679938892960273 ], [ -58.640828615369095, -34.680116735555039 ], [ -58.641043900274951, -34.6810000744874 ], [ -58.642113159206303, -34.680822231940731 ] ] ] ] } },
{ "type": "Feature", "properties": { "Id": 1, "etiqueta": null }, "geometry": { "type": "MultiPolygon", "coordinates": [ [ [ [ -58.641043900274951, -34.6810000744874 ], [ -58.640828615369095, -34.680116735555039 ], [ -58.639759353554226, -34.680294578280119 ], [ -58.639974639084322, -34.681177917164362 ], [ -58.641043900274951, -34.6810000744874 ] ] ] ] } },
{ "type": "Feature", "properties": { "Id": 1, "etiqueta": null }, "geometry": { "type": "MultiPolygon", "coordinates": [ [ [ [ -58.639974639084322, -34.681177917164362 ], [ -58.639759353554226, -34.680294578280119 ], [ -58.638690089480185, -34.680472421135391 ], [ -58.638905375634437, -34.681355759971616 ], [ -58.639974639084322, -34.681177917164362 ] ] ] ] } },
{ "type": "Feature", "properties": { "Id": 1, "etiqueta": null }, "geometry": { "type": "MultiPolygon", "coordinates": [ [ [ [ -58.638905375634437, -34.681355759971616 ], [ -58.638690089480185, -34.680472421135391 ], [ -58.637620823146847, -34.680650264120786 ], [ -58.637836109925217, -34.681533602908978 ], [ -58.638905375634437, -34.681355759971616 ] ] ] ] } },
{ "type": "Feature", "properties": { "Id": 1, "etiqueta": null }, "geometry": { "type": "MultiPolygon", "coordinates": [ [ [ [ -58.637836109925217, -34.681533602908978 ], [ -58.637620823146847, -34.680650264120786 ], [ -58.636551554554316, -34.680828107236231 ], [ -58.6367668419566, -34.681711445976447 ], [ -58.637836109925217, -34.681533602908978 ] ] ] ] } },
{ "type": "Feature", "properties": { "Id": 1, "etiqueta": null }, "geometry": { "type": "MultiPolygon", "coordinates": [ [ [ [ -58.6367668419566, -34.681711445976447 ], [ -58.636551554554316, -34.680828107236231 ], [ -58.635482283702338, -34.681005950481556 ], [ -58.635697571728493, -34.681889289173782 ], [ -58.6367668419566, -34.681711445976447 ] ] ] ] } },
{ "type": "Feature", "properties": { "Id": 1, "etiqueta": null }, "geometry": { "type": "MultiPolygon", "coordinates": [ [ [ [ -58.635697571728493, -34.681889289173782 ], [ -58.635482283702338, -34.681005950481556 ], [ -58.634413010591082, -34.681183793856661 ], [ -58.634628299240852, -34.682067132501018 ], [ -58.635697571728493, -34.681889289173782 ] ] ] ] } },
{ "type": "Feature", "properties": { "Id": 0, "etiqueta": null }, "geometry": { "type": "MultiPolygon", "coordinates": [ [ [ [ -58.634628299240852, -34.682067132501018 ], [ -58.634413010591082, -34.681183793856661 ], [ -58.633343735220244, -34.681361637361512 ], [ -58.633559024493714, -34.682244975957936 ], [ -58.634628299240852, -34.682067132501018 ] ] ] ] } },
{ "type": "Feature", "properties": { "Id": 0, "etiqueta": null }, "geometry": { "type": "MultiPolygon", "coordinates": [ [ [ [ -58.633559024493714, -34.682244975957936 ], [ -58.633343735220244, -34.681361637361512 ], [ -58.632274457589901, -34.681539480996001 ], [ -58.632489747486837, -34.682422819544541 ], [ -58.633559024493714, -34.682244975957936 ] ] ] ] } },
{ "type": "Feature", "properties": { "Id": 0, "etiqueta": null }, "geometry": { "type": "MultiPolygon", "coordinates": [ [ [ [ -58.632489747486837, -34.682422819544541 ], [ -58.632274457589901, -34.681539480996001 ], [ -58.631205177699982, -34.681717324759958 ], [ -58.631420468220249, -34.6826006632607 ], [ -58.632489747486837, -34.682422819544541 ] ] ] ] } },
{ "type": "Feature", "properties": { "Id": 0, "etiqueta": null }, "geometry": { "type": "MultiPolygon", "coordinates": [ [ [ [ -58.631420468220249, -34.6826006632607 ], [ -58.631205177699982, -34.681717324759958 ], [ -58.63013589555041, -34.681895168653291 ], [ -58.630351186693908, -34.682778507106235 ], [ -58.631420468220249, -34.6826006632607 ] ] ] ] } },
{ "type": "Feature", "properties": { "Id": 0, "etiqueta": "19" }, "geometry": { "type": "MultiPolygon", "coordinates": [ [ [ [ -58.653659580953814, -34.677982633048046 ], [ -58.653444308171011, -34.677099293210702 ], [ -58.65237507283593, -34.67727713441375 ], [ -58.652590346244345, -34.678160474202578 ], [ -58.653659580953814, -34.677982633048046 ] ] ] ] } },
{ "type": "Feature", "properties": { "Id": 0, "etiqueta": null }, "geometry": { "type": "MultiPolygon", "coordinates": [ [ [ [ -58.652590346244345, -34.678160474202578 ], [ -58.65237507283593, -34.67727713441375 ], [ -58.651305835242482, -34.677454975748169 ], [ -58.651521109276416, -34.678338315488546 ], [ -58.652590346244345, -34.678160474202578 ] ] ] ] } },
{ "type": "Feature", "properties": { "Id": 0, "etiqueta": null }, "geometry": { "type": "MultiPolygon", "coordinates": [ [ [ [ -58.651521109276416, -34.678338315488546 ], [ -58.651305835242482, -34.677454975748169 ], [ -58.650236595390673, -34.677632817213905 ], [ -58.650451870050027, -34.678516156905879 ], [ -58.651521109276416, -34.678338315488546 ] ] ] ] } },
{ "type": "Feature", "properties": { "Id": 0, "etiqueta": null }, "geometry": { "type": "MultiPolygon", "coordinates": [ [ [ [ -58.650451870050027, -34.678516156905879 ], [ -58.650236595390673, -34.677632817213905 ], [ -58.64916735328034, -34.677810658810849 ], [ -58.649382628565007, -34.678693998454463 ], [ -58.650451870050027, -34.678516156905879 ] ] ] ] } },
{ "type": "Feature", "properties": { "Id": 0, "etiqueta": null }, "geometry": { "type": "MultiPolygon", "coordinates": [ [ [ [ -58.649382628565007, -34.678693998454463 ], [ -58.64916735328034, -34.677810658810849 ], [ -58.648098108911583, -34.677988500538909 ], [ -58.6483133848214, -34.678871840134143 ], [ -58.649382628565007, -34.678693998454463 ] ] ] ] } },
{ "type": "Feature", "properties": { "Id": 0, "etiqueta": null }, "geometry": { "type": "MultiPolygon", "coordinates": [ [ [ [ -58.6483133848214, -34.678871840134143 ], [ -58.648098108911583, -34.677988500538909 ], [ -58.647028862284209, -34.678166342397965 ], [ -58.647244138819055, -34.679049681944832 ], [ -58.6483133848214, -34.678871840134143 ] ] ] ] } },
{ "type": "Feature", "properties": { "Id": 0, "etiqueta": null }, "geometry": { "type": "MultiPolygon", "coordinates": [ [ [ [ -58.647244138819055, -34.679049681944832 ], [ -58.647028862284209, -34.678166342397965 ], [ -58.64595961339819, -34.678344184387889 ], [ -58.646174890557987, -34.679227523886482 ], [ -58.647244138819055, -34.679049681944832 ] ] ] ] } },
{ "type": "Feature", "properties": { "Id": 1, "etiqueta": null }, "geometry": { "type": "MultiPolygon", "coordinates": [ [ [ [ -58.646174890557987, -34.679227523886482 ], [ -58.64595961339819, -34.678344184387889 ], [ -58.64489036225342, -34.678522026508617 ], [ -58.645105640038082, -34.679405365958942 ], [ -58.646174890557987, -34.679227523886482 ] ] ] ] } },
{ "type": "Feature", "properties": { "Id": 1, "etiqueta": null }, "geometry": { "type": "MultiPolygon", "coordinates": [ [ [ [ -58.645105640038082, -34.679405365958942 ], [ -58.64489036225342, -34.678522026508617 ], [ -58.643821108849941, -34.678699868760077 ], [ -58.644036387259284, -34.679583208162128 ], [ -58.645105640038082, -34.679405365958942 ] ] ] ] } },
{ "type": "Feature", "properties": { "Id": 1, "etiqueta": null }, "geometry": { "type": "MultiPolygon", "coordinates": [ [ [ [ -58.644036387259284, -34.679583208162128 ], [ -58.643821108849941, -34.678699868760077 ], [ -58.642751853187647, -34.678877711142079 ], [ -58.642967132221564, -34.679761050495976 ], [ -58.644036387259284, -34.679583208162128 ] ] ] ] } },
{ "type": "Feature", "properties": { "Id": 1, "etiqueta": null }, "geometry": { "type": "MultiPolygon", "coordinates": [ [ [ [ -58.642967132221564, -34.679761050495976 ], [ -58.642751853187647, -34.678877711142079 ], [ -58.641682595266431, -34.679055553654599 ], [ -58.641897874924894, -34.679938892960273 ], [ -58.642967132221564, -34.679761050495976 ] ] ] ] } },
{ "type": "Feature", "properties": { "Id": 1, "etiqueta": null }, "geometry": { "type": "MultiPolygon", "coordinates": [ [ [ [ -58.641897874924894, -34.679938892960273 ], [ -58.641682595266431, -34.679055553654599 ], [ -58.640613335086329, -34.679233396297512 ], [ -58.640828615369095, -34.680116735555039 ], [ -58.641897874924894, -34.679938892960273 ] ] ] ] } },
{ "type": "Feature", "properties": { "Id": 1, "etiqueta": null }, "geometry": { "type": "MultiPolygon", "coordinates": [ [ [ [ -58.640828615369095, -34.680116735555039 ], [ -58.640613335086329, -34.679233396297512 ], [ -58.639544072647219, -34.679411239070681 ], [ -58.639759353554226, -34.680294578280119 ], [ -58.640828615369095, -34.680116735555039 ] ] ] ] } },
{ "type": "Feature", "properties": { "Id": 1, "etiqueta": null }, "geometry": { "type": "MultiPolygon", "coordinates": [ [ [ [ -58.639759353554226, -34.680294578280119 ], [ -58.639544072647219, -34.679411239070681 ], [ -58.638474807949066, -34.679589081974072 ], [ -58.638690089480185, -34.680472421135391 ], [ -58.639759353554226, -34.680294578280119 ] ] ] ] } },
{ "type": "Feature", "properties": { "Id": 1, "etiqueta": null }, "geometry": { "type": "MultiPolygon", "coordinates": [ [ [ [ -58.638690089480185, -34.680472421135391 ], [ -58.638474807949066, -34.679589081974072 ], [ -58.637405540991779, -34.679766925007492 ], [ -58.637620823146847, -34.680650264120786 ], [ -58.638690089480185, -34.680472421135391 ] ] ] ] } },
{ "type": "Feature", "properties": { "Id": 1, "etiqueta": null }, "geometry": { "type": "MultiPolygon", "coordinates": [ [ [ [ -58.637620823146847, -34.680650264120786 ], [ -58.637405540991779, -34.679766925007492 ], [ -58.636336271775363, -34.679944768170934 ], [ -58.636551554554316, -34.680828107236231 ], [ -58.637620823146847, -34.680650264120786 ] ] ] ] } },
{ "type": "Feature", "properties": { "Id": 1, "etiqueta": null }, "geometry": { "type": "MultiPolygon", "coordinates": [ [ [ [ -58.636551554554316, -34.680828107236231 ], [ -58.636336271775313, -34.679944768170941 ], [ -58.635267000299635, -34.680122611464284 ], [ -58.635482283702338, -34.681005950481556 ], [ -58.636551554554316, -34.680828107236231 ] ] ] ] } },
{ "type": "Feature", "properties": { "Id": 1, "etiqueta": null }, "geometry": { "type": "MultiPolygon", "coordinates": [ [ [ [ -58.635482283702338, -34.681005950481556 ], [ -58.635267000299635, -34.680122611464284 ], [ -58.634197726564651, -34.68030045488738 ], [ -58.634413010591082, -34.681183793856661 ], [ -58.635482283702338, -34.681005950481556 ] ] ] ] } },
{ "type": "Feature", "properties": { "Id": 0, "etiqueta": null }, "geometry": { "type": "MultiPolygon", "coordinates": [ [ [ [ -58.634413010591082, -34.681183793856661 ], [ -58.634197726564651, -34.68030045488738 ], [ -58.633128450570361, -34.6804782984401 ], [ -58.633343735220244, -34.681361637361512 ], [ -58.634413010591082, -34.681183793856661 ] ] ] ] } },
{ "type": "Feature", "properties": { "Id": 0, "etiqueta": null }, "geometry": { "type": "MultiPolygon", "coordinates": [ [ [ [ -58.633343735220244, -34.681361637361512 ], [ -58.633128450570361, -34.6804782984401 ], [ -58.63205917231663, -34.680656142122487 ], [ -58.632274457589901, -34.681539480996001 ], [ -58.633343735220244, -34.681361637361512 ] ] ] ] } },
{ "type": "Feature", "properties": { "Id": 0, "etiqueta": null }, "geometry": { "type": "MultiPolygon", "coordinates": [ [ [ [ -58.632274457589901, -34.681539480996001 ], [ -58.63205917231663, -34.680656142122487 ], [ -58.630989891803416, -34.680833985934314 ], [ -58.631205177699982, -34.681717324759958 ], [ -58.632274457589901, -34.681539480996001 ] ] ] ] } },
{ "type": "Feature", "properties": { "Id": 0, "etiqueta": null }, "geometry": { "type": "MultiPolygon", "coordinates": [ [ [ [ -58.631205177699982, -34.681717324759958 ], [ -58.630989891803416, -34.680833985934314 ], [ -58.629920609030655, -34.681011829875523 ], [ -58.63013589555041, -34.681895168653291 ], [ -58.631205177699982, -34.681717324759958 ] ] ] ] } },
{ "type": "Feature", "properties": { "Id": 0, "etiqueta": "20" }, "geometry": { "type": "MultiPolygon", "coordinates": [ [ [ [ -58.653444308171011, -34.677099293210702 ], [ -58.653229040010245, -34.676215953047787 ], [ -58.652159804049582, -34.676393794299379 ], [ -58.65237507283593, -34.67727713441375 ], [ -58.653444308171011, -34.677099293210702 ] ] ] ] } },
{ "type": "Feature", "properties": { "Id": 0, "etiqueta": null }, "geometry": { "type": "MultiPolygon", "coordinates": [ [ [ [ -58.65237507283593, -34.67727713441375 ], [ -58.652159804049582, -34.676393794299379 ], [ -58.6510905658307, -34.676571635682279 ], [ -58.651305835242482, -34.677454975748169 ], [ -58.65237507283593, -34.67727713441375 ] ] ] ] } },
{ "type": "Feature", "properties": { "Id": 0, "etiqueta": null }, "geometry": { "type": "MultiPolygon", "coordinates": [ [ [ [ -58.651305835242482, -34.677454975748169 ], [ -58.6510905658307, -34.676571635682279 ], [ -58.650021325353528, -34.676749477196488 ], [ -58.650236595390673, -34.677632817213905 ], [ -58.651305835242482, -34.677454975748169 ] ] ] ] } },
{ "type": "Feature", "properties": { "Id": 0, "etiqueta": null }, "geometry": { "type": "MultiPolygon", "coordinates": [ [ [ [ -58.650236595390673, -34.677632817213905 ], [ -58.650021325353528, -34.676749477196488 ], [ -58.648952082617981, -34.676927318841884 ], [ -58.64916735328034, -34.677810658810849 ], [ -58.650236595390673, -34.677632817213905 ] ] ] ] } },
{ "type": "Feature", "properties": { "Id": 0, "etiqueta": null }, "geometry": { "type": "MultiPolygon", "coordinates": [ [ [ [ -58.64916735328034, -34.677810658810849 ], [ -58.648952082617981, -34.676927318841884 ], [ -58.647882837624046, -34.677105160618311 ], [ -58.648098108911583, -34.677988500538909 ], [ -58.64916735328034, -34.677810658810849 ] ] ] ] } },
{ "type": "Feature", "properties": { "Id": 0, "etiqueta": null }, "geometry": { "type": "MultiPolygon", "coordinates": [ [ [ [ -58.648098108911583, -34.677988500538909 ], [ -58.647882837624046, -34.677105160618311 ], [ -58.646813590371693, -34.677283002525741 ], [ -58.647028862284209, -34.678166342397965 ], [ -58.648098108911583, -34.677988500538909 ] ] ] ] } },
{ "type": "Feature", "properties": { "Id": 0, "etiqueta": null }, "geometry": { "type": "MultiPolygon", "coordinates": [ [ [ [ -58.647028862284209, -34.678166342397965 ], [ -58.646813590371693, -34.677283002525741 ], [ -58.645744340860816, -34.677460844564031 ], [ -58.64595961339819, -34.678344184387889 ], [ -58.647028862284209, -34.678166342397965 ] ] ] ] } },
{ "type": "Feature", "properties": { "Id": 0, "etiqueta": null }, "geometry": { "type": "MultiPolygon", "coordinates": [ [ [ [ -58.64595961339819, -34.678344184387889 ], [ -58.645744340860816, -34.677460844564031 ], [ -58.644675089091294, -34.677638686733047 ], [ -58.64489036225342, -34.678522026508617 ], [ -58.64595961339819, -34.678344184387889 ] ] ] ] } },
{ "type": "Feature", "properties": { "Id": 1, "etiqueta": null }, "geometry": { "type": "MultiPolygon", "coordinates": [ [ [ [ -58.64489036225342, -34.678522026508617 ], [ -58.644675089091294, -34.677638686733047 ], [ -58.643605835063205, -34.677816529032746 ], [ -58.643821108849941, -34.678699868760077 ], [ -58.64489036225342, -34.678522026508617 ] ] ] ] } },
{ "type": "Feature", "properties": { "Id": 1, "etiqueta": null }, "geometry": { "type": "MultiPolygon", "coordinates": [ [ [ [ -58.643821108849941, -34.678699868760077 ], [ -58.643605835063205, -34.677816529032746 ], [ -58.642536578776351, -34.677994371463015 ], [ -58.642751853187647, -34.678877711142079 ], [ -58.643821108849941, -34.678699868760077 ] ] ] ] } },
{ "type": "Feature", "properties": { "Id": 1, "etiqueta": null }, "geometry": { "type": "MultiPolygon", "coordinates": [ [ [ [ -58.642751853187647, -34.678877711142079 ], [ -58.642536578776351, -34.677994371463015 ], [ -58.641467320230781, -34.678172214023768 ], [ -58.641682595266431, -34.679055553654599 ], [ -58.642751853187647, -34.678877711142079 ] ] ] ] } },
{ "type": "Feature", "properties": { "Id": 1, "etiqueta": null }, "geometry": { "type": "MultiPolygon", "coordinates": [ [ [ [ -58.641682595266431, -34.679055553654599 ], [ -58.641467320230781, -34.678172214023768 ], [ -58.640398059426374, -34.678350056714841 ], [ -58.640613335086329, -34.679233396297512 ], [ -58.641682595266431, -34.679055553654599 ] ] ] ] } },
{ "type": "Feature", "properties": { "Id": 1, "etiqueta": null }, "geometry": { "type": "MultiPolygon", "coordinates": [ [ [ [ -58.640613335086329, -34.679233396297512 ], [ -58.640398059426374, -34.678350056714841 ], [ -58.639328796363088, -34.678527899536178 ], [ -58.639544072647219, -34.679411239070681 ], [ -58.640613335086329, -34.679233396297512 ] ] ] ] } },
{ "type": "Feature", "properties": { "Id": 1, "etiqueta": null }, "geometry": { "type": "MultiPolygon", "coordinates": [ [ [ [ -58.639544072647219, -34.679411239070681 ], [ -58.639328796363088, -34.678527899536178 ], [ -58.63825953104088, -34.678705742487665 ], [ -58.638474807949066, -34.679589081974072 ], [ -58.639544072647219, -34.679411239070681 ] ] ] ] } },
{ "type": "Feature", "properties": { "Id": 1, "etiqueta": null }, "geometry": { "type": "MultiPolygon", "coordinates": [ [ [ [ -58.638474807949066, -34.679589081974072 ], [ -58.63825953104088, -34.678705742487665 ], [ -58.637190263459708, -34.678883585569189 ], [ -58.637405540991779, -34.679766925007492 ], [ -58.638474807949066, -34.679589081974072 ] ] ] ] } },
{ "type": "Feature", "properties": { "Id": 1, "etiqueta": null }, "geometry": { "type": "MultiPolygon", "coordinates": [ [ [ [ -58.637405540991779, -34.679766925007492 ], [ -58.637190263459708, -34.678883585569189 ], [ -58.63612099361945, -34.67906142878072 ], [ -58.636336271775363, -34.679944768170934 ], [ -58.637405540991779, -34.679766925007492 ] ] ] ] } },
{ "type": "Feature", "properties": { "Id": 1, "etiqueta": null }, "geometry": { "type": "MultiPolygon", "coordinates": [ [ [ [ -58.636336271775313, -34.679944768170941 ], [ -58.63612099361945, -34.67906142878072 ], [ -58.63505172152005, -34.679239272122061 ], [ -58.635267000299635, -34.680122611464284 ], [ -58.636336271775313, -34.679944768170941 ] ] ] ] } },
{ "type": "Feature", "properties": { "Id": 1, "etiqueta": null }, "geometry": { "type": "MultiPolygon", "coordinates": [ [ [ [ -58.635267000299635, -34.680122611464284 ], [ -58.63505172152005, -34.679239272122061 ], [ -58.633982447161486, -34.679417115593125 ], [ -58.634197726564651, -34.68030045488738 ], [ -58.635267000299635, -34.680122611464284 ] ] ] ] } },
{ "type": "Feature", "properties": { "Id": 1, "etiqueta": null }, "geometry": { "type": "MultiPolygon", "coordinates": [ [ [ [ -58.634197726564651, -34.68030045488738 ], [ -58.633982447161486, -34.679417115593125 ], [ -58.632913170543702, -34.679594959193892 ], [ -58.633128450570361, -34.6804782984401 ], [ -58.634197726564651, -34.68030045488738 ] ] ] ] } },
{ "type": "Feature", "properties": { "Id": 1, "etiqueta": null }, "geometry": { "type": "MultiPolygon", "coordinates": [ [ [ [ -58.633128450570361, -34.6804782984401 ], [ -58.632913170543702, -34.679594959193892 ], [ -58.631843891666684, -34.679772802924148 ], [ -58.63205917231663, -34.680656142122487 ], [ -58.633128450570361, -34.6804782984401 ] ] ] ] } },
{ "type": "Feature", "properties": { "Id": 1, "etiqueta": null }, "geometry": { "type": "MultiPolygon", "coordinates": [ [ [ [ -58.63205917231663, -34.680656142122487 ], [ -58.631843891666684, -34.679772802924148 ], [ -58.630774610530189, -34.679950646783887 ], [ -58.630989891803416, -34.680833985934314 ], [ -58.63205917231663, -34.680656142122487 ] ] ] ] } },
{ "type": "Feature", "properties": { "Id": 1, "etiqueta": null }, "geometry": { "type": "MultiPolygon", "coordinates": [ [ [ [ -58.630989891803416, -34.680833985934314 ], [ -58.630774610530189, -34.679950646783887 ], [ -58.629705327134346, -34.680128490772994 ], [ -58.629920609030655, -34.681011829875523 ], [ -58.630989891803416, -34.680833985934314 ] ] ] ] } },
{ "type": "Feature", "properties": { "Id": 0, "etiqueta": "21" }, "geometry": { "type": "MultiPolygon", "coordinates": [ [ [ [ -58.653229040010245, -34.676215953047787 ], [ -58.653013776471191, -34.675332612559338 ], [ -58.651944539885015, -34.675510453859459 ], [ -58.652159804049582, -34.676393794299379 ], [ -58.653229040010245, -34.676215953047787 ] ] ] ] } },
{ "type": "Feature", "properties": { "Id": 0, "etiqueta": null }, "geometry": { "type": "MultiPolygon", "coordinates": [ [ [ [ -58.652159804049582, -34.676393794299379 ], [ -58.651944539885015, -34.675510453859459 ], [ -58.650875301040656, -34.675688295290939 ], [ -58.6510905658307, -34.676571635682279 ], [ -58.652159804049582, -34.676393794299379 ] ] ] ] } },
{ "type": "Feature", "properties": { "Id": 0, "etiqueta": null }, "geometry": { "type": "MultiPolygon", "coordinates": [ [ [ [ -58.6510905658307, -34.676571635682279 ], [ -58.650875301040656, -34.675688295290939 ], [ -58.649806059938278, -34.675866136853635 ], [ -58.650021325353528, -34.676749477196488 ], [ -58.6510905658307, -34.676571635682279 ] ] ] ] } },
{ "type": "Feature", "properties": { "Id": 0, "etiqueta": null }, "geometry": { "type": "MultiPolygon", "coordinates": [ [ [ [ -58.650021325353528, -34.676749477196488 ], [ -58.649806059938278, -34.675866136853635 ], [ -58.648736816577582, -34.67604397854744 ], [ -58.648952082617981, -34.676927318841884 ], [ -58.650021325353528, -34.676749477196488 ] ] ] ] } },
{ "type": "Feature", "properties": { "Id": 0, "etiqueta": null }, "geometry": { "type": "MultiPolygon", "coordinates": [ [ [ [ -58.648952082617981, -34.676927318841884 ], [ -58.648736816577582, -34.67604397854744 ], [ -58.64766757095861, -34.676221820372369 ], [ -58.647882837624046, -34.677105160618311 ], [ -58.648952082617981, -34.676927318841884 ] ] ] ] } },
{ "type": "Feature", "properties": { "Id": 0, "etiqueta": null }, "geometry": { "type": "MultiPolygon", "coordinates": [ [ [ [ -58.647882837624046, -34.677105160618311 ], [ -58.64766757095861, -34.676221820372369 ], [ -58.646598323081314, -34.676399662328166 ], [ -58.646813590371693, -34.677283002525741 ], [ -58.647882837624046, -34.677105160618311 ] ] ] ] } },
{ "type": "Feature", "properties": { "Id": 0, "etiqueta": null }, "geometry": { "type": "MultiPolygon", "coordinates": [ [ [ [ -58.646813590371693, -34.677283002525741 ], [ -58.646598323081314, -34.676399662328166 ], [ -58.645529072945571, -34.676577504414816 ], [ -58.645744340860816, -34.677460844564031 ], [ -58.646813590371693, -34.677283002525741 ] ] ] ] } },
{ "type": "Feature", "properties": { "Id": 0, "etiqueta": null }, "geometry": { "type": "MultiPolygon", "coordinates": [ [ [ [ -58.645744340860816, -34.677460844564031 ], [ -58.645529072945571, -34.676577504414816 ], [ -58.644459820551432, -34.676755346632198 ], [ -58.644675089091294, -34.677638686733047 ], [ -58.645744340860816, -34.677460844564031 ] ] ] ] } },
{ "type": "Feature", "properties": { "Id": 1, "etiqueta": null }, "geometry": { "type": "MultiPolygon", "coordinates": [ [ [ [ -58.644675089091294, -34.677638686733047 ], [ -58.644459820551432, -34.676755346632198 ], [ -58.643390565898727, -34.676933188980193 ], [ -58.643605835063205, -34.677816529032746 ], [ -58.644675089091294, -34.677638686733047 ] ] ] ] } },
{ "type": "Feature", "properties": { "Id": 1, "etiqueta": null }, "geometry": { "type": "MultiPolygon", "coordinates": [ [ [ [ -58.643605835063205, -34.677816529032746 ], [ -58.643390565898727, -34.676933188980193 ], [ -58.642321308987448, -34.677111031458793 ], [ -58.642536578776351, -34.677994371463015 ], [ -58.643605835063205, -34.677816529032746 ] ] ] ] } },
{ "type": "Feature", "properties": { "Id": 1, "etiqueta": null }, "geometry": { "type": "MultiPolygon", "coordinates": [ [ [ [ -58.642536578776351, -34.677994371463015 ], [ -58.642321308987448, -34.677111031458793 ], [ -58.641252049817538, -34.677288874067735 ], [ -58.641467320230781, -34.678172214023768 ], [ -58.642536578776351, -34.677994371463015 ] ] ] ] } },
{ "type": "Feature", "properties": { "Id": 1, "etiqueta": null }, "geometry": { "type": "MultiPolygon", "coordinates": [ [ [ [ -58.641467320230781, -34.678172214023768 ], [ -58.641252049817538, -34.677288874067735 ], [ -58.640182788388948, -34.677466716807039 ], [ -58.640398059426374, -34.678350056714841 ], [ -58.641467320230781, -34.678172214023768 ] ] ] ] } },
{ "type": "Feature", "properties": { "Id": 1, "etiqueta": null }, "geometry": { "type": "MultiPolygon", "coordinates": [ [ [ [ -58.640398059426374, -34.678350056714841 ], [ -58.640182788388948, -34.677466716807039 ], [ -58.639113524701557, -34.677644559676601 ], [ -58.639328796363088, -34.678527899536178 ], [ -58.640398059426374, -34.678350056714841 ] ] ] ] } },
{ "type": "Feature", "properties": { "Id": 1, "etiqueta": null }, "geometry": { "type": "MultiPolygon", "coordinates": [ [ [ [ -58.639328796363088, -34.678527899536178 ], [ -58.639113524701557, -34.677644559676601 ], [ -58.638044258755343, -34.677822402676235 ], [ -58.63825953104088, -34.678705742487665 ], [ -58.639328796363088, -34.678527899536178 ] ] ] ] } },
{ "type": "Feature", "properties": { "Id": 1, "etiqueta": null }, "geometry": { "type": "MultiPolygon", "coordinates": [ [ [ [ -58.63825953104088, -34.678705742487665 ], [ -58.638044258755343, -34.677822402676235 ], [ -58.636974990550293, -34.678000245805897 ], [ -58.637190263459708, -34.678883585569189 ], [ -58.63825953104088, -34.678705742487665 ] ] ] ] } },
{ "type": "Feature", "properties": { "Id": 1, "etiqueta": null }, "geometry": { "type": "MultiPolygon", "coordinates": [ [ [ [ -58.637190263459708, -34.678883585569189 ], [ -58.636974990550293, -34.678000245805897 ], [ -58.635905720086278, -34.678178089065497 ], [ -58.63612099361945, -34.67906142878072 ], [ -58.637190263459708, -34.678883585569189 ] ] ] ] } },
{ "type": "Feature", "properties": { "Id": 1, "etiqueta": null }, "geometry": { "type": "MultiPolygon", "coordinates": [ [ [ [ -58.636127770376341, -34.679066160012169 ], [ -58.635910066383097, -34.678183251962075 ], [ -58.634840148305315, -34.678358674035984 ], [ -58.635057852905952, -34.679241582038358 ], [ -58.636127770376341, -34.679066160012169 ] ] ] ] } },
{ "type": "Feature", "properties": { "Id": 1, "etiqueta": null }, "geometry": { "type": "MultiPolygon", "coordinates": [ [ [ [ -58.63505172152005, -34.679239272122061 ], [ -58.634836447363213, -34.678355932454906 ], [ -58.633767172381191, -34.678533775974024 ], [ -58.633982447161486, -34.679417115593125 ], [ -58.63505172152005, -34.679239272122061 ] ] ] ] } },
{ "type": "Feature", "properties": { "Id": 1, "etiqueta": null }, "geometry": { "type": "MultiPolygon", "coordinates": [ [ [ [ -58.633982447161486, -34.679417115593125 ], [ -58.633767172381191, -34.678533775974024 ], [ -58.63269789513997, -34.67871161962281 ], [ -58.632913170543702, -34.679594959193892 ], [ -58.633982447161486, -34.679417115593125 ] ] ] ] } },
{ "type": "Feature", "properties": { "Id": 1, "etiqueta": null }, "geometry": { "type": "MultiPolygon", "coordinates": [ [ [ [ -58.632913170543702, -34.679594959193892 ], [ -58.63269789513997, -34.67871161962281 ], [ -58.631628615639706, -34.678889463401042 ], [ -58.631843891666684, -34.679772802924148 ], [ -58.632913170543702, -34.679594959193892 ] ] ] ] } },
{ "type": "Feature", "properties": { "Id": 1, "etiqueta": null }, "geometry": { "type": "MultiPolygon", "coordinates": [ [ [ [ -58.631843891666684, -34.679772802924148 ], [ -58.631628615639706, -34.678889463401042 ], [ -58.630559333880086, -34.679067307308635 ], [ -58.630774610530189, -34.679950646783887 ], [ -58.631843891666684, -34.679772802924148 ] ] ] ] } },
{ "type": "Feature", "properties": { "Id": 1, "etiqueta": null }, "geometry": { "type": "MultiPolygon", "coordinates": [ [ [ [ -58.630774610530189, -34.679950646783887 ], [ -58.630559333880086, -34.679067307308635 ], [ -58.629490049861225, -34.67924515134569 ], [ -58.629705327134346, -34.680128490772994 ], [ -58.630774610530189, -34.679950646783887 ] ] ] ] } },
{ "type": "Feature", "properties": { "Id": 0, "etiqueta": "22" }, "geometry": { "type": "MultiPolygon", "coordinates": [ [ [ [ -58.653013776471191, -34.675332612559338 ], [ -58.652798517553478, -34.674449271745402 ], [ -58.651729280341833, -34.674627113094147 ], [ -58.651944539885015, -34.675510453859459 ], [ -58.653013776471191, -34.675332612559338 ] ] ] ] } },
{ "type": "Feature", "properties": { "Id": 0, "etiqueta": null }, "geometry": { "type": "MultiPolygon", "coordinates": [ [ [ [ -58.651944539885015, -34.675510453859459 ], [ -58.651729280341833, -34.674627113094147 ], [ -58.650660040872268, -34.674804954574128 ], [ -58.650875301040656, -34.675688295290939 ], [ -58.651944539885015, -34.675510453859459 ] ] ] ] } },
{ "type": "Feature", "properties": { "Id": 0, "etiqueta": null }, "geometry": { "type": "MultiPolygon", "coordinates": [ [ [ [ -58.650875301040656, -34.675688295290939 ], [ -58.650660040872268, -34.674804954574128 ], [ -58.649590799144576, -34.67498279618539 ], [ -58.649806059938278, -34.675866136853635 ], [ -58.650875301040656, -34.675688295290939 ] ] ] ] } },
{ "type": "Feature", "properties": { "Id": 0, "etiqueta": null }, "geometry": { "type": "MultiPolygon", "coordinates": [ [ [ [ -58.649806059938278, -34.675866136853635 ], [ -58.649590799144576, -34.67498279618539 ], [ -58.648521555158815, -34.675160637927718 ], [ -58.648736816577582, -34.67604397854744 ], [ -58.649806059938278, -34.675866136853635 ] ] ] ] } },
{ "type": "Feature", "properties": { "Id": 0, "etiqueta": null }, "geometry": { "type": "MultiPolygon", "coordinates": [ [ [ [ -58.648736816577582, -34.67604397854744 ], [ -58.648521555158815, -34.675160637927718 ], [ -58.6474523089149, -34.675338479801077 ], [ -58.64766757095861, -34.676221820372369 ], [ -58.648736816577582, -34.67604397854744 ] ] ] ] } },
{ "type": "Feature", "properties": { "Id": 0, "etiqueta": null }, "geometry": { "type": "MultiPolygon", "coordinates": [ [ [ [ -58.64766757095861, -34.676221820372369 ], [ -58.6474523089149, -34.675338479801077 ], [ -58.646383060412717, -34.675516321805326 ], [ -58.646598323081314, -34.676399662328166 ], [ -58.64766757095861, -34.676221820372369 ] ] ] ] } },
{ "type": "Feature", "properties": { "Id": 0, "etiqueta": null }, "geometry": { "type": "MultiPolygon", "coordinates": [ [ [ [ -58.646598323081314, -34.676399662328166 ], [ -58.646383060412717, -34.675516321805326 ], [ -58.645313809652222, -34.675694163940413 ], [ -58.645529072945571, -34.676577504414816 ], [ -58.646598323081314, -34.676399662328166 ] ] ] ] } },
{ "type": "Feature", "properties": { "Id": 0, "etiqueta": null }, "geometry": { "type": "MultiPolygon", "coordinates": [ [ [ [ -58.645529072945571, -34.676577504414816 ], [ -58.645313809652222, -34.675694163940413 ], [ -58.644244556633446, -34.67587200620617 ], [ -58.644459820551432, -34.676755346632198 ], [ -58.645529072945571, -34.676577504414816 ] ] ] ] } },
{ "type": "Feature", "properties": { "Id": 1, "etiqueta": null }, "geometry": { "type": "MultiPolygon", "coordinates": [ [ [ [ -58.644459820551432, -34.676755346632198 ], [ -58.644244556633446, -34.67587200620617 ], [ -58.643175301356287, -34.676049848602517 ], [ -58.643390565898727, -34.676933188980193 ], [ -58.644459820551432, -34.676755346632198 ] ] ] ] } },
{ "type": "Feature", "properties": { "Id": 1, "etiqueta": null }, "geometry": { "type": "MultiPolygon", "coordinates": [ [ [ [ -58.643390565898727, -34.676933188980193 ], [ -58.643175301356287, -34.676049848602517 ], [ -58.642106043820547, -34.676227691129405 ], [ -58.642321308987448, -34.677111031458793 ], [ -58.643390565898727, -34.676933188980193 ] ] ] ] } },
{ "type": "Feature", "properties": { "Id": 1, "etiqueta": null }, "geometry": { "type": "MultiPolygon", "coordinates": [ [ [ [ -58.642321308987448, -34.677111031458793 ], [ -58.642106043820547, -34.676227691129405 ], [ -58.641036784026412, -34.676405533786635 ], [ -58.641252049817538, -34.677288874067735 ], [ -58.642321308987448, -34.677111031458793 ] ] ] ] } },
{ "type": "Feature", "properties": { "Id": 1, "etiqueta": null }, "geometry": { "type": "MultiPolygon", "coordinates": [ [ [ [ -58.641252049817538, -34.677288874067735 ], [ -58.641036784026412, -34.676405533786635 ], [ -58.639967521973681, -34.6765833765742 ], [ -58.640182788388948, -34.677466716807039 ], [ -58.641252049817538, -34.677288874067735 ] ] ] ] } },
{ "type": "Feature", "properties": { "Id": 1, "etiqueta": null }, "geometry": { "type": "MultiPolygon", "coordinates": [ [ [ [ -58.640182788388948, -34.677466716807039 ], [ -58.639967521973681, -34.6765833765742 ], [ -58.638898257662227, -34.676761219491979 ], [ -58.639113524701557, -34.677644559676601 ], [ -58.640182788388948, -34.677466716807039 ] ] ] ] } },
{ "type": "Feature", "properties": { "Id": 1, "etiqueta": null }, "geometry": { "type": "MultiPolygon", "coordinates": [ [ [ [ -58.639113524701557, -34.677644559676601 ], [ -58.638898257662227, -34.676761219491979 ], [ -58.637828991092135, -34.676939062539809 ], [ -58.638044258755343, -34.677822402676235 ], [ -58.639113524701557, -34.677644559676601 ] ] ] ] } },
{ "type": "Feature", "properties": { "Id": 1, "etiqueta": null }, "geometry": { "type": "MultiPolygon", "coordinates": [ [ [ [ -58.638044258755343, -34.677822402676235 ], [ -58.637828991092135, -34.676939062539809 ], [ -58.636759722263257, -34.677116905717654 ], [ -58.636974990550293, -34.678000245805897 ], [ -58.638044258755343, -34.677822402676235 ] ] ] ] } },
{ "type": "Feature", "properties": { "Id": 1, "etiqueta": null }, "geometry": { "type": "MultiPolygon", "coordinates": [ [ [ [ -58.636974990550293, -34.678000245805897 ], [ -58.636759722263257, -34.677116905717654 ], [ -58.635690451175599, -34.677294749025371 ], [ -58.635905720086278, -34.678178089065497 ], [ -58.636974990550293, -34.678000245805897 ] ] ] ] } },
{ "type": "Feature", "properties": { "Id": 1, "etiqueta": null }, "geometry": { "type": "MultiPolygon", "coordinates": [ [ [ [ -58.635905720086278, -34.678178089065504 ], [ -58.63569045117557, -34.677294749025371 ], [ -58.63462117782899, -34.677472592462884 ], [ -58.634836447363213, -34.678355932454906 ], [ -58.635905720086278, -34.678178089065504 ] ] ] ] } },
{ "type": "Feature", "properties": { "Id": 1, "etiqueta": null }, "geometry": { "type": "MultiPolygon", "coordinates": [ [ [ [ -58.634836447363213, -34.678355932454906 ], [ -58.63462117782899, -34.677472592462884 ], [ -58.633551902223559, -34.677650436030056 ], [ -58.633767172381191, -34.678533775974024 ], [ -58.634836447363213, -34.678355932454906 ] ] ] ] } },
{ "type": "Feature", "properties": { "Id": 1, "etiqueta": null }, "geometry": { "type": "MultiPolygon", "coordinates": [ [ [ [ -58.633767172381191, -34.678533775974024 ], [ -58.633551902223559, -34.677650436030056 ], [ -58.632482624359014, -34.677828279726832 ], [ -58.63269789513997, -34.67871161962281 ], [ -58.633767172381191, -34.678533775974024 ] ] ] ] } },
{ "type": "Feature", "properties": { "Id": 1, "etiqueta": null }, "geometry": { "type": "MultiPolygon", "coordinates": [ [ [ [ -58.63269789513997, -34.67871161962281 ], [ -58.632482624359014, -34.677828279726832 ], [ -58.631413344235483, -34.678006123553097 ], [ -58.631628615639706, -34.678889463401042 ], [ -58.63269789513997, -34.67871161962281 ] ] ] ] } },
{ "type": "Feature", "properties": { "Id": 1, "etiqueta": null }, "geometry": { "type": "MultiPolygon", "coordinates": [ [ [ [ -58.631628615639706, -34.678889463401042 ], [ -58.631413344235483, -34.678006123553097 ], [ -58.630344061852767, -34.678183967508751 ], [ -58.630559333880086, -34.679067307308635 ], [ -58.631628615639706, -34.678889463401042 ] ] ] ] } },
{ "type": "Feature", "properties": { "Id": 1, "etiqueta": null }, "geometry": { "type": "MultiPolygon", "coordinates": [ [ [ [ -58.630559333880086, -34.679067307308635 ], [ -58.630344061852767, -34.678183967508751 ], [ -58.629274777210959, -34.678361811593682 ], [ -58.629490049861225, -34.67924515134569 ], [ -58.630559333880086, -34.679067307308635 ] ] ] ] } },
{ "type": "Feature", "properties": { "Id": 0, "etiqueta": "23" }, "geometry": { "type": "MultiPolygon", "coordinates": [ [ [ [ -58.652798517553478, -34.674449271745402 ], [ -58.652583263256943, -34.673565930606003 ], [ -58.651514025419942, -34.673743772003341 ], [ -58.651729280341897, -34.674627113094154 ], [ -58.652798517553478, -34.674449271745402 ] ] ] ] } },
{ "type": "Feature", "properties": { "Id": 0, "etiqueta": null }, "geometry": { "type": "MultiPolygon", "coordinates": [ [ [ [ -58.651729280341897, -34.674627113094154 ], [ -58.651514025419942, -34.673743772003341 ], [ -58.650444785325057, -34.673921613531952 ], [ -58.650660040872268, -34.674804954574135 ], [ -58.651729280341897, -34.674627113094154 ] ] ] ] } },
{ "type": "Feature", "properties": { "Id": 0, "etiqueta": null }, "geometry": { "type": "MultiPolygon", "coordinates": [ [ [ [ -58.650660040872268, -34.674804954574135 ], [ -58.650444785325057, -34.673921613531952 ], [ -58.649375542972237, -34.674099455191772 ], [ -58.649590799144576, -34.67498279618539 ], [ -58.650660040872268, -34.674804954574135 ] ] ] ] } },
{ "type": "Feature", "properties": { "Id": 0, "etiqueta": null }, "geometry": { "type": "MultiPolygon", "coordinates": [ [ [ [ -58.649590799144576, -34.67498279618539 ], [ -58.649375542972237, -34.674099455191772 ], [ -58.648306298361405, -34.674277296982666 ], [ -58.64852155515878, -34.675160637927753 ], [ -58.649590799144576, -34.67498279618539 ] ] ] ] } },
{ "type": "Feature", "properties": { "Id": 0, "etiqueta": null }, "geometry": { "type": "MultiPolygon", "coordinates": [ [ [ [ -58.64852155515878, -34.675160637927753 ], [ -58.648306298361405, -34.674277296982666 ], [ -58.647237051492588, -34.674455138904527 ], [ -58.6474523089149, -34.675338479801077 ], [ -58.64852155515878, -34.675160637927753 ] ] ] ] } },
{ "type": "Feature", "properties": { "Id": 0, "etiqueta": null }, "geometry": { "type": "MultiPolygon", "coordinates": [ [ [ [ -58.6474523089149, -34.675338479801077 ], [ -58.647237051492588, -34.674455138904527 ], [ -58.646167802365625, -34.674632980957256 ], [ -58.646383060412717, -34.675516321805326 ], [ -58.6474523089149, -34.675338479801077 ] ] ] ] } },
{ "type": "Feature", "properties": { "Id": 0, "etiqueta": null }, "geometry": { "type": "MultiPolygon", "coordinates": [ [ [ [ -58.646383060412717, -34.675516321805326 ], [ -58.646167802365625, -34.674632980957256 ], [ -58.645098550980535, -34.674810823140781 ], [ -58.645313809652222, -34.675694163940413 ], [ -58.646383060412717, -34.675516321805326 ] ] ] ] } },
{ "type": "Feature", "properties": { "Id": 0, "etiqueta": null }, "geometry": { "type": "MultiPolygon", "coordinates": [ [ [ [ -58.645313809652222, -34.675694163940413 ], [ -58.645098550980535, -34.674810823140781 ], [ -58.644029297337177, -34.674988665454961 ], [ -58.644244556633446, -34.67587200620617 ], [ -58.645313809652222, -34.675694163940413 ] ] ] ] } },
{ "type": "Feature", "properties": { "Id": 1, "etiqueta": null }, "geometry": { "type": "MultiPolygon", "coordinates": [ [ [ [ -58.644244556633446, -34.67587200620617 ], [ -58.644029297337177, -34.674988665454961 ], [ -58.642960041435494, -34.675166507899682 ], [ -58.643175301356287, -34.676049848602517 ], [ -58.644244556633446, -34.67587200620617 ] ] ] ] } },
{ "type": "Feature", "properties": { "Id": 1, "etiqueta": null }, "geometry": { "type": "MultiPolygon", "coordinates": [ [ [ [ -58.643175301356287, -34.676049848602517 ], [ -58.642960041435494, -34.675166507899682 ], [ -58.641890783275542, -34.675344350474909 ], [ -58.642106043820547, -34.676227691129405 ], [ -58.643175301356287, -34.676049848602517 ] ] ] ] } },
{ "type": "Feature", "properties": { "Id": 1, "etiqueta": null }, "geometry": { "type": "MultiPolygon", "coordinates": [ [ [ [ -58.642106043820547, -34.676227691129405 ], [ -58.641890783275542, -34.675344350474909 ], [ -58.640821522857138, -34.675522193180491 ], [ -58.641036784026426, -34.676405533786678 ], [ -58.642106043820547, -34.676227691129405 ] ] ] ] } },
{ "type": "Feature", "properties": { "Id": 1, "etiqueta": null }, "geometry": { "type": "MultiPolygon", "coordinates": [ [ [ [ -58.641036784026426, -34.676405533786678 ], [ -58.640821522857138, -34.675522193180491 ], [ -58.639752260180302, -34.67570003601633 ], [ -58.639967521973681, -34.676583376574214 ], [ -58.641036784026426, -34.676405533786678 ] ] ] ] } },
{ "type": "Feature", "properties": { "Id": 1, "etiqueta": null }, "geometry": { "type": "MultiPolygon", "coordinates": [ [ [ [ -58.639967521973681, -34.676583376574214 ], [ -58.639752260180302, -34.67570003601633 ], [ -58.638682995244906, -34.675877878982377 ], [ -58.638898257662227, -34.676761219491979 ], [ -58.639967521973681, -34.676583376574214 ] ] ] ] } },
{ "type": "Feature", "properties": { "Id": 1, "etiqueta": null }, "geometry": { "type": "MultiPolygon", "coordinates": [ [ [ [ -58.638898257662227, -34.676761219491979 ], [ -58.638682995244906, -34.675877878982377 ], [ -58.637613728050965, -34.676055722078424 ], [ -58.637828991092135, -34.676939062539809 ], [ -58.638898257662227, -34.676761219491979 ] ] ] ] } },
{ "type": "Feature", "properties": { "Id": 1, "etiqueta": null }, "geometry": { "type": "MultiPolygon", "coordinates": [ [ [ [ -58.637828991092135, -34.676939062539809 ], [ -58.637613728050965, -34.676055722078424 ], [ -58.636544458598365, -34.676233565304486 ], [ -58.636759722263257, -34.677116905717682 ], [ -58.637828991092135, -34.676939062539809 ] ] ] ] } },
{ "type": "Feature", "properties": { "Id": 1, "etiqueta": null }, "geometry": { "type": "MultiPolygon", "coordinates": [ [ [ [ -58.636759722263257, -34.677116905717682 ], [ -58.636544458598365, -34.676233565304486 ], [ -58.635475186887099, -34.676411408660364 ], [ -58.635690451175599, -34.6772947490254 ], [ -58.636759722263257, -34.677116905717682 ] ] ] ] } },
{ "type": "Feature", "properties": { "Id": 1, "etiqueta": null }, "geometry": { "type": "MultiPolygon", "coordinates": [ [ [ [ -58.635690451175599, -34.6772947490254 ], [ -58.635475186887049, -34.676411408660378 ], [ -58.634405912916982, -34.676589252146009 ], [ -58.634621177829018, -34.677472592462891 ], [ -58.635690451175599, -34.6772947490254 ] ] ] ] } },
{ "type": "Feature", "properties": { "Id": 1, "etiqueta": null }, "geometry": { "type": "MultiPolygon", "coordinates": [ [ [ [ -58.634621177829018, -34.677472592462891 ], [ -58.634405912916982, -34.676589252146009 ], [ -58.633336636688092, -34.676767095761335 ], [ -58.633551902223559, -34.677650436030071 ], [ -58.634621177829018, -34.677472592462891 ] ] ] ] } },
{ "type": "Feature", "properties": { "Id": 1, "etiqueta": null }, "geometry": { "type": "MultiPolygon", "coordinates": [ [ [ [ -58.633551902223559, -34.677650436030071 ], [ -58.633336636688092, -34.676767095761335 ], [ -58.632267358200401, -34.676944939506164 ], [ -58.632482624359021, -34.67782827972686 ], [ -58.633551902223559, -34.677650436030071 ] ] ] ] } },
{ "type": "Feature", "properties": { "Id": 1, "etiqueta": null }, "geometry": { "type": "MultiPolygon", "coordinates": [ [ [ [ -58.632482624359021, -34.67782827972686 ], [ -58.632267358200401, -34.676944939506164 ], [ -58.631198077453703, -34.67712278338049 ], [ -58.631413344235462, -34.678006123553139 ], [ -58.632482624359021, -34.67782827972686 ] ] ] ] } },
{ "type": "Feature", "properties": { "Id": 1, "etiqueta": null }, "geometry": { "type": "MultiPolygon", "coordinates": [ [ [ [ -58.631413344235462, -34.678006123553139 ], [ -58.631198077453703, -34.67712278338049 ], [ -58.630128794447991, -34.67730062738412 ], [ -58.630344061852767, -34.678183967508751 ], [ -58.631413344235462, -34.678006123553139 ] ] ] ] } },
{ "type": "Feature", "properties": { "Id": 1, "etiqueta": null }, "geometry": { "type": "MultiPolygon", "coordinates": [ [ [ [ -58.630344061852767, -34.678183967508751 ], [ -58.630128794447991, -34.67730062738412 ], [ -58.629059509183215, -34.67747847151702 ], [ -58.629274777210959, -34.678361811593682 ], [ -58.630344061852767, -34.678183967508751 ] ] ] ] } },
{ "type": "Feature", "properties": { "Id": 0, "etiqueta": "24" }, "geometry": { "type": "MultiPolygon", "coordinates": [ [ [ [ -58.652583263256943, -34.673565930606003 ], [ -58.65236801358121, -34.672682589141175 ], [ -58.651298775118882, -34.67286043058715 ], [ -58.651514025419942, -34.673743772003341 ], [ -58.652583263256943, -34.673565930606003 ] ] ] ] } },
{ "type": "Feature", "properties": { "Id": 0, "etiqueta": null }, "geometry": { "type": "MultiPolygon", "coordinates": [ [ [ [ -58.651514025419942, -34.673743772003341 ], [ -58.651298775118882, -34.67286043058715 ], [ -58.650229534398761, -34.673038272164426 ], [ -58.650444785325057, -34.673921613531952 ], [ -58.651514025419942, -34.673743772003341 ] ] ] ] } },
{ "type": "Feature", "properties": { "Id": 0, "etiqueta": null }, "geometry": { "type": "MultiPolygon", "coordinates": [ [ [ [ -58.650444785325057, -34.673921613531952 ], [ -58.650229534398761, -34.673038272164426 ], [ -58.64916029142092, -34.67321611387284 ], [ -58.649375542972237, -34.674099455191772 ], [ -58.650444785325057, -34.673921613531952 ] ] ] ] } },
{ "type": "Feature", "properties": { "Id": 0, "etiqueta": null }, "geometry": { "type": "MultiPolygon", "coordinates": [ [ [ [ -58.649375542972237, -34.674099455191772 ], [ -58.64916029142092, -34.67321611387284 ], [ -58.648091046185137, -34.673393955712307 ], [ -58.648306298361405, -34.674277296982666 ], [ -58.649375542972237, -34.674099455191772 ] ] ] ] } },
{ "type": "Feature", "properties": { "Id": 0, "etiqueta": null }, "geometry": { "type": "MultiPolygon", "coordinates": [ [ [ [ -58.648306298361405, -34.674277296982666 ], [ -58.648091046185137, -34.673393955712307 ], [ -58.647021798691434, -34.673571797682726 ], [ -58.647237051492588, -34.674455138904527 ], [ -58.648306298361405, -34.674277296982666 ] ] ] ] } },
{ "type": "Feature", "properties": { "Id": 0, "etiqueta": null }, "geometry": { "type": "MultiPolygon", "coordinates": [ [ [ [ -58.647237051492588, -34.674455138904527 ], [ -58.647021798691434, -34.673571797682726 ], [ -58.645952548939697, -34.673749639783992 ], [ -58.646167802365625, -34.674632980957256 ], [ -58.647237051492588, -34.674455138904527 ] ] ] ] } },
{ "type": "Feature", "properties": { "Id": 0, "etiqueta": null }, "geometry": { "type": "MultiPolygon", "coordinates": [ [ [ [ -58.646167802365625, -34.674632980957256 ], [ -58.645952548939697, -34.673749639783992 ], [ -58.644883296930033, -34.673927482015991 ], [ -58.645098550980535, -34.674810823140781 ], [ -58.646167802365625, -34.674632980957256 ] ] ] ] } },
{ "type": "Feature", "properties": { "Id": 0, "etiqueta": null }, "geometry": { "type": "MultiPolygon", "coordinates": [ [ [ [ -58.645098550980535, -34.674810823140781 ], [ -58.644883296930033, -34.673927482015991 ], [ -58.643814042662171, -34.674105324378608 ], [ -58.644029297337177, -34.674988665454961 ], [ -58.645098550980535, -34.674810823140781 ] ] ] ] } },
{ "type": "Feature", "properties": { "Id": 0, "etiqueta": null }, "geometry": { "type": "MultiPolygon", "coordinates": [ [ [ [ -58.644029297337177, -34.674988665454961 ], [ -58.643814042662171, -34.674105324378608 ], [ -58.642744786136134, -34.674283166871739 ], [ -58.642960041435494, -34.675166507899682 ], [ -58.644029297337177, -34.674988665454961 ] ] ] ] } },
{ "type": "Feature", "properties": { "Id": 1, "etiqueta": null }, "geometry": { "type": "MultiPolygon", "coordinates": [ [ [ [ -58.642960041435494, -34.675166507899682 ], [ -58.642744786136134, -34.674283166871739 ], [ -58.641675527351957, -34.674461009495367 ], [ -58.641890783275542, -34.675344350474909 ], [ -58.642960041435494, -34.675166507899682 ] ] ] ] } },
{ "type": "Feature", "properties": { "Id": 1, "etiqueta": null }, "geometry": { "type": "MultiPolygon", "coordinates": [ [ [ [ -58.641890783275542, -34.675344350474909 ], [ -58.641675527351957, -34.674461009495367 ], [ -58.640606266309412, -34.674638852249331 ], [ -58.640821522857138, -34.675522193180491 ], [ -58.641890783275542, -34.675344350474909 ] ] ] ] } },
{ "type": "Feature", "properties": { "Id": 1, "etiqueta": null }, "geometry": { "type": "MultiPolygon", "coordinates": [ [ [ [ -58.640821522857138, -34.675522193180491 ], [ -58.640606266309412, -34.674638852249331 ], [ -58.639537003008513, -34.674816695133501 ], [ -58.639752260180302, -34.67570003601633 ], [ -58.640821522857138, -34.675522193180491 ] ] ] ] } },
{ "type": "Feature", "properties": { "Id": 1, "etiqueta": null }, "geometry": { "type": "MultiPolygon", "coordinates": [ [ [ [ -58.639752260180302, -34.67570003601633 ], [ -58.639537003008513, -34.674816695133501 ], [ -58.638467737449247, -34.674994538147814 ], [ -58.638682995244906, -34.675877878982377 ], [ -58.639752260180302, -34.67570003601633 ] ] ] ] } },
{ "type": "Feature", "properties": { "Id": 1, "etiqueta": null }, "geometry": { "type": "MultiPolygon", "coordinates": [ [ [ [ -58.638682995244906, -34.675877878982377 ], [ -58.638467737449247, -34.674994538147814 ], [ -58.637398469631535, -34.675172381292136 ], [ -58.637613728050965, -34.676055722078424 ], [ -58.638682995244906, -34.675877878982377 ] ] ] ] } },
{ "type": "Feature", "properties": { "Id": 1, "etiqueta": null }, "geometry": { "type": "MultiPolygon", "coordinates": [ [ [ [ -58.637613728050965, -34.676055722078424 ], [ -58.637398469631535, -34.675172381292136 ], [ -58.636329199555256, -34.675350224566387 ], [ -58.636544458598365, -34.676233565304486 ], [ -58.637613728050965, -34.676055722078424 ] ] ] ] } },
{ "type": "Feature", "properties": { "Id": 1, "etiqueta": null }, "geometry": { "type": "MultiPolygon", "coordinates": [ [ [ [ -58.636544458598365, -34.676233565304486 ], [ -58.636329199555256, -34.675350224566387 ], [ -58.635259927220474, -34.675528067970518 ], [ -58.635475186887099, -34.676411408660364 ], [ -58.636544458598365, -34.676233565304486 ] ] ] ] } },
{ "type": "Feature", "properties": { "Id": 1, "etiqueta": null }, "geometry": { "type": "MultiPolygon", "coordinates": [ [ [ [ -58.635475186887049, -34.676411408660378 ], [ -58.63525992722041, -34.675528067970504 ], [ -58.634190652626927, -34.675705911504359 ], [ -58.634405912916982, -34.676589252146009 ], [ -58.635475186887049, -34.676411408660378 ] ] ] ] } },
{ "type": "Feature", "properties": { "Id": 1, "etiqueta": null }, "geometry": { "type": "MultiPolygon", "coordinates": [ [ [ [ -58.634405912916982, -34.676589252146009 ], [ -58.634190652626927, -34.675705911504359 ], [ -58.633121375774728, -34.675883755167796 ], [ -58.633336636688092, -34.676767095761335 ], [ -58.634405912916982, -34.676589252146009 ] ] ] ] } },
{ "type": "Feature", "properties": { "Id": 1, "etiqueta": null }, "geometry": { "type": "MultiPolygon", "coordinates": [ [ [ [ -58.633336636688092, -34.676767095761335 ], [ -58.633121375774728, -34.675883755167796 ], [ -58.632052096663784, -34.676061598960764 ], [ -58.632267358200401, -34.676944939506164 ], [ -58.633336636688092, -34.676767095761335 ] ] ] ] } },
{ "type": "Feature", "properties": { "Id": 1, "etiqueta": null }, "geometry": { "type": "MultiPolygon", "coordinates": [ [ [ [ -58.632267358200401, -34.676944939506164 ], [ -58.632052096663784, -34.676061598960764 ], [ -58.630982815294033, -34.676239442883123 ], [ -58.631198077453703, -34.67712278338049 ], [ -58.632267358200401, -34.676944939506164 ] ] ] ] } },
{ "type": "Feature", "properties": { "Id": 1, "etiqueta": null }, "geometry": { "type": "MultiPolygon", "coordinates": [ [ [ [ -58.631198077453703, -34.67712278338049 ], [ -58.630982815294033, -34.676239442883123 ], [ -58.629913531665331, -34.676417286934814 ], [ -58.630128794447991, -34.67730062738412 ], [ -58.631198077453703, -34.67712278338049 ] ] ] ] } },
{ "type": "Feature", "properties": { "Id": 1, "etiqueta": null }, "geometry": { "type": "MultiPolygon", "coordinates": [ [ [ [ -58.630128794447991, -34.67730062738412 ], [ -58.629913531665331, -34.676417286934814 ], [ -58.628844245777785, -34.676595131115775 ], [ -58.629059509183215, -34.67747847151702 ], [ -58.630128794447991, -34.67730062738412 ] ] ] ] } },
{ "type": "Feature", "properties": { "Id": 0, "etiqueta": "25" }, "geometry": { "type": "MultiPolygon", "coordinates": [ [ [ [ -58.65236801358121, -34.672682589141175 ], [ -58.652152768525951, -34.671799247350933 ], [ -58.651083529438409, -34.671977088845658 ], [ -58.651298775118882, -34.67286043058715 ], [ -58.65236801358121, -34.672682589141175 ] ] ] ] } },
{ "type": "Feature", "properties": { "Id": 0, "etiqueta": null }, "geometry": { "type": "MultiPolygon", "coordinates": [ [ [ [ -58.651298775118882, -34.67286043058715 ], [ -58.651083529438409, -34.671977088845658 ], [ -58.650014288093175, -34.672154930471585 ], [ -58.650229534398761, -34.673038272164426 ], [ -58.651298775118882, -34.67286043058715 ] ] ] ] } },
{ "type": "Feature", "properties": { "Id": 0, "etiqueta": null }, "geometry": { "type": "MultiPolygon", "coordinates": [ [ [ [ -58.650229534398761, -34.673038272164426 ], [ -58.650014288093175, -34.672154930471585 ], [ -58.648945044490226, -34.672332772228636 ], [ -58.64916029142092, -34.67321611387284 ], [ -58.650229534398761, -34.673038272164426 ] ] ] ] } },
{ "type": "Feature", "properties": { "Id": 0, "etiqueta": null }, "geometry": { "type": "MultiPolygon", "coordinates": [ [ [ [ -58.64916029142092, -34.67321611387284 ], [ -58.648945044490226, -34.672332772228636 ], [ -58.647875798629606, -34.672510614116753 ], [ -58.648091046185137, -34.673393955712307 ], [ -58.64916029142092, -34.67321611387284 ] ] ] ] } },
{ "type": "Feature", "properties": { "Id": 0, "etiqueta": null }, "geometry": { "type": "MultiPolygon", "coordinates": [ [ [ [ -58.648091046185137, -34.673393955712307 ], [ -58.647875798629606, -34.672510614116753 ], [ -58.646806550511158, -34.672688456135717 ], [ -58.647021798691434, -34.673571797682726 ], [ -58.648091046185137, -34.673393955712307 ] ] ] ] } },
{ "type": "Feature", "properties": { "Id": 0, "etiqueta": null }, "geometry": { "type": "MultiPolygon", "coordinates": [ [ [ [ -58.647021798691434, -34.673571797682726 ], [ -58.646806550511158, -34.672688456135717 ], [ -58.645737300134805, -34.672866298285513 ], [ -58.645952548939697, -34.673749639783992 ], [ -58.647021798691434, -34.673571797682726 ] ] ] ] } },
{ "type": "Feature", "properties": { "Id": 0, "etiqueta": null }, "geometry": { "type": "MultiPolygon", "coordinates": [ [ [ [ -58.645952548939697, -34.673749639783992 ], [ -58.645737300134805, -34.672866298285513 ], [ -58.644668047500552, -34.67304414056602 ], [ -58.644883296930033, -34.673927482015991 ], [ -58.645952548939697, -34.673749639783992 ] ] ] ] } },
{ "type": "Feature", "properties": { "Id": 0, "etiqueta": null }, "geometry": { "type": "MultiPolygon", "coordinates": [ [ [ [ -58.644883296930033, -34.673927482015991 ], [ -58.644668047500552, -34.67304414056602 ], [ -58.643598792608266, -34.673221982977125 ], [ -58.643814042662171, -34.674105324378608 ], [ -58.644883296930033, -34.673927482015991 ] ] ] ] } },
{ "type": "Feature", "properties": { "Id": 0, "etiqueta": null }, "geometry": { "type": "MultiPolygon", "coordinates": [ [ [ [ -58.643814042662171, -34.674105324378608 ], [ -58.643598792608266, -34.673221982977125 ], [ -58.642529535457925, -34.673399825518779 ], [ -58.642744786136134, -34.674283166871739 ], [ -58.643814042662171, -34.674105324378608 ] ] ] ] } },
{ "type": "Feature", "properties": { "Id": 1, "etiqueta": null }, "geometry": { "type": "MultiPolygon", "coordinates": [ [ [ [ -58.642744786136134, -34.674283166871739 ], [ -58.642529535457925, -34.673399825518779 ], [ -58.64146027604955, -34.673577668190802 ], [ -58.641675527351957, -34.674461009495367 ], [ -58.642744786136134, -34.674283166871739 ] ] ] ] } },
{ "type": "Feature", "properties": { "Id": 1, "etiqueta": null }, "geometry": { "type": "MultiPolygon", "coordinates": [ [ [ [ -58.641675527351957, -34.674461009495367 ], [ -58.64146027604955, -34.673577668190802 ], [ -58.640391014382899, -34.673755510993146 ], [ -58.640606266309412, -34.674638852249331 ], [ -58.641675527351957, -34.674461009495367 ] ] ] ] } },
{ "type": "Feature", "properties": { "Id": 1, "etiqueta": null }, "geometry": { "type": "MultiPolygon", "coordinates": [ [ [ [ -58.640606266309412, -34.674638852249331 ], [ -58.640391014382899, -34.673755510993146 ], [ -58.639321750458102, -34.673933353925669 ], [ -58.639537003008513, -34.674816695133501 ], [ -58.640606266309412, -34.674638852249331 ] ] ] ] } },
{ "type": "Feature", "properties": { "Id": 1, "etiqueta": null }, "geometry": { "type": "MultiPolygon", "coordinates": [ [ [ [ -58.639537003008513, -34.674816695133501 ], [ -58.639321750458102, -34.673933353925669 ], [ -58.638252484275007, -34.674111196988342 ], [ -58.638467737449247, -34.674994538147814 ], [ -58.639537003008513, -34.674816695133501 ] ] ] ] } },
{ "type": "Feature", "properties": { "Id": 1, "etiqueta": null }, "geometry": { "type": "MultiPolygon", "coordinates": [ [ [ [ -58.638467737449247, -34.674994538147814 ], [ -58.638252484275007, -34.674111196988342 ], [ -58.637183215833531, -34.674289040180966 ], [ -58.637398469631535, -34.675172381292136 ], [ -58.638467737449247, -34.674994538147814 ] ] ] ] } },
{ "type": "Feature", "properties": { "Id": 1, "etiqueta": null }, "geometry": { "type": "MultiPolygon", "coordinates": [ [ [ [ -58.637398469631535, -34.675172381292136 ], [ -58.637183215833531, -34.674289040180966 ], [ -58.636113945133644, -34.67446688350352 ], [ -58.636329199555256, -34.675350224566387 ], [ -58.637398469631535, -34.675172381292136 ] ] ] ] } },
{ "type": "Feature", "properties": { "Id": 1, "etiqueta": null }, "geometry": { "type": "MultiPolygon", "coordinates": [ [ [ [ -58.636329199555256, -34.675350224566387 ], [ -58.636113945133644, -34.67446688350352 ], [ -58.635044672175368, -34.674644726955819 ], [ -58.635259927220474, -34.675528067970518 ], [ -58.636329199555256, -34.675350224566387 ] ] ] ] } },
{ "type": "Feature", "properties": { "Id": 1, "etiqueta": null }, "geometry": { "type": "MultiPolygon", "coordinates": [ [ [ [ -58.63525992722041, -34.675528067970504 ], [ -58.635044672175368, -34.674644726955819 ], [ -58.633975396958476, -34.674822570537891 ], [ -58.634190652626927, -34.675705911504359 ], [ -58.63525992722041, -34.675528067970504 ] ] ] ] } },
{ "type": "Feature", "properties": { "Id": 1, "etiqueta": null }, "geometry": { "type": "MultiPolygon", "coordinates": [ [ [ [ -58.634190652626927, -34.675705911504359 ], [ -58.633975396958476, -34.674822570537891 ], [ -58.632906119483039, -34.675000414249517 ], [ -58.633121375774728, -34.675883755167796 ], [ -58.634190652626927, -34.675705911504359 ] ] ] ] } },
{ "type": "Feature", "properties": { "Id": 1, "etiqueta": null }, "geometry": { "type": "MultiPolygon", "coordinates": [ [ [ [ -58.633121375774728, -34.675883755167796 ], [ -58.632906119483039, -34.675000414249517 ], [ -58.631836839748992, -34.675178258090632 ], [ -58.632052096663784, -34.676061598960764 ], [ -58.633121375774728, -34.675883755167796 ] ] ] ] } },
{ "type": "Feature", "properties": { "Id": 1, "etiqueta": null }, "geometry": { "type": "MultiPolygon", "coordinates": [ [ [ [ -58.632052096663784, -34.676061598960764 ], [ -58.631836839748992, -34.675178258090632 ], [ -58.630767557756187, -34.675356102061116 ], [ -58.630982815294033, -34.676239442883123 ], [ -58.632052096663784, -34.676061598960764 ] ] ] ] } },
{ "type": "Feature", "properties": { "Id": 1, "etiqueta": null }, "geometry": { "type": "MultiPolygon", "coordinates": [ [ [ [ -58.630982815294033, -34.676239442883123 ], [ -58.630767557756187, -34.675356102061116 ], [ -58.629698273504602, -34.675533946160932 ], [ -58.629913531665331, -34.676417286934814 ], [ -58.630982815294033, -34.676239442883123 ] ] ] ] } },
{ "type": "Feature", "properties": { "Id": 1, "etiqueta": null }, "geometry": { "type": "MultiPolygon", "coordinates": [ [ [ [ -58.629913531665331, -34.676417286934814 ], [ -58.629698273504602, -34.675533946160932 ], [ -58.628628986994329, -34.675711790389897 ], [ -58.628844245777785, -34.676595131115775 ], [ -58.629913531665331, -34.676417286934814 ] ] ] ] } },
{ "type": "Feature", "properties": { "Id": 0, "etiqueta": "26" }, "geometry": { "type": "MultiPolygon", "coordinates": [ [ [ [ -58.652152768525951, -34.671799247350933 ], [ -58.65193752809094, -34.670915905235383 ], [ -58.650868288378192, -34.671093746778816 ], [ -58.651083529438409, -34.671977088845658 ], [ -58.652152768525951, -34.671799247350933 ] ] ] ] } },
{ "type": "Feature", "properties": { "Id": 0, "etiqueta": null }, "geometry": { "type": "MultiPolygon", "coordinates": [ [ [ [ -58.651083529438409, -34.671977088845658 ], [ -58.650868288378192, -34.671093746778816 ], [ -58.649799046407864, -34.671271588453486 ], [ -58.650014288093175, -34.672154930471585 ], [ -58.651083529438409, -34.671977088845658 ] ] ] ] } },
{ "type": "Feature", "properties": { "Id": 0, "etiqueta": null }, "geometry": { "type": "MultiPolygon", "coordinates": [ [ [ [ -58.650014288093175, -34.672154930471585 ], [ -58.649799046407864, -34.671271588453486 ], [ -58.648729802180029, -34.671449430259216 ], [ -58.648945044490226, -34.672332772228636 ], [ -58.650014288093175, -34.672154930471585 ] ] ] ] } },
{ "type": "Feature", "properties": { "Id": 0, "etiqueta": null }, "geometry": { "type": "MultiPolygon", "coordinates": [ [ [ [ -58.648945044490226, -34.672332772228636 ], [ -58.648729802180029, -34.671449430259216 ], [ -58.647660555694493, -34.671627272195956 ], [ -58.647875798629606, -34.672510614116753 ], [ -58.648945044490226, -34.672332772228636 ] ] ] ] } },
{ "type": "Feature", "properties": { "Id": 0, "etiqueta": null }, "geometry": { "type": "MultiPolygon", "coordinates": [ [ [ [ -58.647875798629606, -34.672510614116753 ], [ -58.647660555694493, -34.671627272195956 ], [ -58.646591306951358, -34.671805114263577 ], [ -58.646806550511158, -34.672688456135717 ], [ -58.647875798629606, -34.672510614116753 ] ] ] ] } },
{ "type": "Feature", "properties": { "Id": 0, "etiqueta": null }, "geometry": { "type": "MultiPolygon", "coordinates": [ [ [ [ -58.646806550511158, -34.672688456135717 ], [ -58.646591306951358, -34.671805114263577 ], [ -58.645522055950444, -34.671982956461932 ], [ -58.645737300134805, -34.672866298285513 ], [ -58.646806550511158, -34.672688456135717 ] ] ] ] } },
{ "type": "Feature", "properties": { "Id": 0, "etiqueta": null }, "geometry": { "type": "MultiPolygon", "coordinates": [ [ [ [ -58.645737300134805, -34.672866298285513 ], [ -58.645522055950444, -34.671982956461932 ], [ -58.644452802691696, -34.672160798791019 ], [ -58.644668047500552, -34.67304414056602 ], [ -58.645737300134805, -34.672866298285513 ] ] ] ] } },
{ "type": "Feature", "properties": { "Id": 0, "etiqueta": null }, "geometry": { "type": "MultiPolygon", "coordinates": [ [ [ [ -58.644668047500552, -34.67304414056602 ], [ -58.644452802691696, -34.672160798791019 ], [ -58.643383547175063, -34.672338641250619 ], [ -58.643598792608266, -34.673221982977125 ], [ -58.644668047500552, -34.67304414056602 ] ] ] ] } },
{ "type": "Feature", "properties": { "Id": 0, "etiqueta": null }, "geometry": { "type": "MultiPolygon", "coordinates": [ [ [ [ -58.643598792608266, -34.673221982977125 ], [ -58.643383547175063, -34.672338641250619 ], [ -58.642314289400517, -34.672516483840738 ], [ -58.642529535457925, -34.673399825518779 ], [ -58.643598792608266, -34.673221982977125 ] ] ] ] } },
{ "type": "Feature", "properties": { "Id": 1, "etiqueta": null }, "geometry": { "type": "MultiPolygon", "coordinates": [ [ [ [ -58.642529535457925, -34.673399825518779 ], [ -58.642314289400517, -34.672516483840738 ], [ -58.641245029367987, -34.672694326561263 ], [ -58.64146027604955, -34.673577668190802 ], [ -58.642529535457925, -34.673399825518779 ] ] ] ] } },
{ "type": "Feature", "properties": { "Id": 1, "etiqueta": null }, "geometry": { "type": "MultiPolygon", "coordinates": [ [ [ [ -58.64146027604955, -34.673577668190802 ], [ -58.641245029367987, -34.672694326561263 ], [ -58.640175767077331, -34.672872169412045 ], [ -58.640391014382899, -34.673755510993146 ], [ -58.64146027604955, -34.673577668190802 ] ] ] ] } },
{ "type": "Feature", "properties": { "Id": 1, "etiqueta": null }, "geometry": { "type": "MultiPolygon", "coordinates": [ [ [ [ -58.640391014382899, -34.673755510993146 ], [ -58.640175767077331, -34.672872169412045 ], [ -58.639106502528676, -34.673050012393006 ], [ -58.639321750458102, -34.673933353925669 ], [ -58.640391014382899, -34.673755510993146 ] ] ] ] } },
{ "type": "Feature", "properties": { "Id": 1, "etiqueta": null }, "geometry": { "type": "MultiPolygon", "coordinates": [ [ [ [ -58.639321750458102, -34.673933353925669 ], [ -58.639106502528676, -34.673050012393006 ], [ -58.638037235721733, -34.673227855504003 ], [ -58.638252484275007, -34.674111196988342 ], [ -58.639321750458102, -34.673933353925669 ] ] ] ] } },
{ "type": "Feature", "properties": { "Id": 1, "etiqueta": null }, "geometry": { "type": "MultiPolygon", "coordinates": [ [ [ [ -58.638252484275007, -34.674111196988342 ], [ -58.638037235721733, -34.673227855504003 ], [ -58.636967966656627, -34.673405698744979 ], [ -58.637183215833531, -34.674289040180966 ], [ -58.638252484275007, -34.674111196988342 ] ] ] ] } },
{ "type": "Feature", "properties": { "Id": 1, "etiqueta": null }, "geometry": { "type": "MultiPolygon", "coordinates": [ [ [ [ -58.637183215833531, -34.674289040180966 ], [ -58.636967966656627, -34.673405698744979 ], [ -58.635898695333289, -34.673583542115814 ], [ -58.636113945133644, -34.67446688350352 ], [ -58.637183215833531, -34.674289040180966 ] ] ] ] } },
{ "type": "Feature", "properties": { "Id": 1, "etiqueta": null }, "geometry": { "type": "MultiPolygon", "coordinates": [ [ [ [ -58.636113945133644, -34.67446688350352 ], [ -58.635898695333289, -34.673583542115814 ], [ -58.634829421751554, -34.673761385616366 ], [ -58.635044672175368, -34.674644726955819 ], [ -58.636113945133644, -34.67446688350352 ] ] ] ] } },
{ "type": "Feature", "properties": { "Id": 1, "etiqueta": null }, "geometry": { "type": "MultiPolygon", "coordinates": [ [ [ [ -58.635044672175368, -34.674644726955819 ], [ -58.634829421751498, -34.673761385616416 ], [ -58.633760145911388, -34.673939229246713 ], [ -58.633975396958476, -34.674822570537891 ], [ -58.635044672175368, -34.674644726955819 ] ] ] ] } },
{ "type": "Feature", "properties": { "Id": 1, "etiqueta": null }, "geometry": { "type": "MultiPolygon", "coordinates": [ [ [ [ -58.633975396958476, -34.674822570537891 ], [ -58.633760145911388, -34.673939229246713 ], [ -58.63269086781272, -34.674117073006549 ], [ -58.632906119483039, -34.675000414249517 ], [ -58.633975396958476, -34.674822570537891 ] ] ] ] } },
{ "type": "Feature", "properties": { "Id": 1, "etiqueta": null }, "geometry": { "type": "MultiPolygon", "coordinates": [ [ [ [ -58.632906119483039, -34.675000414249517 ], [ -58.63269086781272, -34.674117073006549 ], [ -58.631621587455641, -34.674294916895846 ], [ -58.631836839748992, -34.675178258090632 ], [ -58.632906119483039, -34.675000414249517 ] ] ] ] } },
{ "type": "Feature", "properties": { "Id": 1, "etiqueta": null }, "geometry": { "type": "MultiPolygon", "coordinates": [ [ [ [ -58.631836839748992, -34.675178258090632 ], [ -58.631621587455641, -34.674294916895846 ], [ -58.630552304839895, -34.674472760914497 ], [ -58.630767557756187, -34.675356102061116 ], [ -58.631836839748992, -34.675178258090632 ] ] ] ] } },
{ "type": "Feature", "properties": { "Id": 1, "etiqueta": null }, "geometry": { "type": "MultiPolygon", "coordinates": [ [ [ [ -58.630767557756187, -34.675356102061116 ], [ -58.630552304839895, -34.674472760914497 ], [ -58.629483019965548, -34.674650605062396 ], [ -58.629698273504602, -34.675533946160932 ], [ -58.630767557756187, -34.675356102061116 ] ] ] ] } },
{ "type": "Feature", "properties": { "Id": 1, "etiqueta": null }, "geometry": { "type": "MultiPolygon", "coordinates": [ [ [ [ -58.629698273504602, -34.675533946160932 ], [ -58.629483019965548, -34.674650605062396 ], [ -58.62841373283247, -34.674828449339493 ], [ -58.628628986994329, -34.675711790389897 ], [ -58.629698273504602, -34.675533946160932 ] ] ] ] } },
{ "type": "Feature", "properties": { "Id": 0, "etiqueta": "27" }, "geometry": { "type": "MultiPolygon", "coordinates": [ [ [ [ -58.65193752809094, -34.670915905235383 ], [ -58.651722292275856, -34.670032562794496 ], [ -58.650653051937979, -34.670210404386765 ], [ -58.650868288378192, -34.671093746778816 ], [ -58.65193752809094, -34.670915905235383 ] ] ] ] } },
{ "type": "Feature", "properties": { "Id": 0, "etiqueta": null }, "geometry": { "type": "MultiPolygon", "coordinates": [ [ [ [ -58.650868288378192, -34.671093746778816 ], [ -58.650653051937979, -34.670210404386765 ], [ -58.649583809342637, -34.670388246110143 ], [ -58.649799046407864, -34.671271588453486 ], [ -58.650868288378192, -34.671093746778816 ] ] ] ] } },
{ "type": "Feature", "properties": { "Id": 0, "etiqueta": null }, "geometry": { "type": "MultiPolygon", "coordinates": [ [ [ [ -58.649799046407864, -34.671271588453486 ], [ -58.649583809342637, -34.670388246110143 ], [ -58.64851456448995, -34.670566087964637 ], [ -58.648729802180029, -34.671449430259216 ], [ -58.649799046407864, -34.671271588453486 ] ] ] ] } },
{ "type": "Feature", "properties": { "Id": 0, "etiqueta": null }, "geometry": { "type": "MultiPolygon", "coordinates": [ [ [ [ -58.648729802180029, -34.671449430259216 ], [ -58.64851456448995, -34.670566087964637 ], [ -58.647445317379706, -34.67074392995 ], [ -58.647660555694493, -34.671627272195956 ], [ -58.648729802180029, -34.671449430259216 ] ] ] ] } },
{ "type": "Feature", "properties": { "Id": 0, "etiqueta": null }, "geometry": { "type": "MultiPolygon", "coordinates": [ [ [ [ -58.647660555694493, -34.671627272195956 ], [ -58.647445317379706, -34.67074392995 ], [ -58.646376068011875, -34.670921772066229 ], [ -58.646591306951358, -34.671805114263577 ], [ -58.647660555694493, -34.671627272195956 ] ] ] ] } },
{ "type": "Feature", "properties": { "Id": 0, "etiqueta": null }, "geometry": { "type": "MultiPolygon", "coordinates": [ [ [ [ -58.646591306951358, -34.671805114263577 ], [ -58.646376068011875, -34.670921772066229 ], [ -58.64530681638643, -34.671099614313277 ], [ -58.645522055950444, -34.671982956461932 ], [ -58.646591306951358, -34.671805114263577 ] ] ] ] } },
{ "type": "Feature", "properties": { "Id": 0, "etiqueta": null }, "geometry": { "type": "MultiPolygon", "coordinates": [ [ [ [ -58.645522055950444, -34.671982956461932 ], [ -58.64530681638643, -34.671099614313277 ], [ -58.644237562503243, -34.671277456690937 ], [ -58.644452802691696, -34.672160798791019 ], [ -58.645522055950444, -34.671982956461932 ] ] ] ] } },
{ "type": "Feature", "properties": { "Id": 0, "etiqueta": null }, "geometry": { "type": "MultiPolygon", "coordinates": [ [ [ [ -58.644452802691696, -34.672160798791019 ], [ -58.644237562503243, -34.671277456690937 ], [ -58.64316830636232, -34.671455299199124 ], [ -58.643383547175063, -34.672338641250619 ], [ -58.644452802691696, -34.672160798791019 ] ] ] ] } },
{ "type": "Feature", "properties": { "Id": 0, "etiqueta": null }, "geometry": { "type": "MultiPolygon", "coordinates": [ [ [ [ -58.643383547175063, -34.672338641250619 ], [ -58.64316830636232, -34.671455299199124 ], [ -58.642099047963583, -34.671633141837788 ], [ -58.642314289400517, -34.672516483840738 ], [ -58.643383547175063, -34.672338641250619 ] ] ] ] } },
{ "type": "Feature", "properties": { "Id": 1, "etiqueta": null }, "geometry": { "type": "MultiPolygon", "coordinates": [ [ [ [ -58.642314289400517, -34.672516483840738 ], [ -58.642099047963583, -34.671633141837788 ], [ -58.641029787306948, -34.671810984606765 ], [ -58.641245029367987, -34.672694326561263 ], [ -58.642314289400517, -34.672516483840738 ] ] ] ] } },
{ "type": "Feature", "properties": { "Id": 1, "etiqueta": null }, "geometry": { "type": "MultiPolygon", "coordinates": [ [ [ [ -58.641245029367987, -34.672694326561263 ], [ -58.641029787306948, -34.671810984606765 ], [ -58.639960524392436, -34.671988827506006 ], [ -58.640175767077331, -34.672872169412045 ], [ -58.641245029367987, -34.672694326561263 ] ] ] ] } },
{ "type": "Feature", "properties": { "Id": 1, "etiqueta": null }, "geometry": { "type": "MultiPolygon", "coordinates": [ [ [ [ -58.640175767077331, -34.672872169412045 ], [ -58.639960524392436, -34.671988827506006 ], [ -58.638891259219918, -34.672166670535404 ], [ -58.639106502528676, -34.673050012393006 ], [ -58.640175767077331, -34.672872169412045 ] ] ] ] } },
{ "type": "Feature", "properties": { "Id": 1, "etiqueta": null }, "geometry": { "type": "MultiPolygon", "coordinates": [ [ [ [ -58.639106502528676, -34.673050012393006 ], [ -58.638891259219918, -34.672166670535404 ], [ -58.637821991789352, -34.672344513694803 ], [ -58.638037235721733, -34.673227855504003 ], [ -58.639106502528676, -34.673050012393006 ] ] ] ] } },
{ "type": "Feature", "properties": { "Id": 1, "etiqueta": null }, "geometry": { "type": "MultiPolygon", "coordinates": [ [ [ [ -58.638037235721733, -34.673227855504003 ], [ -58.637821991789352, -34.672344513694803 ], [ -58.63675272210061, -34.672522356984167 ], [ -58.636967966656627, -34.673405698744979 ], [ -58.638037235721733, -34.673227855504003 ] ] ] ] } },
{ "type": "Feature", "properties": { "Id": 1, "etiqueta": null }, "geometry": { "type": "MultiPolygon", "coordinates": [ [ [ [ -58.636967966656627, -34.673405698744979 ], [ -58.63675272210061, -34.672522356984167 ], [ -58.635683450153756, -34.672700200403348 ], [ -58.635898695333289, -34.673583542115814 ], [ -58.636967966656627, -34.673405698744979 ] ] ] ] } },
{ "type": "Feature", "properties": { "Id": 1, "etiqueta": null }, "geometry": { "type": "MultiPolygon", "coordinates": [ [ [ [ -58.635898695333289, -34.673583542115814 ], [ -58.635683450153756, -34.672700200403348 ], [ -58.634614175948684, -34.672878043952288 ], [ -58.634829421751554, -34.673761385616366 ], [ -58.635898695333289, -34.673583542115814 ] ] ] ] } },
{ "type": "Feature", "properties": { "Id": 1, "etiqueta": null }, "geometry": { "type": "MultiPolygon", "coordinates": [ [ [ [ -58.634829421751498, -34.673761385616416 ], [ -58.634614175948684, -34.672878043952288 ], [ -58.633544899485273, -34.673055887630852 ], [ -58.633760145911388, -34.673939229246713 ], [ -58.634829421751498, -34.673761385616416 ] ] ] ] } },
{ "type": "Feature", "properties": { "Id": 1, "etiqueta": null }, "geometry": { "type": "MultiPolygon", "coordinates": [ [ [ [ -58.633760145911388, -34.673939229246713 ], [ -58.633544899485273, -34.673055887630852 ], [ -58.632475620763586, -34.673233731438906 ], [ -58.63269086781272, -34.674117073006549 ], [ -58.633760145911388, -34.673939229246713 ] ] ] ] } },
{ "type": "Feature", "properties": { "Id": 1, "etiqueta": null }, "geometry": { "type": "MultiPolygon", "coordinates": [ [ [ [ -58.63269086781272, -34.674117073006549 ], [ -58.632475620763586, -34.673233731438906 ], [ -58.631406339783418, -34.673411575376434 ], [ -58.631621587455641, -34.674294916895846 ], [ -58.63269086781272, -34.674117073006549 ] ] ] ] } },
{ "type": "Feature", "properties": { "Id": 1, "etiqueta": null }, "geometry": { "type": "MultiPolygon", "coordinates": [ [ [ [ -58.631621587455641, -34.674294916895846 ], [ -58.631406339783418, -34.673411575376434 ], [ -58.630337056544882, -34.67358941944331 ], [ -58.630552304839895, -34.674472760914497 ], [ -58.631621587455641, -34.674294916895846 ] ] ] ] } },
{ "type": "Feature", "properties": { "Id": 1, "etiqueta": null }, "geometry": { "type": "MultiPolygon", "coordinates": [ [ [ [ -58.630552304839895, -34.674472760914497 ], [ -58.630337056544882, -34.67358941944331 ], [ -58.629267771047708, -34.673767263639355 ], [ -58.629483019965548, -34.674650605062396 ], [ -58.630552304839895, -34.674472760914497 ] ] ] ] } },
{ "type": "Feature", "properties": { "Id": 0, "etiqueta": null }, "geometry": { "type": "MultiPolygon", "coordinates": [ [ [ [ -58.629483019965548, -34.674650605062396 ], [ -58.629267771047708, -34.673767263639355 ], [ -58.628198483292017, -34.673945107964578 ], [ -58.62841373283247, -34.674828449339493 ], [ -58.629483019965548, -34.674650605062396 ] ] ] ] } },
{ "type": "Feature", "properties": { "Id": 0, "etiqueta": "28" }, "geometry": { "type": "MultiPolygon", "coordinates": [ [ [ [ -58.651722292275856, -34.670032562794496 ], [ -58.651507061080309, -34.669149220028345 ], [ -58.650437820117439, -34.669327061669392 ], [ -58.650653051937979, -34.670210404386765 ], [ -58.651722292275856, -34.670032562794496 ] ] ] ] } },
{ "type": "Feature", "properties": { "Id": 0, "etiqueta": null }, "geometry": { "type": "MultiPolygon", "coordinates": [ [ [ [ -58.650653051937979, -34.670210404386765 ], [ -58.650437820117439, -34.669327061669392 ], [ -58.649368576897224, -34.669504903441542 ], [ -58.649583809342637, -34.670388246110143 ], [ -58.650653051937979, -34.670210404386765 ] ] ] ] } },
{ "type": "Feature", "properties": { "Id": 0, "etiqueta": null }, "geometry": { "type": "MultiPolygon", "coordinates": [ [ [ [ -58.649583809342637, -34.670388246110143 ], [ -58.649368576897224, -34.669504903441542 ], [ -58.648299331419693, -34.669682745344808 ], [ -58.64851456448995, -34.670566087964637 ], [ -58.649583809342637, -34.670388246110143 ] ] ] ] } },
{ "type": "Feature", "properties": { "Id": 0, "etiqueta": null }, "geometry": { "type": "MultiPolygon", "coordinates": [ [ [ [ -58.64851456448995, -34.670566087964637 ], [ -58.648299331419693, -34.669682745344808 ], [ -58.647230083684697, -34.669860587378899 ], [ -58.647445317379706, -34.67074392995 ], [ -58.64851456448995, -34.670566087964637 ] ] ] ] } },
{ "type": "Feature", "properties": { "Id": 0, "etiqueta": null }, "geometry": { "type": "MultiPolygon", "coordinates": [ [ [ [ -58.647445317379706, -34.67074392995 ], [ -58.647230083684697, -34.669860587378899 ], [ -58.646160833692285, -34.670038429543851 ], [ -58.646376068011875, -34.670921772066229 ], [ -58.647445317379706, -34.67074392995 ] ] ] ] } },
{ "type": "Feature", "properties": { "Id": 0, "etiqueta": null }, "geometry": { "type": "MultiPolygon", "coordinates": [ [ [ [ -58.646376068011875, -34.670921772066229 ], [ -58.646160833692285, -34.670038429543851 ], [ -58.645091581442408, -34.6702162718395 ], [ -58.64530681638643, -34.671099614313277 ], [ -58.646376068011875, -34.670921772066229 ] ] ] ] } },
{ "type": "Feature", "properties": { "Id": 0, "etiqueta": null }, "geometry": { "type": "MultiPolygon", "coordinates": [ [ [ [ -58.64530681638643, -34.671099614313277 ], [ -58.645091581442408, -34.6702162718395 ], [ -58.644022326934852, -34.670394114265797 ], [ -58.644237562503243, -34.671277456690937 ], [ -58.64530681638643, -34.671099614313277 ] ] ] ] } },
{ "type": "Feature", "properties": { "Id": 0, "etiqueta": null }, "geometry": { "type": "MultiPolygon", "coordinates": [ [ [ [ -58.644237562503243, -34.671277456690937 ], [ -58.644022326934852, -34.670394114265797 ], [ -58.642953070169753, -34.670571956822627 ], [ -58.64316830636232, -34.671455299199124 ], [ -58.644237562503243, -34.671277456690937 ] ] ] ] } },
{ "type": "Feature", "properties": { "Id": 0, "etiqueta": null }, "geometry": { "type": "MultiPolygon", "coordinates": [ [ [ [ -58.64316830636232, -34.671455299199124 ], [ -58.642953070169753, -34.670571956822627 ], [ -58.64188381114684, -34.670749799509863 ], [ -58.642099047963583, -34.671633141837788 ], [ -58.64316830636232, -34.671455299199124 ] ] ] ] } },
{ "type": "Feature", "properties": { "Id": 1, "etiqueta": null }, "geometry": { "type": "MultiPolygon", "coordinates": [ [ [ [ -58.642099047963583, -34.671633141837788 ], [ -58.64188381114684, -34.670749799509863 ], [ -58.640814549866306, -34.670927642327364 ], [ -58.641029787306948, -34.671810984606765 ], [ -58.642099047963583, -34.671633141837788 ] ] ] ] } },
{ "type": "Feature", "properties": { "Id": 1, "etiqueta": null }, "geometry": { "type": "MultiPolygon", "coordinates": [ [ [ [ -58.641029787306948, -34.671810984606765 ], [ -58.640814549866306, -34.670927642327364 ], [ -58.639745286327859, -34.671105485275142 ], [ -58.639960524392436, -34.671988827506006 ], [ -58.641029787306948, -34.671810984606765 ] ] ] ] } },
{ "type": "Feature", "properties": { "Id": 1, "etiqueta": null }, "geometry": { "type": "MultiPolygon", "coordinates": [ [ [ [ -58.639960524392436, -34.671988827506006 ], [ -58.639745286327859, -34.671105485275142 ], [ -58.638676020531584, -34.67128332835297 ], [ -58.638891259219918, -34.672166670535404 ], [ -58.639960524392436, -34.671988827506006 ] ] ] ] } },
{ "type": "Feature", "properties": { "Id": 1, "etiqueta": null }, "geometry": { "type": "MultiPolygon", "coordinates": [ [ [ [ -58.638891259219918, -34.672166670535404 ], [ -58.638676020531584, -34.67128332835297 ], [ -58.63760675247741, -34.671461171560814 ], [ -58.637821991789352, -34.672344513694803 ], [ -58.638891259219918, -34.672166670535404 ] ] ] ] } },
{ "type": "Feature", "properties": { "Id": 1, "etiqueta": null }, "geometry": { "type": "MultiPolygon", "coordinates": [ [ [ [ -58.637821991789352, -34.672344513694803 ], [ -58.63760675247741, -34.671461171560814 ], [ -58.636537482165167, -34.671639014898552 ], [ -58.63675272210061, -34.672522356984167 ], [ -58.637821991789352, -34.672344513694803 ] ] ] ] } },
{ "type": "Feature", "properties": { "Id": 1, "etiqueta": null }, "geometry": { "type": "MultiPolygon", "coordinates": [ [ [ [ -58.63675272210061, -34.672522356984167 ], [ -58.636537482165167, -34.671639014898552 ], [ -58.635468209594883, -34.671816858366171 ], [ -58.635683450153756, -34.672700200403348 ], [ -58.63675272210061, -34.672522356984167 ] ] ] ] } },
{ "type": "Feature", "properties": { "Id": 1, "etiqueta": null }, "geometry": { "type": "MultiPolygon", "coordinates": [ [ [ [ -58.635683450153756, -34.672700200403348 ], [ -58.635468209594883, -34.671816858366171 ], [ -58.634398934766523, -34.671994701963477 ], [ -58.634614175948684, -34.672878043952288 ], [ -58.635683450153756, -34.672700200403348 ] ] ] ] } },
{ "type": "Feature", "properties": { "Id": 1, "etiqueta": null }, "geometry": { "type": "MultiPolygon", "coordinates": [ [ [ [ -58.634614175948684, -34.672878043952288 ], [ -58.634398934766523, -34.671994701963477 ], [ -58.63332965767998, -34.672172545690316 ], [ -58.633544899485273, -34.673055887630852 ], [ -58.634614175948684, -34.672878043952288 ] ] ] ] } },
{ "type": "Feature", "properties": { "Id": 1, "etiqueta": null }, "geometry": { "type": "MultiPolygon", "coordinates": [ [ [ [ -58.633544899485273, -34.673055887630852 ], [ -58.63332965767998, -34.672172545690316 ], [ -58.632260378335204, -34.672350389546715 ], [ -58.632475620763586, -34.673233731438906 ], [ -58.633544899485273, -34.673055887630852 ] ] ] ] } },
{ "type": "Feature", "properties": { "Id": 1, "etiqueta": null }, "geometry": { "type": "MultiPolygon", "coordinates": [ [ [ [ -58.632475620763586, -34.673233731438906 ], [ -58.632260378335204, -34.672350389546715 ], [ -58.631191096732145, -34.672528233532454 ], [ -58.631406339783418, -34.673411575376434 ], [ -58.632475620763586, -34.673233731438906 ] ] ] ] } },
{ "type": "Feature", "properties": { "Id": 1, "etiqueta": null }, "geometry": { "type": "MultiPolygon", "coordinates": [ [ [ [ -58.631406339783418, -34.673411575376434 ], [ -58.631191096732145, -34.672528233532454 ], [ -58.630121812870755, -34.672706077647533 ], [ -58.630337056544882, -34.67358941944331 ], [ -58.631406339783418, -34.673411575376434 ] ] ] ] } },
{ "type": "Feature", "properties": { "Id": 1, "etiqueta": null }, "geometry": { "type": "MultiPolygon", "coordinates": [ [ [ [ -58.630337056544882, -34.67358941944331 ], [ -58.630121812870755, -34.672706077647533 ], [ -58.629052526750918, -34.672883921891824 ], [ -58.629267771047708, -34.673767263639355 ], [ -58.630337056544882, -34.67358941944331 ] ] ] ] } },
{ "type": "Feature", "properties": { "Id": 0, "etiqueta": null }, "geometry": { "type": "MultiPolygon", "coordinates": [ [ [ [ -58.629267771047708, -34.673767263639355 ], [ -58.629052526750918, -34.672883921891824 ], [ -58.627983238372614, -34.673061766265164 ], [ -58.628198483292017, -34.673945107964578 ], [ -58.629267771047708, -34.673767263639355 ] ] ] ] } },
{ "type": "Feature", "properties": { "Id": 0, "etiqueta": "29" }, "geometry": { "type": "MultiPolygon", "coordinates": [ [ [ [ -58.651507061080309, -34.669149220028345 ], [ -58.651291834504171, -34.668265876936992 ], [ -58.650222592916286, -34.668443718626875 ], [ -58.650437820117439, -34.669327061669392 ], [ -58.651507061080309, -34.669149220028345 ] ] ] ] } },
{ "type": "Feature", "properties": { "Id": 0, "etiqueta": null }, "geometry": { "type": "MultiPolygon", "coordinates": [ [ [ [ -58.650437820117439, -34.669327061669392 ], [ -58.650222592916286, -34.668443718626875 ], [ -58.649153349071241, -34.668621560447882 ], [ -58.649368576897224, -34.669504903441542 ], [ -58.650437820117439, -34.669327061669392 ] ] ] ] } },
{ "type": "Feature", "properties": { "Id": 0, "etiqueta": null }, "geometry": { "type": "MultiPolygon", "coordinates": [ [ [ [ -58.649368576897224, -34.669504903441542 ], [ -58.649153349071241, -34.668621560447882 ], [ -58.64808410296893, -34.668799402399856 ], [ -58.648299331419693, -34.669682745344808 ], [ -58.649368576897224, -34.669504903441542 ] ] ] ] } },
{ "type": "Feature", "properties": { "Id": 0, "etiqueta": null }, "geometry": { "type": "MultiPolygon", "coordinates": [ [ [ [ -58.648299331419693, -34.669682745344808 ], [ -58.64808410296893, -34.668799402399856 ], [ -58.647014854609317, -34.668977244482768 ], [ -58.647230083684697, -34.669860587378899 ], [ -58.648299331419693, -34.669682745344808 ] ] ] ] } },
{ "type": "Feature", "properties": { "Id": 0, "etiqueta": null }, "geometry": { "type": "MultiPolygon", "coordinates": [ [ [ [ -58.647230083684697, -34.669860587378899 ], [ -58.647014854609317, -34.668977244482768 ], [ -58.645945603992409, -34.669155086696449 ], [ -58.646160833692285, -34.670038429543851 ], [ -58.647230083684697, -34.669860587378899 ] ] ] ] } },
{ "type": "Feature", "properties": { "Id": 0, "etiqueta": null }, "geometry": { "type": "MultiPolygon", "coordinates": [ [ [ [ -58.646160833692285, -34.670038429543851 ], [ -58.645945603992409, -34.669155086696449 ], [ -58.644876351118093, -34.669332929040806 ], [ -58.645091581442408, -34.6702162718395 ], [ -58.646160833692285, -34.670038429543851 ] ] ] ] } },
{ "type": "Feature", "properties": { "Id": 0, "etiqueta": null }, "geometry": { "type": "MultiPolygon", "coordinates": [ [ [ [ -58.645091581442408, -34.6702162718395 ], [ -58.644876351118093, -34.669332929040806 ], [ -58.643807095986283, -34.669510771515732 ], [ -58.644022326934852, -34.670394114265797 ], [ -58.645091581442408, -34.6702162718395 ] ] ] ] } },
{ "type": "Feature", "properties": { "Id": 0, "etiqueta": null }, "geometry": { "type": "MultiPolygon", "coordinates": [ [ [ [ -58.644022326934852, -34.670394114265797 ], [ -58.643807095986283, -34.669510771515732 ], [ -58.642737838596993, -34.669688614121156 ], [ -58.642953070169753, -34.670571956822627 ], [ -58.644022326934852, -34.670394114265797 ] ] ] ] } },
{ "type": "Feature", "properties": { "Id": 1, "etiqueta": null }, "geometry": { "type": "MultiPolygon", "coordinates": [ [ [ [ -58.642953070169753, -34.670571956822627 ], [ -58.642737838596993, -34.669688614121156 ], [ -58.641668578950132, -34.669866456857008 ], [ -58.64188381114684, -34.670749799509863 ], [ -58.642953070169753, -34.670571956822627 ] ] ] ] } },
{ "type": "Feature", "properties": { "Id": 1, "etiqueta": null }, "geometry": { "type": "MultiPolygon", "coordinates": [ [ [ [ -58.64188381114684, -34.670749799509863 ], [ -58.641668578950132, -34.669866456857008 ], [ -58.64059931704557, -34.670044299723131 ], [ -58.640814549866306, -34.670927642327364 ], [ -58.64188381114684, -34.670749799509863 ] ] ] ] } },
{ "type": "Feature", "properties": { "Id": 1, "etiqueta": null }, "geometry": { "type": "MultiPolygon", "coordinates": [ [ [ [ -58.640814549866306, -34.670927642327364 ], [ -58.64059931704557, -34.670044299723131 ], [ -58.639530052883387, -34.670222142719389 ], [ -58.639745286327859, -34.671105485275142 ], [ -58.640814549866306, -34.670927642327364 ] ] ] ] } },
{ "type": "Feature", "properties": { "Id": 1, "etiqueta": null }, "geometry": { "type": "MultiPolygon", "coordinates": [ [ [ [ -58.639745286327859, -34.671105485275142 ], [ -58.639530052883387, -34.670222142719389 ], [ -58.638460786463384, -34.670399985845769 ], [ -58.638676020531584, -34.67128332835297 ], [ -58.639745286327859, -34.671105485275142 ] ] ] ] } },
{ "type": "Feature", "properties": { "Id": 1, "etiqueta": null }, "geometry": { "type": "MultiPolygon", "coordinates": [ [ [ [ -58.638676020531584, -34.67128332835297 ], [ -58.638460786463384, -34.670399985845769 ], [ -58.637391517785595, -34.670577829102108 ], [ -58.63760675247741, -34.671461171560814 ], [ -58.638676020531584, -34.67128332835297 ] ] ] ] } },
{ "type": "Feature", "properties": { "Id": 1, "etiqueta": null }, "geometry": { "type": "MultiPolygon", "coordinates": [ [ [ [ -58.63760675247741, -34.671461171560814 ], [ -58.637391517785595, -34.670577829102108 ], [ -58.636322246849971, -34.670755672488326 ], [ -58.636537482165167, -34.671639014898552 ], [ -58.63760675247741, -34.671461171560814 ] ] ] ] } },
{ "type": "Feature", "properties": { "Id": 1, "etiqueta": null }, "geometry": { "type": "MultiPolygon", "coordinates": [ [ [ [ -58.636537482165167, -34.671639014898552 ], [ -58.636322246849971, -34.670755672488326 ], [ -58.635252973656364, -34.670933516004339 ], [ -58.635468209594883, -34.671816858366171 ], [ -58.636537482165167, -34.671639014898552 ] ] ] ] } },
{ "type": "Feature", "properties": { "Id": 1, "etiqueta": null }, "geometry": { "type": "MultiPolygon", "coordinates": [ [ [ [ -58.635468209594883, -34.671816858366171 ], [ -58.635252973656364, -34.670933516004339 ], [ -58.634183698204794, -34.671111359649942 ], [ -58.634398934766523, -34.671994701963477 ], [ -58.635468209594883, -34.671816858366171 ] ] ] ] } },
{ "type": "Feature", "properties": { "Id": 1, "etiqueta": null }, "geometry": { "type": "MultiPolygon", "coordinates": [ [ [ [ -58.634398934766523, -34.671994701963477 ], [ -58.634183698204794, -34.671111359649942 ], [ -58.633114420495104, -34.671289203425211 ], [ -58.63332965767998, -34.672172545690316 ], [ -58.634398934766523, -34.671994701963477 ] ] ] ] } },
{ "type": "Feature", "properties": { "Id": 1, "etiqueta": null }, "geometry": { "type": "MultiPolygon", "coordinates": [ [ [ [ -58.63332965767998, -34.672172545690316 ], [ -58.633114420495104, -34.671289203425211 ], [ -58.632045140527325, -34.671467047329912 ], [ -58.632260378335204, -34.672350389546715 ], [ -58.63332965767998, -34.672172545690316 ] ] ] ] } },
{ "type": "Feature", "properties": { "Id": 1, "etiqueta": null }, "geometry": { "type": "MultiPolygon", "coordinates": [ [ [ [ -58.632260378335204, -34.672350389546715 ], [ -58.632045140527325, -34.671467047329912 ], [ -58.63097585830149, -34.671644891363968 ], [ -58.631191096732145, -34.672528233532454 ], [ -58.632260378335204, -34.672350389546715 ] ] ] ] } },
{ "type": "Feature", "properties": { "Id": 1, "etiqueta": null }, "geometry": { "type": "MultiPolygon", "coordinates": [ [ [ [ -58.631191096732145, -34.672528233532454 ], [ -58.63097585830149, -34.671644891363968 ], [ -58.629906573817266, -34.671822735527314 ], [ -58.630121812870755, -34.672706077647533 ], [ -58.631191096732145, -34.672528233532454 ] ] ] ] } },
{ "type": "Feature", "properties": { "Id": 1, "etiqueta": null }, "geometry": { "type": "MultiPolygon", "coordinates": [ [ [ [ -58.630121812870755, -34.672706077647533 ], [ -58.629906573817266, -34.671822735527314 ], [ -58.628837287074838, -34.672000579819823 ], [ -58.629052526750918, -34.672883921891824 ], [ -58.630121812870755, -34.672706077647533 ] ] ] ] } },
{ "type": "Feature", "properties": { "Id": 0, "etiqueta": null }, "geometry": { "type": "MultiPolygon", "coordinates": [ [ [ [ -58.629052526750918, -34.672883921891824 ], [ -58.628837287074838, -34.672000579819823 ], [ -58.627767998074056, -34.672178424241352 ], [ -58.627983238372614, -34.673061766265164 ], [ -58.629052526750918, -34.672883921891824 ] ] ] ] } },
{ "type": "Feature", "properties": { "Id": 0, "etiqueta": "30" }, "geometry": { "type": "MultiPolygon", "coordinates": [ [ [ [ -58.651291834504171, -34.668265876936992 ], [ -58.651076612547065, -34.66738253352036 ], [ -58.650007370334208, -34.667560375259193 ], [ -58.650222592916286, -34.668443718626875 ], [ -58.651291834504171, -34.668265876936992 ] ] ] ] } },
{ "type": "Feature", "properties": { "Id": 0, "etiqueta": null }, "geometry": { "type": "MultiPolygon", "coordinates": [ [ [ [ -58.650222592916286, -34.668443718626875 ], [ -58.650007370334208, -34.667560375259193 ], [ -58.648938125864284, -34.667738217129028 ], [ -58.649153349071241, -34.668621560447882 ], [ -58.650222592916286, -34.668443718626875 ] ] ] ] } },
{ "type": "Feature", "properties": { "Id": 0, "etiqueta": null }, "geometry": { "type": "MultiPolygon", "coordinates": [ [ [ [ -58.649153349071241, -34.668621560447882 ], [ -58.648938125864284, -34.667738217129028 ], [ -58.647868879137391, -34.667916059129858 ], [ -58.64808410296893, -34.668799402399856 ], [ -58.649153349071241, -34.668621560447882 ] ] ] ] } },
{ "type": "Feature", "properties": { "Id": 0, "etiqueta": null }, "geometry": { "type": "MultiPolygon", "coordinates": [ [ [ [ -58.64808410296893, -34.668799402399856 ], [ -58.647868879137391, -34.667916059129858 ], [ -58.646799630153225, -34.668093901261528 ], [ -58.647014854609317, -34.668977244482768 ], [ -58.64808410296893, -34.668799402399856 ] ] ] ] } },
{ "type": "Feature", "properties": { "Id": 0, "etiqueta": null }, "geometry": { "type": "MultiPolygon", "coordinates": [ [ [ [ -58.647014854609317, -34.668977244482768 ], [ -58.646799630153225, -34.668093901261528 ], [ -58.645730378911821, -34.668271743523995 ], [ -58.645945603992409, -34.669155086696449 ], [ -58.647014854609317, -34.668977244482768 ] ] ] ] } },
{ "type": "Feature", "properties": { "Id": 0, "etiqueta": null }, "geometry": { "type": "MultiPolygon", "coordinates": [ [ [ [ -58.645945603992409, -34.669155086696449 ], [ -58.645730378911821, -34.668271743523995 ], [ -58.644661125413222, -34.668449585917053 ], [ -58.644876351118093, -34.669332929040806 ], [ -58.645945603992409, -34.669155086696449 ] ] ] ] } },
{ "type": "Feature", "properties": { "Id": 0, "etiqueta": null }, "geometry": { "type": "MultiPolygon", "coordinates": [ [ [ [ -58.644876351118093, -34.669332929040806 ], [ -58.644661125413222, -34.668449585917053 ], [ -58.6435918696572, -34.668627428440715 ], [ -58.643807095986283, -34.669510771515732 ], [ -58.644876351118093, -34.669332929040806 ] ] ] ] } },
{ "type": "Feature", "properties": { "Id": 0, "etiqueta": null }, "geometry": { "type": "MultiPolygon", "coordinates": [ [ [ [ -58.643807095986283, -34.669510771515732 ], [ -58.6435918696572, -34.668627428440715 ], [ -58.642522611643834, -34.668805271094861 ], [ -58.642737838596993, -34.669688614121156 ], [ -58.643807095986283, -34.669510771515732 ] ] ] ] } },
{ "type": "Feature", "properties": { "Id": 0, "etiqueta": null }, "geometry": { "type": "MultiPolygon", "coordinates": [ [ [ [ -58.642737838596993, -34.669688614121156 ], [ -58.642522611643834, -34.668805271094861 ], [ -58.641453351372974, -34.668983113879314 ], [ -58.641668578950132, -34.669866456857008 ], [ -58.642737838596993, -34.669688614121156 ] ] ] ] } },
{ "type": "Feature", "properties": { "Id": 1, "etiqueta": null }, "geometry": { "type": "MultiPolygon", "coordinates": [ [ [ [ -58.641668578950132, -34.669866456857008 ], [ -58.641453351372974, -34.668983113879314 ], [ -58.640384088844563, -34.669160956794002 ], [ -58.64059931704557, -34.670044299723131 ], [ -58.641668578950132, -34.669866456857008 ] ] ] ] } },
{ "type": "Feature", "properties": { "Id": 1, "etiqueta": null }, "geometry": { "type": "MultiPolygon", "coordinates": [ [ [ [ -58.64059931704557, -34.670044299723131 ], [ -58.640384088844563, -34.669160956794002 ], [ -58.639314824058637, -34.669338799838883 ], [ -58.639530052883387, -34.670222142719389 ], [ -58.64059931704557, -34.670044299723131 ] ] ] ] } },
{ "type": "Feature", "properties": { "Id": 1, "etiqueta": null }, "geometry": { "type": "MultiPolygon", "coordinates": [ [ [ [ -58.639530052883387, -34.670222142719389 ], [ -58.639314824058637, -34.669338799838883 ], [ -58.638245557015004, -34.669516643013793 ], [ -58.638460786463384, -34.670399985845769 ], [ -58.639530052883387, -34.670222142719389 ] ] ] ] } },
{ "type": "Feature", "properties": { "Id": 1, "etiqueta": null }, "geometry": { "type": "MultiPolygon", "coordinates": [ [ [ [ -58.638460786463384, -34.670399985845769 ], [ -58.638245557015004, -34.669516643013793 ], [ -58.637176287713736, -34.669694486318626 ], [ -58.637391517785595, -34.670577829102108 ], [ -58.638460786463384, -34.670399985845769 ] ] ] ] } },
{ "type": "Feature", "properties": { "Id": 1, "etiqueta": null }, "geometry": { "type": "MultiPolygon", "coordinates": [ [ [ [ -58.637391517785595, -34.670577829102108 ], [ -58.637176287713736, -34.669694486318626 ], [ -58.636107016154689, -34.669872329753353 ], [ -58.636322246849971, -34.670755672488326 ], [ -58.637391517785595, -34.670577829102108 ] ] ] ] } },
{ "type": "Feature", "properties": { "Id": 1, "etiqueta": null }, "geometry": { "type": "MultiPolygon", "coordinates": [ [ [ [ -58.636322246849971, -34.670755672488326 ], [ -58.636107016154689, -34.669872329753353 ], [ -58.635037742337836, -34.670050173317783 ], [ -58.635252973656364, -34.670933516004339 ], [ -58.636322246849971, -34.670755672488326 ] ] ] ] } },
{ "type": "Feature", "properties": { "Id": 1, "etiqueta": null }, "geometry": { "type": "MultiPolygon", "coordinates": [ [ [ [ -58.635252973656364, -34.670933516004339 ], [ -58.635037742337836, -34.670050173317783 ], [ -58.633968466263063, -34.670228017011866 ], [ -58.634183698204794, -34.671111359649942 ], [ -58.635252973656364, -34.670933516004339 ] ] ] ] } },
{ "type": "Feature", "properties": { "Id": 1, "etiqueta": null }, "geometry": { "type": "MultiPolygon", "coordinates": [ [ [ [ -58.634183698204794, -34.671111359649942 ], [ -58.633968466263063, -34.670228017011866 ], [ -58.63289918793042, -34.670405860835494 ], [ -58.633114420495104, -34.671289203425211 ], [ -58.634183698204794, -34.671111359649942 ] ] ] ] } },
{ "type": "Feature", "properties": { "Id": 1, "etiqueta": null }, "geometry": { "type": "MultiPolygon", "coordinates": [ [ [ [ -58.633114420495104, -34.671289203425211 ], [ -58.63289918793042, -34.670405860835494 ], [ -58.631829907339728, -34.670583704788562 ], [ -58.632045140527325, -34.671467047329912 ], [ -58.633114420495104, -34.671289203425211 ] ] ] ] } },
{ "type": "Feature", "properties": { "Id": 1, "etiqueta": null }, "geometry": { "type": "MultiPolygon", "coordinates": [ [ [ [ -58.632045140527325, -34.671467047329912 ], [ -58.631829907339728, -34.670583704788562 ], [ -58.630760624491025, -34.670761548870942 ], [ -58.63097585830149, -34.671644891363968 ], [ -58.632045140527325, -34.671467047329912 ] ] ] ] } },
{ "type": "Feature", "properties": { "Id": 1, "etiqueta": null }, "geometry": { "type": "MultiPolygon", "coordinates": [ [ [ [ -58.63097585830149, -34.671644891363968 ], [ -58.630760624491025, -34.670761548870942 ], [ -58.629691339384195, -34.670939393082584 ], [ -58.629906573817266, -34.671822735527314 ], [ -58.63097585830149, -34.671644891363968 ] ] ] ] } },
{ "type": "Feature", "properties": { "Id": 1, "etiqueta": null }, "geometry": { "type": "MultiPolygon", "coordinates": [ [ [ [ -58.629906573817266, -34.671822735527314 ], [ -58.629691339384195, -34.670939393082584 ], [ -58.628622052019196, -34.671117237423353 ], [ -58.628837287074838, -34.672000579819823 ], [ -58.629906573817266, -34.671822735527314 ] ] ] ] } },
{ "type": "Feature", "properties": { "Id": 1, "etiqueta": null }, "geometry": { "type": "MultiPolygon", "coordinates": [ [ [ [ -58.628837287074838, -34.672000579819823 ], [ -58.628622052019196, -34.671117237423353 ], [ -58.627552762395943, -34.671295081893142 ], [ -58.627767998074056, -34.672178424241352 ], [ -58.628837287074838, -34.672000579819823 ] ] ] ] } },
{ "type": "Feature", "properties": { "Id": 0, "etiqueta": "31" }, "geometry": { "type": "MultiPolygon", "coordinates": [ [ [ [ -58.651076612547065, -34.66738253352036 ], [ -58.6508613952087, -34.666499189778705 ], [ -58.64979215237102, -34.666677031566373 ], [ -58.650007370334208, -34.667560375259193 ], [ -58.651076612547065, -34.66738253352036 ] ] ] ] } },
{ "type": "Feature", "properties": { "Id": 0, "etiqueta": null }, "geometry": { "type": "MultiPolygon", "coordinates": [ [ [ [ -58.650007370334208, -34.667560375259193 ], [ -58.64979215237102, -34.666677031566373 ], [ -58.648722907276337, -34.666854873485129 ], [ -58.648938125864284, -34.667738217129028 ], [ -58.650007370334208, -34.667560375259193 ] ] ] ] } },
{ "type": "Feature", "properties": { "Id": 0, "etiqueta": null }, "geometry": { "type": "MultiPolygon", "coordinates": [ [ [ [ -58.648938125864284, -34.667738217129028 ], [ -58.648722907276337, -34.666854873485129 ], [ -58.647653659924728, -34.667032715534837 ], [ -58.647868879137391, -34.667916059129858 ], [ -58.648938125864284, -34.667738217129028 ] ] ] ] } },
{ "type": "Feature", "properties": { "Id": 0, "etiqueta": null }, "geometry": { "type": "MultiPolygon", "coordinates": [ [ [ [ -58.647868879137391, -34.667916059129858 ], [ -58.647653659924728, -34.667032715534837 ], [ -58.646584410316137, -34.667210557715357 ], [ -58.646799630153225, -34.668093901261528 ], [ -58.647868879137391, -34.667916059129858 ] ] ] ] } },
{ "type": "Feature", "properties": { "Id": 0, "etiqueta": null }, "geometry": { "type": "MultiPolygon", "coordinates": [ [ [ [ -58.646799630153225, -34.668093901261528 ], [ -58.646584410316137, -34.667210557715357 ], [ -58.64551515845038, -34.667388400026567 ], [ -58.645730378911821, -34.668271743523995 ], [ -58.646799630153225, -34.668093901261528 ] ] ] ] } },
{ "type": "Feature", "properties": { "Id": 0, "etiqueta": null }, "geometry": { "type": "MultiPolygon", "coordinates": [ [ [ [ -58.645730378911821, -34.668271743523995 ], [ -58.64551515845038, -34.667388400026567 ], [ -58.644445904327462, -34.667566242468425 ], [ -58.644661125413222, -34.668449585917053 ], [ -58.645730378911821, -34.668271743523995 ] ] ] ] } },
{ "type": "Feature", "properties": { "Id": 0, "etiqueta": null }, "geometry": { "type": "MultiPolygon", "coordinates": [ [ [ [ -58.644661125413222, -34.668449585917053 ], [ -58.644445904327462, -34.667566242468425 ], [ -58.643376647947299, -34.667744085040823 ], [ -58.6435918696572, -34.668627428440715 ], [ -58.644661125413222, -34.668449585917053 ] ] ] ] } },
{ "type": "Feature", "properties": { "Id": 0, "etiqueta": null }, "geometry": { "type": "MultiPolygon", "coordinates": [ [ [ [ -58.6435918696572, -34.668627428440715 ], [ -58.643376647947299, -34.667744085040823 ], [ -58.642307389309885, -34.667921927743642 ], [ -58.642522611643834, -34.668805271094861 ], [ -58.6435918696572, -34.668627428440715 ] ] ] ] } },
{ "type": "Feature", "properties": { "Id": 0, "etiqueta": null }, "geometry": { "type": "MultiPolygon", "coordinates": [ [ [ [ -58.642522611643834, -34.668805271094861 ], [ -58.642307389309885, -34.667921927743642 ], [ -58.641238128415146, -34.668099770576788 ], [ -58.641453351372974, -34.668983113879314 ], [ -58.642522611643834, -34.668805271094861 ] ] ] ] } },
{ "type": "Feature", "properties": { "Id": 1, "etiqueta": null }, "geometry": { "type": "MultiPolygon", "coordinates": [ [ [ [ -58.641453351372974, -34.668983113879314 ], [ -58.641238128415146, -34.668099770576788 ], [ -58.64016886526295, -34.668277613540106 ], [ -58.640384088844563, -34.669160956794002 ], [ -58.641453351372974, -34.668983113879314 ] ] ] ] } },
{ "type": "Feature", "properties": { "Id": 1, "etiqueta": null }, "geometry": { "type": "MultiPolygon", "coordinates": [ [ [ [ -58.640384088844563, -34.669160956794002 ], [ -58.64016886526295, -34.668277613540106 ], [ -58.639099599853338, -34.668455456633602 ], [ -58.639314824058637, -34.669338799838883 ], [ -58.640384088844563, -34.669160956794002 ] ] ] ] } },
{ "type": "Feature", "properties": { "Id": 1, "etiqueta": null }, "geometry": { "type": "MultiPolygon", "coordinates": [ [ [ [ -58.639314824058637, -34.669338799838883 ], [ -58.639099599853338, -34.668455456633602 ], [ -58.638030332186176, -34.668633299857134 ], [ -58.638245557015004, -34.669516643013793 ], [ -58.639314824058637, -34.669338799838883 ] ] ] ] } },
{ "type": "Feature", "properties": { "Id": 1, "etiqueta": null }, "geometry": { "type": "MultiPolygon", "coordinates": [ [ [ [ -58.638245557015004, -34.669516643013793 ], [ -58.638030332186176, -34.668633299857134 ], [ -58.636961062261442, -34.66881114321049 ], [ -58.637176287713736, -34.669694486318626 ], [ -58.638245557015004, -34.669516643013793 ] ] ] ] } },
{ "type": "Feature", "properties": { "Id": 1, "etiqueta": null }, "geometry": { "type": "MultiPolygon", "coordinates": [ [ [ [ -58.637176287713736, -34.669694486318626 ], [ -58.636961062261442, -34.66881114321049 ], [ -58.635891790079071, -34.668988986693741 ], [ -58.636107016154689, -34.669872329753353 ], [ -58.637176287713736, -34.669694486318626 ] ] ] ] } },
{ "type": "Feature", "properties": { "Id": 1, "etiqueta": null }, "geometry": { "type": "MultiPolygon", "coordinates": [ [ [ [ -58.636107016154689, -34.669872329753353 ], [ -58.635891790079071, -34.668988986693741 ], [ -58.634822515639044, -34.669166830306679 ], [ -58.635037742337836, -34.670050173317783 ], [ -58.636107016154689, -34.669872329753353 ] ] ] ] } },
{ "type": "Feature", "properties": { "Id": 1, "etiqueta": null }, "geometry": { "type": "MultiPolygon", "coordinates": [ [ [ [ -58.635037742337836, -34.670050173317783 ], [ -58.634822515639044, -34.669166830306679 ], [ -58.633753238941239, -34.669344674049199 ], [ -58.633968466263063, -34.670228017011866 ], [ -58.635037742337836, -34.670050173317783 ] ] ] ] } },
{ "type": "Feature", "properties": { "Id": 1, "etiqueta": null }, "geometry": { "type": "MultiPolygon", "coordinates": [ [ [ [ -58.633968466263063, -34.670228017011866 ], [ -58.633753238941175, -34.669344674049178 ], [ -58.632683959985535, -34.669522517921273 ], [ -58.63289918793042, -34.670405860835494 ], [ -58.633968466263063, -34.670228017011866 ] ] ] ] } },
{ "type": "Feature", "properties": { "Id": 1, "etiqueta": null }, "geometry": { "type": "MultiPolygon", "coordinates": [ [ [ [ -58.63289918793042, -34.670405860835494 ], [ -58.632683959985535, -34.669522517921273 ], [ -58.631614678771982, -34.669700361922715 ], [ -58.631829907339728, -34.670583704788562 ], [ -58.63289918793042, -34.670405860835494 ] ] ] ] } },
{ "type": "Feature", "properties": { "Id": 1, "etiqueta": null }, "geometry": { "type": "MultiPolygon", "coordinates": [ [ [ [ -58.631829907339728, -34.670583704788562 ], [ -58.631614678771982, -34.669700361922715 ], [ -58.630545395300565, -34.669878206053468 ], [ -58.630760624491025, -34.670761548870942 ], [ -58.631829907339728, -34.670583704788562 ] ] ] ] } },
{ "type": "Feature", "properties": { "Id": 1, "etiqueta": null }, "geometry": { "type": "MultiPolygon", "coordinates": [ [ [ [ -58.630760624491025, -34.670761548870942 ], [ -58.630545395300565, -34.669878206053468 ], [ -58.629476109571158, -34.670056050313406 ], [ -58.629691339384195, -34.670939393082584 ], [ -58.630760624491025, -34.670761548870942 ] ] ] ] } },
{ "type": "Feature", "properties": { "Id": 1, "etiqueta": null }, "geometry": { "type": "MultiPolygon", "coordinates": [ [ [ [ -58.629691339384195, -34.670939393082584 ], [ -58.629476109571158, -34.670056050313406 ], [ -58.628406821583695, -34.670233894702527 ], [ -58.628622052019196, -34.671117237423353 ], [ -58.629691339384195, -34.670939393082584 ] ] ] ] } },
{ "type": "Feature", "properties": { "Id": 1, "etiqueta": null }, "geometry": { "type": "MultiPolygon", "coordinates": [ [ [ [ -58.628622052019196, -34.671117237423353 ], [ -58.628406821583695, -34.670233894702527 ], [ -58.627337531337993, -34.670411739220611 ], [ -58.627552762395943, -34.671295081893142 ], [ -58.628622052019196, -34.671117237423353 ] ] ] ] } },
{ "type": "Feature", "properties": { "Id": 0, "etiqueta": "32" }, "geometry": { "type": "MultiPolygon", "coordinates": [ [ [ [ -58.6508613952087, -34.666499189778705 ], [ -58.6506461824887, -34.665615845711848 ], [ -58.649576939026218, -34.665793687548529 ], [ -58.64979215237102, -34.666677031566373 ], [ -58.6508613952087, -34.666499189778705 ] ] ] ] } },
{ "type": "Feature", "properties": { "Id": 0, "etiqueta": null }, "geometry": { "type": "MultiPolygon", "coordinates": [ [ [ [ -58.64979215237102, -34.666677031566373 ], [ -58.649576939026218, -34.665793687548529 ], [ -58.648507693306932, -34.665971529516185 ], [ -58.648722907276337, -34.666854873485129 ], [ -58.64979215237102, -34.666677031566373 ] ] ] ] } },
{ "type": "Feature", "properties": { "Id": 0, "etiqueta": null }, "geometry": { "type": "MultiPolygon", "coordinates": [ [ [ [ -58.648722907276337, -34.666854873485129 ], [ -58.648507693306932, -34.665971529516185 ], [ -58.647438445330806, -34.666149371614779 ], [ -58.647653659924728, -34.667032715534837 ], [ -58.648722907276337, -34.666854873485129 ] ] ] ] } },
{ "type": "Feature", "properties": { "Id": 0, "etiqueta": null }, "geometry": { "type": "MultiPolygon", "coordinates": [ [ [ [ -58.647653659924728, -34.667032715534837 ], [ -58.647438445330806, -34.666149371614779 ], [ -58.646369195097712, -34.66632721384412 ], [ -58.646584410316137, -34.667210557715357 ], [ -58.647653659924728, -34.667032715534837 ] ] ] ] } },
{ "type": "Feature", "properties": { "Id": 0, "etiqueta": null }, "geometry": { "type": "MultiPolygon", "coordinates": [ [ [ [ -58.646584410316137, -34.667210557715357 ], [ -58.646369195097712, -34.66632721384412 ], [ -58.64529994260765, -34.666505056204215 ], [ -58.64551515845038, -34.667388400026567 ], [ -58.646584410316137, -34.667210557715357 ] ] ] ] } },
{ "type": "Feature", "properties": { "Id": 0, "etiqueta": null }, "geometry": { "type": "MultiPolygon", "coordinates": [ [ [ [ -58.64551515845038, -34.667388400026567 ], [ -58.64529994260765, -34.666505056204215 ], [ -58.644230687860521, -34.666682898694916 ], [ -58.644445904327462, -34.667566242468425 ], [ -58.64551515845038, -34.667388400026567 ] ] ] ] } },
{ "type": "Feature", "properties": { "Id": 0, "etiqueta": null }, "geometry": { "type": "MultiPolygon", "coordinates": [ [ [ [ -58.644445904327462, -34.667566242468425 ], [ -58.644230687860521, -34.666682898694916 ], [ -58.643161430856331, -34.666860741316057 ], [ -58.643376647947299, -34.667744085040823 ], [ -58.644445904327462, -34.667566242468425 ] ] ] ] } },
{ "type": "Feature", "properties": { "Id": 0, "etiqueta": null }, "geometry": { "type": "MultiPolygon", "coordinates": [ [ [ [ -58.643376647947299, -34.667744085040823 ], [ -58.643161430856331, -34.666860741316057 ], [ -58.642092171594939, -34.667038584067619 ], [ -58.642307389309885, -34.667921927743642 ], [ -58.643376647947299, -34.667744085040823 ] ] ] ] } },
{ "type": "Feature", "properties": { "Id": 0, "etiqueta": null }, "geometry": { "type": "MultiPolygon", "coordinates": [ [ [ [ -58.642307389309885, -34.667921927743642 ], [ -58.642092171594939, -34.667038584067619 ], [ -58.641022910076295, -34.667216426949444 ], [ -58.641238128415146, -34.668099770576788 ], [ -58.642307389309885, -34.667921927743642 ] ] ] ] } },
{ "type": "Feature", "properties": { "Id": 0, "etiqueta": null }, "geometry": { "type": "MultiPolygon", "coordinates": [ [ [ [ -58.641238128415146, -34.668099770576788 ], [ -58.641022910076295, -34.667216426949444 ], [ -58.639953646300427, -34.667394269961513 ], [ -58.64016886526295, -34.668277613540106 ], [ -58.641238128415146, -34.668099770576788 ] ] ] ] } },
{ "type": "Feature", "properties": { "Id": 1, "etiqueta": null }, "geometry": { "type": "MultiPolygon", "coordinates": [ [ [ [ -58.64016886526295, -34.668277613540106 ], [ -58.639953646300427, -34.667394269961513 ], [ -58.638884380267172, -34.667572113103581 ], [ -58.639099599853338, -34.668455456633602 ], [ -58.64016886526295, -34.668277613540106 ] ] ] ] } },
{ "type": "Feature", "properties": { "Id": 1, "etiqueta": null }, "geometry": { "type": "MultiPolygon", "coordinates": [ [ [ [ -58.639099599853338, -34.668455456633602 ], [ -58.638884380267172, -34.667572113103581 ], [ -58.637815111976543, -34.667749956375737 ], [ -58.638030332186176, -34.668633299857134 ], [ -58.639099599853338, -34.668455456633602 ] ] ] ] } },
{ "type": "Feature", "properties": { "Id": 1, "etiqueta": null }, "geometry": { "type": "MultiPolygon", "coordinates": [ [ [ [ -58.638030332186176, -34.668633299857134 ], [ -58.637815111976543, -34.667749956375737 ], [ -58.636745841428421, -34.667927799777715 ], [ -58.636961062261442, -34.66881114321049 ], [ -58.638030332186176, -34.668633299857134 ] ] ] ] } },
{ "type": "Feature", "properties": { "Id": 1, "etiqueta": null }, "geometry": { "type": "MultiPolygon", "coordinates": [ [ [ [ -58.636961062261442, -34.66881114321049 ], [ -58.636745841428421, -34.667927799777715 ], [ -58.635676568622841, -34.668105643309488 ], [ -58.635891790079071, -34.668988986693741 ], [ -58.636961062261442, -34.66881114321049 ] ] ] ] } },
{ "type": "Feature", "properties": { "Id": 1, "etiqueta": null }, "geometry": { "type": "MultiPolygon", "coordinates": [ [ [ [ -58.635891790079071, -34.668988986693741 ], [ -58.635676568622841, -34.668105643309488 ], [ -58.634607293559576, -34.668283486970964 ], [ -58.634822515639044, -34.669166830306679 ], [ -58.635891790079071, -34.668988986693741 ] ] ] ] } },
{ "type": "Feature", "properties": { "Id": 1, "etiqueta": null }, "geometry": { "type": "MultiPolygon", "coordinates": [ [ [ [ -58.634822515639044, -34.669166830306679 ], [ -58.634607293559576, -34.668283486970964 ], [ -58.633538016238788, -34.668461330762028 ], [ -58.633753238941239, -34.669344674049199 ], [ -58.634822515639044, -34.669166830306679 ] ] ] ] } },
{ "type": "Feature", "properties": { "Id": 1, "etiqueta": null }, "geometry": { "type": "MultiPolygon", "coordinates": [ [ [ [ -58.633753238941175, -34.669344674049178 ], [ -58.633538016238752, -34.668461330762014 ], [ -58.632468736660257, -34.668639174682532 ], [ -58.632683959985535, -34.669522517921273 ], [ -58.633753238941175, -34.669344674049178 ] ] ] ] } },
{ "type": "Feature", "properties": { "Id": 1, "etiqueta": null }, "geometry": { "type": "MultiPolygon", "coordinates": [ [ [ [ -58.632683959985535, -34.669522517921273 ], [ -58.632468736660257, -34.668639174682532 ], [ -58.631399454823928, -34.668817018732412 ], [ -58.631614678771982, -34.669700361922715 ], [ -58.632683959985535, -34.669522517921273 ] ] ] ] } },
{ "type": "Feature", "properties": { "Id": 1, "etiqueta": null }, "geometry": { "type": "MultiPolygon", "coordinates": [ [ [ [ -58.631614678771982, -34.669700361922715 ], [ -58.631399454823928, -34.668817018732412 ], [ -58.630330170729792, -34.668994862911561 ], [ -58.630545395300565, -34.669878206053468 ], [ -58.631614678771982, -34.669700361922715 ] ] ] ] } },
{ "type": "Feature", "properties": { "Id": 1, "etiqueta": null }, "geometry": { "type": "MultiPolygon", "coordinates": [ [ [ [ -58.630545395300565, -34.669878206053468 ], [ -58.630330170729792, -34.668994862911561 ], [ -58.629260884377878, -34.669172707219928 ], [ -58.629476109571158, -34.670056050313406 ], [ -58.630545395300565, -34.669878206053468 ] ] ] ] } },
{ "type": "Feature", "properties": { "Id": 1, "etiqueta": null }, "geometry": { "type": "MultiPolygon", "coordinates": [ [ [ [ -58.629476109571158, -34.670056050313406 ], [ -58.629260884377878, -34.669172707219928 ], [ -58.628191595767888, -34.669350551657288 ], [ -58.628406821583695, -34.670233894702527 ], [ -58.629476109571158, -34.670056050313406 ] ] ] ] } },
{ "type": "Feature", "properties": { "Id": 1, "etiqueta": null }, "geometry": { "type": "MultiPolygon", "coordinates": [ [ [ [ -58.628406821583695, -34.670233894702527 ], [ -58.628191595767888, -34.669350551657288 ], [ -58.627122304899977, -34.669528396223676 ], [ -58.627337531337993, -34.670411739220611 ], [ -58.628406821583695, -34.670233894702527 ] ] ] ] } },
{ "type": "Feature", "properties": { "Id": 0, "etiqueta": "33" }, "geometry": { "type": "MultiPolygon", "coordinates": [ [ [ [ -58.6506461824887, -34.665615845711848 ], [ -58.650430974386893, -34.664732501319925 ], [ -58.649361730299738, -34.664910343205612 ], [ -58.649576939026218, -34.665793687548529 ], [ -58.6506461824887, -34.665615845711848 ] ] ] ] } },
{ "type": "Feature", "properties": { "Id": 0, "etiqueta": null }, "geometry": { "type": "MultiPolygon", "coordinates": [ [ [ [ -58.649576939026218, -34.665793687548529 ], [ -58.649361730299738, -34.664910343205612 ], [ -58.648292483955771, -34.665088185222238 ], [ -58.648507693306932, -34.665971529516185 ], [ -58.649576939026218, -34.665793687548529 ] ] ] ] } },
{ "type": "Feature", "properties": { "Id": 0, "etiqueta": null }, "geometry": { "type": "MultiPolygon", "coordinates": [ [ [ [ -58.648507693306932, -34.665971529516185 ], [ -58.648292483955771, -34.665088185222238 ], [ -58.647223235355142, -34.665266027369746 ], [ -58.647438445330806, -34.666149371614779 ], [ -58.648507693306932, -34.665971529516185 ] ] ] ] } },
{ "type": "Feature", "properties": { "Id": 0, "etiqueta": null }, "geometry": { "type": "MultiPolygon", "coordinates": [ [ [ [ -58.647438445330806, -34.666149371614779 ], [ -58.647223235355142, -34.665266027369746 ], [ -58.64615398449768, -34.665443869648023 ], [ -58.646369195097712, -34.66632721384412 ], [ -58.647438445330806, -34.666149371614779 ] ] ] ] } },
{ "type": "Feature", "properties": { "Id": 0, "etiqueta": null }, "geometry": { "type": "MultiPolygon", "coordinates": [ [ [ [ -58.646369195097712, -34.66632721384412 ], [ -58.64615398449768, -34.665443869648023 ], [ -58.645084731383363, -34.665621712056975 ], [ -58.64529994260765, -34.666505056204215 ], [ -58.646369195097712, -34.66632721384412 ] ] ] ] } },
{ "type": "Feature", "properties": { "Id": 0, "etiqueta": null }, "geometry": { "type": "MultiPolygon", "coordinates": [ [ [ [ -58.64529994260765, -34.666505056204215 ], [ -58.645084731383363, -34.665621712056975 ], [ -58.644015476012143, -34.665799554596461 ], [ -58.644230687860521, -34.666682898694916 ], [ -58.64529994260765, -34.666505056204215 ] ] ] ] } },
{ "type": "Feature", "properties": { "Id": 0, "etiqueta": null }, "geometry": { "type": "MultiPolygon", "coordinates": [ [ [ [ -58.644230687860521, -34.666682898694916 ], [ -58.644015476012143, -34.665799554596461 ], [ -58.642946218383919, -34.665977397266467 ], [ -58.643161430856331, -34.666860741316057 ], [ -58.644230687860521, -34.666682898694916 ] ] ] ] } },
{ "type": "Feature", "properties": { "Id": 0, "etiqueta": null }, "geometry": { "type": "MultiPolygon", "coordinates": [ [ [ [ -58.643161430856331, -34.666860741316057 ], [ -58.642946218383919, -34.665977397266467 ], [ -58.641876958498642, -34.666155240066814 ], [ -58.642092171594939, -34.667038584067619 ], [ -58.643161430856331, -34.666860741316057 ] ] ] ] } },
{ "type": "Feature", "properties": { "Id": 0, "etiqueta": null }, "geometry": { "type": "MultiPolygon", "coordinates": [ [ [ [ -58.642092171594939, -34.667038584067619 ], [ -58.641876958498642, -34.666155240066814 ], [ -58.640807696356241, -34.66633308299739 ], [ -58.641022910076295, -34.667216426949444 ], [ -58.642092171594939, -34.667038584067619 ] ] ] ] } },
{ "type": "Feature", "properties": { "Id": 0, "etiqueta": null }, "geometry": { "type": "MultiPolygon", "coordinates": [ [ [ [ -58.641022910076295, -34.667216426949444 ], [ -58.640807696356241, -34.66633308299739 ], [ -58.639738431956673, -34.666510926058201 ], [ -58.639953646300427, -34.667394269961513 ], [ -58.641022910076295, -34.667216426949444 ] ] ] ] } },
{ "type": "Feature", "properties": { "Id": 1, "etiqueta": null }, "geometry": { "type": "MultiPolygon", "coordinates": [ [ [ [ -58.639953646300427, -34.667394269961513 ], [ -58.639738431956673, -34.666510926058201 ], [ -58.638669165299909, -34.66668876924895 ], [ -58.638884380267172, -34.667572113103581 ], [ -58.639953646300427, -34.667394269961513 ] ] ] ] } },
{ "type": "Feature", "properties": { "Id": 1, "etiqueta": null }, "geometry": { "type": "MultiPolygon", "coordinates": [ [ [ [ -58.638884380267172, -34.667572113103581 ], [ -58.638669165299909, -34.66668876924895 ], [ -58.637599896385879, -34.666866612569727 ], [ -58.637815111976543, -34.667749956375737 ], [ -58.638884380267172, -34.667572113103581 ] ] ] ] } },
{ "type": "Feature", "properties": { "Id": 1, "etiqueta": null }, "geometry": { "type": "MultiPolygon", "coordinates": [ [ [ [ -58.637815111976543, -34.667749956375737 ], [ -58.637599896385879, -34.666866612569727 ], [ -58.636530625214391, -34.667044456020356 ], [ -58.636745841428421, -34.667927799777715 ], [ -58.637815111976543, -34.667749956375737 ] ] ] ] } },
{ "type": "Feature", "properties": { "Id": 1, "etiqueta": null }, "geometry": { "type": "MultiPolygon", "coordinates": [ [ [ [ -58.636745841428421, -34.667927799777715 ], [ -58.636530625214391, -34.667044456020356 ], [ -58.635461351785665, -34.667222299600773 ], [ -58.635676568622841, -34.668105643309488 ], [ -58.636745841428421, -34.667927799777715 ] ] ] ] } },
{ "type": "Feature", "properties": { "Id": 1, "etiqueta": null }, "geometry": { "type": "MultiPolygon", "coordinates": [ [ [ [ -58.635676568622841, -34.668105643309488 ], [ -58.635461351785665, -34.667222299600773 ], [ -58.634392076099381, -34.667400143310751 ], [ -58.634607293559576, -34.668283486970964 ], [ -58.635676568622841, -34.668105643309488 ] ] ] ] } },
{ "type": "Feature", "properties": { "Id": 1, "etiqueta": null }, "geometry": { "type": "MultiPolygon", "coordinates": [ [ [ [ -58.634607293559576, -34.668283486970964 ], [ -58.634392076099381, -34.667400143310751 ], [ -58.633322798155547, -34.667577987150359 ], [ -58.633538016238788, -34.668461330762028 ], [ -58.634607293559576, -34.668283486970964 ] ] ] ] } },
{ "type": "Feature", "properties": { "Id": 1, "etiqueta": null }, "geometry": { "type": "MultiPolygon", "coordinates": [ [ [ [ -58.633538016238752, -34.668461330762014 ], [ -58.633322798155547, -34.667577987150359 ], [ -58.632253517954162, -34.667755831119322 ], [ -58.632468736660257, -34.668639174682532 ], [ -58.633538016238752, -34.668461330762014 ] ] ] ] } },
{ "type": "Feature", "properties": { "Id": 1, "etiqueta": null }, "geometry": { "type": "MultiPolygon", "coordinates": [ [ [ [ -58.632468736660257, -34.668639174682532 ], [ -58.632253517954162, -34.667755831119322 ], [ -58.631184235495141, -34.667933675217647 ], [ -58.631399454823928, -34.668817018732412 ], [ -58.632468736660257, -34.668639174682532 ] ] ] ] } },
{ "type": "Feature", "properties": { "Id": 1, "etiqueta": null }, "geometry": { "type": "MultiPolygon", "coordinates": [ [ [ [ -58.631399454823928, -34.668817018732412 ], [ -58.631184235495141, -34.667933675217647 ], [ -58.630114950778449, -34.668111519445297 ], [ -58.630330170729792, -34.668994862911561 ], [ -58.631399454823928, -34.668817018732412 ] ] ] ] } },
{ "type": "Feature", "properties": { "Id": 1, "etiqueta": null }, "geometry": { "type": "MultiPolygon", "coordinates": [ [ [ [ -58.630330170729792, -34.668994862911561 ], [ -58.630114950778449, -34.668111519445297 ], [ -58.629045663803993, -34.668289363802053 ], [ -58.629260884377878, -34.669172707219928 ], [ -58.630330170729792, -34.668994862911561 ] ] ] ] } },
{ "type": "Feature", "properties": { "Id": 1, "etiqueta": null }, "geometry": { "type": "MultiPolygon", "coordinates": [ [ [ [ -58.629260884377878, -34.669172707219928 ], [ -58.629045663803993, -34.668289363802053 ], [ -58.627976374571723, -34.668467208287844 ], [ -58.628191595767888, -34.669350551657288 ], [ -58.629260884377878, -34.669172707219928 ] ] ] ] } },
{ "type": "Feature", "properties": { "Id": 1, "etiqueta": null }, "geometry": { "type": "MultiPolygon", "coordinates": [ [ [ [ -58.628191595767888, -34.669350551657288 ], [ -58.627976374571723, -34.668467208287844 ], [ -58.626907083081548, -34.668645052902541 ], [ -58.627122304899977, -34.669528396223676 ], [ -58.628191595767888, -34.669350551657288 ] ] ] ] } },
{ "type": "Feature", "properties": { "Id": 0, "etiqueta": "34" }, "geometry": { "type": "MultiPolygon", "coordinates": [ [ [ [ -58.650430974386893, -34.664732501319925 ], [ -58.650215770902911, -34.663849156602943 ], [ -58.649146526191075, -34.664026998537693 ], [ -58.649361730299738, -34.664910343205612 ], [ -58.650430974386893, -34.664732501319925 ] ] ] ] } },
{ "type": "Feature", "properties": { "Id": 0, "etiqueta": null }, "geometry": { "type": "MultiPolygon", "coordinates": [ [ [ [ -58.649361730299738, -34.664910343205612 ], [ -58.649146526191075, -34.664026998537693 ], [ -58.648077279222619, -34.664204840603304 ], [ -58.648292483955771, -34.665088185222238 ], [ -58.649361730299738, -34.664910343205612 ] ] ] ] } },
{ "type": "Feature", "properties": { "Id": 0, "etiqueta": null }, "geometry": { "type": "MultiPolygon", "coordinates": [ [ [ [ -58.648292483955771, -34.665088185222238 ], [ -58.648077279222619, -34.664204840603304 ], [ -58.647008029997544, -34.664382682799776 ], [ -58.647223235355142, -34.665266027369746 ], [ -58.648292483955771, -34.665088185222238 ] ] ] ] } },
{ "type": "Feature", "properties": { "Id": 0, "etiqueta": null }, "geometry": { "type": "MultiPolygon", "coordinates": [ [ [ [ -58.647223235355142, -34.665266027369746 ], [ -58.647008029997544, -34.664382682799776 ], [ -58.645938778515749, -34.664560525126994 ], [ -58.64615398449768, -34.665443869648023 ], [ -58.647223235355142, -34.665266027369746 ] ] ] ] } },
{ "type": "Feature", "properties": { "Id": 0, "etiqueta": null }, "geometry": { "type": "MultiPolygon", "coordinates": [ [ [ [ -58.64615398449768, -34.665443869648023 ], [ -58.645938778515749, -34.664560525126994 ], [ -58.644869524777306, -34.66473836758486 ], [ -58.645084731383363, -34.665621712056975 ], [ -58.64615398449768, -34.665443869648023 ] ] ] ] } },
{ "type": "Feature", "properties": { "Id": 0, "etiqueta": null }, "geometry": { "type": "MultiPolygon", "coordinates": [ [ [ [ -58.645084731383363, -34.665621712056975 ], [ -58.644869524777306, -34.66473836758486 ], [ -58.643800268782002, -34.664916210173267 ], [ -58.644015476012143, -34.665799554596461 ], [ -58.645084731383363, -34.665621712056975 ] ] ] ] } },
{ "type": "Feature", "properties": { "Id": 0, "etiqueta": null }, "geometry": { "type": "MultiPolygon", "coordinates": [ [ [ [ -58.644015476012143, -34.665799554596461 ], [ -58.643800268782002, -34.664916210173267 ], [ -58.642731010529786, -34.66509405289208 ], [ -58.642946218383919, -34.665977397266467 ], [ -58.644015476012143, -34.665799554596461 ] ] ] ] } },
{ "type": "Feature", "properties": { "Id": 0, "etiqueta": null }, "geometry": { "type": "MultiPolygon", "coordinates": [ [ [ [ -58.642946218383919, -34.665977397266467 ], [ -58.642731010529786, -34.66509405289208 ], [ -58.641661750020724, -34.665271895741228 ], [ -58.641876958498642, -34.666155240066814 ], [ -58.642946218383919, -34.665977397266467 ] ] ] ] } },
{ "type": "Feature", "properties": { "Id": 0, "etiqueta": null }, "geometry": { "type": "MultiPolygon", "coordinates": [ [ [ [ -58.641876958498642, -34.666155240066814 ], [ -58.641661750020724, -34.665271895741228 ], [ -58.640592487254629, -34.665449738720639 ], [ -58.640807696356241, -34.66633308299739 ], [ -58.641876958498642, -34.666155240066814 ] ] ] ] } },
{ "type": "Feature", "properties": { "Id": 0, "etiqueta": null }, "geometry": { "type": "MultiPolygon", "coordinates": [ [ [ [ -58.640807696356241, -34.66633308299739 ], [ -58.640592487254629, -34.665449738720639 ], [ -58.63952322223146, -34.665627581830122 ], [ -58.639738431956673, -34.666510926058201 ], [ -58.640807696356241, -34.66633308299739 ] ] ] ] } },
{ "type": "Feature", "properties": { "Id": 1, "etiqueta": null }, "geometry": { "type": "MultiPolygon", "coordinates": [ [ [ [ -58.639738431956673, -34.666510926058201 ], [ -58.63952322223146, -34.665627581830122 ], [ -58.638453954951217, -34.665805425069692 ], [ -58.638669165299909, -34.66668876924895 ], [ -58.639738431956673, -34.666510926058201 ] ] ] ] } },
{ "type": "Feature", "properties": { "Id": 1, "etiqueta": null }, "geometry": { "type": "MultiPolygon", "coordinates": [ [ [ [ -58.638669165299909, -34.66668876924895 ], [ -58.638453954951217, -34.665805425069692 ], [ -58.637384685413785, -34.665983268439113 ], [ -58.637599896385879, -34.666866612569727 ], [ -58.638669165299909, -34.66668876924895 ] ] ] ] } },
{ "type": "Feature", "properties": { "Id": 1, "etiqueta": null }, "geometry": { "type": "MultiPolygon", "coordinates": [ [ [ [ -58.637599896385879, -34.666866612569727 ], [ -58.637384685413785, -34.665983268439113 ], [ -58.636315413619123, -34.666161111938408 ], [ -58.636530625214391, -34.667044456020356 ], [ -58.637599896385879, -34.666866612569727 ] ] ] ] } },
{ "type": "Feature", "properties": { "Id": 1, "etiqueta": null }, "geometry": { "type": "MultiPolygon", "coordinates": [ [ [ [ -58.636530625214391, -34.667044456020356 ], [ -58.636315413619123, -34.666161111938408 ], [ -58.635246139567172, -34.666338955567376 ], [ -58.635461351785665, -34.667222299600773 ], [ -58.636530625214391, -34.667044456020356 ] ] ] ] } },
{ "type": "Feature", "properties": { "Id": 1, "etiqueta": null }, "geometry": { "type": "MultiPolygon", "coordinates": [ [ [ [ -58.635461351785665, -34.667222299600773 ], [ -58.635246139567172, -34.666338955567376 ], [ -58.634176863257963, -34.666516799325969 ], [ -58.634392076099381, -34.667400143310751 ], [ -58.635461351785665, -34.667222299600773 ] ] ] ] } },
{ "type": "Feature", "properties": { "Id": 1, "etiqueta": null }, "geometry": { "type": "MultiPolygon", "coordinates": [ [ [ [ -58.634392076099381, -34.667400143310751 ], [ -58.634176863257963, -34.666516799325969 ], [ -58.633107584691274, -34.666694643214164 ], [ -58.633322798155547, -34.667577987150359 ], [ -58.634392076099381, -34.667400143310751 ] ] ] ] } },
{ "type": "Feature", "properties": { "Id": 1, "etiqueta": null }, "geometry": { "type": "MultiPolygon", "coordinates": [ [ [ [ -58.633322798155547, -34.667577987150359 ], [ -58.633107584691253, -34.666694643214157 ], [ -58.632038303867098, -34.666872487231736 ], [ -58.632253517954162, -34.667755831119322 ], [ -58.633322798155547, -34.667577987150359 ] ] ] ] } },
{ "type": "Feature", "properties": { "Id": 1, "etiqueta": null }, "geometry": { "type": "MultiPolygon", "coordinates": [ [ [ [ -58.632253517954162, -34.667755831119322 ], [ -58.632038303867098, -34.666872487231736 ], [ -58.630969020785429, -34.66705033137859 ], [ -58.631184235495141, -34.667933675217647 ], [ -58.632253517954162, -34.667755831119322 ] ] ] ] } },
{ "type": "Feature", "properties": { "Id": 1, "etiqueta": null }, "geometry": { "type": "MultiPolygon", "coordinates": [ [ [ [ -58.631184235495141, -34.667933675217647 ], [ -58.630969020785429, -34.66705033137859 ], [ -58.629899735446223, -34.667228175654671 ], [ -58.630114950778449, -34.668111519445297 ], [ -58.631184235495141, -34.667933675217647 ] ] ] ] } },
{ "type": "Feature", "properties": { "Id": 1, "etiqueta": null }, "geometry": { "type": "MultiPolygon", "coordinates": [ [ [ [ -58.630114950778449, -34.668111519445297 ], [ -58.629899735446223, -34.667228175654671 ], [ -58.628830447849296, -34.667406020059822 ], [ -58.629045663803993, -34.668289363802053 ], [ -58.630114950778449, -34.668111519445297 ] ] ] ] } },
{ "type": "Feature", "properties": { "Id": 1, "etiqueta": null }, "geometry": { "type": "MultiPolygon", "coordinates": [ [ [ [ -58.629045663803993, -34.668289363802053 ], [ -58.628830447849296, -34.667406020059822 ], [ -58.627761157994733, -34.667583864594057 ], [ -58.627976374571723, -34.668467208287844 ], [ -58.629045663803993, -34.668289363802053 ] ] ] ] } },
{ "type": "Feature", "properties": { "Id": 1, "etiqueta": null }, "geometry": { "type": "MultiPolygon", "coordinates": [ [ [ [ -58.627976374571723, -34.668467208287844 ], [ -58.627761157994733, -34.667583864594057 ], [ -58.626691865882371, -34.667761709257121 ], [ -58.626907083081548, -34.668645052902541 ], [ -58.627976374571723, -34.668467208287844 ] ] ] ] } },
{ "type": "Feature", "properties": { "Id": 0, "etiqueta": "35" }, "geometry": { "type": "MultiPolygon", "coordinates": [ [ [ [ -58.650215770902911, -34.663849156602943 ], [ -58.650000572036397, -34.662965811561023 ], [ -58.648931326700023, -34.663143653544772 ], [ -58.649146526191075, -34.664026998537693 ], [ -58.650215770902911, -34.663849156602943 ] ] ] ] } },
{ "type": "Feature", "properties": { "Id": 0, "etiqueta": null }, "geometry": { "type": "MultiPolygon", "coordinates": [ [ [ [ -58.649146526191075, -34.664026998537693 ], [ -58.648931326700023, -34.663143653544772 ], [ -58.647862079107121, -34.663321495659467 ], [ -58.648077279222619, -34.664204840603304 ], [ -58.649146526191075, -34.664026998537693 ] ] ] ] } },
{ "type": "Feature", "properties": { "Id": 0, "etiqueta": null }, "geometry": { "type": "MultiPolygon", "coordinates": [ [ [ [ -58.648077279222619, -34.664204840603304 ], [ -58.647862079107121, -34.663321495659467 ], [ -58.646792829257663, -34.663499337904966 ], [ -58.647008029997544, -34.664382682799776 ], [ -58.648077279222619, -34.664204840603304 ] ] ] ] } },
{ "type": "Feature", "properties": { "Id": 0, "etiqueta": null }, "geometry": { "type": "MultiPolygon", "coordinates": [ [ [ [ -58.647008029997544, -34.664382682799776 ], [ -58.646792829257663, -34.663499337904966 ], [ -58.645723577151735, -34.663677180281177 ], [ -58.645938778515749, -34.664560525126994 ], [ -58.647008029997544, -34.664382682799776 ] ] ] ] } },
{ "type": "Feature", "properties": { "Id": 0, "etiqueta": null }, "geometry": { "type": "MultiPolygon", "coordinates": [ [ [ [ -58.645938778515749, -34.664560525126994 ], [ -58.645723577151735, -34.663677180281177 ], [ -58.644654322789094, -34.663855022787963 ], [ -58.644869524777306, -34.66473836758486 ], [ -58.645938778515749, -34.664560525126994 ] ] ] ] } },
{ "type": "Feature", "properties": { "Id": 0, "etiqueta": null }, "geometry": { "type": "MultiPolygon", "coordinates": [ [ [ [ -58.644869524777306, -34.66473836758486 ], [ -58.644654322789094, -34.663855022787963 ], [ -58.643585066169777, -34.664032865425234 ], [ -58.643800268782002, -34.664916210173267 ], [ -58.644869524777306, -34.66473836758486 ] ] ] ] } },
{ "type": "Feature", "properties": { "Id": 0, "etiqueta": null }, "geometry": { "type": "MultiPolygon", "coordinates": [ [ [ [ -58.643800268782002, -34.664916210173267 ], [ -58.643585066169777, -34.664032865425234 ], [ -58.642515807293755, -34.664210708192954 ], [ -58.642731010529786, -34.66509405289208 ], [ -58.643800268782002, -34.664916210173267 ] ] ] ] } },
{ "type": "Feature", "properties": { "Id": 0, "etiqueta": null }, "geometry": { "type": "MultiPolygon", "coordinates": [ [ [ [ -58.642731010529786, -34.66509405289208 ], [ -58.642515807293755, -34.664210708192954 ], [ -58.641446546160864, -34.664388551090944 ], [ -58.641661750020724, -34.665271895741228 ], [ -58.642731010529786, -34.66509405289208 ] ] ] ] } },
{ "type": "Feature", "properties": { "Id": 0, "etiqueta": null }, "geometry": { "type": "MultiPolygon", "coordinates": [ [ [ [ -58.641661750020724, -34.665271895741228 ], [ -58.641446546160864, -34.664388551090944 ], [ -58.640377282771098, -34.664566394119149 ], [ -58.640592487254629, -34.665449738720639 ], [ -58.641661750020724, -34.665271895741228 ] ] ] ] } },
{ "type": "Feature", "properties": { "Id": 0, "etiqueta": null }, "geometry": { "type": "MultiPolygon", "coordinates": [ [ [ [ -58.640592487254629, -34.665449738720639 ], [ -58.640377282771098, -34.664566394119149 ], [ -58.639308017124428, -34.664744237277489 ], [ -58.63952322223146, -34.665627581830122 ], [ -58.640592487254629, -34.665449738720639 ] ] ] ] } },
{ "type": "Feature", "properties": { "Id": 1, "etiqueta": null }, "geometry": { "type": "MultiPolygon", "coordinates": [ [ [ [ -58.63952322223146, -34.665627581830122 ], [ -58.639308017124428, -34.664744237277489 ], [ -58.638238749220783, -34.664922080565766 ], [ -58.638453954951217, -34.665805425069692 ], [ -58.63952322223146, -34.665627581830122 ] ] ] ] } },
{ "type": "Feature", "properties": { "Id": 1, "etiqueta": null }, "geometry": { "type": "MultiPolygon", "coordinates": [ [ [ [ -58.638453954951217, -34.665805425069692 ], [ -58.638238749220783, -34.664922080565766 ], [ -58.637169479060063, -34.665099923983945 ], [ -58.637384685413785, -34.665983268439113 ], [ -58.638453954951217, -34.665805425069692 ] ] ] ] } },
{ "type": "Feature", "properties": { "Id": 1, "etiqueta": null }, "geometry": { "type": "MultiPolygon", "coordinates": [ [ [ [ -58.637384685413785, -34.665983268439113 ], [ -58.637169479060063, -34.665099923983945 ], [ -58.636100206642254, -34.665277767531947 ], [ -58.636315413619123, -34.666161111938408 ], [ -58.637384685413785, -34.665983268439113 ] ] ] ] } },
{ "type": "Feature", "properties": { "Id": 1, "etiqueta": null }, "geometry": { "type": "MultiPolygon", "coordinates": [ [ [ [ -58.636315413619123, -34.666161111938408 ], [ -58.636100206642254, -34.665277767531947 ], [ -58.635030931967208, -34.665455611209602 ], [ -58.635246139567172, -34.666338955567376 ], [ -58.636315413619123, -34.666161111938408 ] ] ] ] } },
{ "type": "Feature", "properties": { "Id": 1, "etiqueta": null }, "geometry": { "type": "MultiPolygon", "coordinates": [ [ [ [ -58.635246139567172, -34.666338955567376 ], [ -58.635030931967208, -34.665455611209602 ], [ -58.633961655035002, -34.665633455016838 ], [ -58.634176863257963, -34.666516799325969 ], [ -58.635246139567172, -34.666338955567376 ] ] ] ] } },
{ "type": "Feature", "properties": { "Id": 1, "etiqueta": null }, "geometry": { "type": "MultiPolygon", "coordinates": [ [ [ [ -58.634176863257963, -34.666516799325969 ], [ -58.633961655035002, -34.665633455016838 ], [ -58.632892375845515, -34.665811298953557 ], [ -58.633107584691274, -34.666694643214164 ], [ -58.634176863257963, -34.666516799325969 ] ] ] ] } },
{ "type": "Feature", "properties": { "Id": 1, "etiqueta": null }, "geometry": { "type": "MultiPolygon", "coordinates": [ [ [ [ -58.633107584691253, -34.666694643214157 ], [ -58.632892375845515, -34.665811298953557 ], [ -58.631823094398648, -34.665989143019708 ], [ -58.632038303867098, -34.666872487231736 ], [ -58.633107584691253, -34.666694643214157 ] ] ] ] } },
{ "type": "Feature", "properties": { "Id": 1, "etiqueta": null }, "geometry": { "type": "MultiPolygon", "coordinates": [ [ [ [ -58.632038303867098, -34.666872487231736 ], [ -58.631823094398648, -34.665989143019708 ], [ -58.630753810694436, -34.666166987215128 ], [ -58.630969020785429, -34.66705033137859 ], [ -58.632038303867098, -34.666872487231736 ] ] ] ] } },
{ "type": "Feature", "properties": { "Id": 1, "etiqueta": null }, "geometry": { "type": "MultiPolygon", "coordinates": [ [ [ [ -58.630969020785429, -34.66705033137859 ], [ -58.630753810694436, -34.666166987215128 ], [ -58.629684524732724, -34.666344831539675 ], [ -58.629899735446223, -34.667228175654671 ], [ -58.630969020785429, -34.66705033137859 ] ] ] ] } },
{ "type": "Feature", "properties": { "Id": 1, "etiqueta": null }, "geometry": { "type": "MultiPolygon", "coordinates": [ [ [ [ -58.629899735446223, -34.667228175654671 ], [ -58.629684524732724, -34.666344831539675 ], [ -58.628615236513475, -34.666522675993413 ], [ -58.628830447849296, -34.667406020059822 ], [ -58.629899735446223, -34.667228175654671 ] ] ] ] } },
{ "type": "Feature", "properties": { "Id": 1, "etiqueta": null }, "geometry": { "type": "MultiPolygon", "coordinates": [ [ [ [ -58.628830447849296, -34.667406020059822 ], [ -58.628615236513475, -34.666522675993413 ], [ -58.627545946036641, -34.666700520576022 ], [ -58.627761157994733, -34.667583864594057 ], [ -58.628830447849296, -34.667406020059822 ] ] ] ] } },
{ "type": "Feature", "properties": { "Id": 1, "etiqueta": null }, "geometry": { "type": "MultiPolygon", "coordinates": [ [ [ [ -58.627761157994733, -34.667583864594057 ], [ -58.627545946036641, -34.666700520576022 ], [ -58.62647665330222, -34.666878365287559 ], [ -58.626691865882371, -34.667761709257121 ], [ -58.627761157994733, -34.667583864594057 ] ] ] ] } },
{ "type": "Feature", "properties": { "Id": 0, "etiqueta": "36" }, "geometry": { "type": "MultiPolygon", "coordinates": [ [ [ [ -58.650000572036397, -34.662965811561023 ], [ -58.649785377787218, -34.662082466194107 ], [ -58.648716131826298, -34.66226030822699 ], [ -58.648931326700023, -34.663143653544772 ], [ -58.650000572036397, -34.662965811561023 ] ] ] ] } },
{ "type": "Feature", "properties": { "Id": 0, "etiqueta": null }, "geometry": { "type": "MultiPolygon", "coordinates": [ [ [ [ -58.648931326700023, -34.663143653544772 ], [ -58.648716131826298, -34.66226030822699 ], [ -58.647646883608985, -34.662438150390727 ], [ -58.647862079107121, -34.663321495659467 ], [ -58.648931326700023, -34.663143653544772 ] ] ] ] } },
{ "type": "Feature", "properties": { "Id": 0, "etiqueta": null }, "geometry": { "type": "MultiPolygon", "coordinates": [ [ [ [ -58.647862079107121, -34.663321495659467 ], [ -58.647646883608985, -34.662438150390727 ], [ -58.646577633135287, -34.662615992685303 ], [ -58.646792829257663, -34.663499337904966 ], [ -58.647862079107121, -34.663321495659467 ] ] ] ] } },
{ "type": "Feature", "properties": { "Id": 0, "etiqueta": null }, "geometry": { "type": "MultiPolygon", "coordinates": [ [ [ [ -58.646792829257663, -34.663499337904966 ], [ -58.646577633135287, -34.662615992685303 ], [ -58.645508380405168, -34.66279383511047 ], [ -58.645723577151735, -34.663677180281177 ], [ -58.646792829257663, -34.663499337904966 ] ] ] ] } },
{ "type": "Feature", "properties": { "Id": 0, "etiqueta": null }, "geometry": { "type": "MultiPolygon", "coordinates": [ [ [ [ -58.645723577151735, -34.663677180281177 ], [ -58.645508380405168, -34.66279383511047 ], [ -58.644439125418451, -34.66297167766627 ], [ -58.644654322789094, -34.663855022787963 ], [ -58.645723577151735, -34.663677180281177 ] ] ] ] } },
{ "type": "Feature", "properties": { "Id": 0, "etiqueta": null }, "geometry": { "type": "MultiPolygon", "coordinates": [ [ [ [ -58.644654322789094, -34.663855022787963 ], [ -58.644439125418451, -34.66297167766627 ], [ -58.643369868175228, -34.663149520352533 ], [ -58.643585066169777, -34.664032865425234 ], [ -58.644654322789094, -34.663855022787963 ] ] ] ] } },
{ "type": "Feature", "properties": { "Id": 0, "etiqueta": null }, "geometry": { "type": "MultiPolygon", "coordinates": [ [ [ [ -58.643585066169777, -34.664032865425234 ], [ -58.643369868175228, -34.663149520352533 ], [ -58.64230060867532, -34.663327363169145 ], [ -58.642515807293755, -34.664210708192954 ], [ -58.643585066169777, -34.664032865425234 ] ] ] ] } },
{ "type": "Feature", "properties": { "Id": 0, "etiqueta": null }, "geometry": { "type": "MultiPolygon", "coordinates": [ [ [ [ -58.642515807293755, -34.664210708192954 ], [ -58.64230060867532, -34.663327363169145 ], [ -58.641231346918744, -34.663505206116049 ], [ -58.641446546160864, -34.664388551090944 ], [ -58.642515807293755, -34.664210708192954 ] ] ] ] } },
{ "type": "Feature", "properties": { "Id": 1, "etiqueta": null }, "geometry": { "type": "MultiPolygon", "coordinates": [ [ [ [ -58.641446050840223, -34.664390457217863 ], [ -58.641228425356516, -34.663507543215353 ], [ -58.640158517893219, -34.663682965013528 ], [ -58.640376143984362, -34.664565878967466 ], [ -58.641446050840223, -34.664390457217863 ] ] ] ] } },
{ "type": "Feature", "properties": { "Id": 0, "etiqueta": null }, "geometry": { "type": "MultiPolygon", "coordinates": [ [ [ [ -58.640377282771098, -34.664566394119149 ], [ -58.640162082905476, -34.663683049193082 ], [ -58.639092816635248, -34.663860892400209 ], [ -58.639308017124428, -34.664744237277489 ], [ -58.640377282771098, -34.664566394119149 ] ] ] ] } },
{ "type": "Feature", "properties": { "Id": 0, "etiqueta": null }, "geometry": { "type": "MultiPolygon", "coordinates": [ [ [ [ -58.639308017124428, -34.664744237277489 ], [ -58.639092816635248, -34.663860892400209 ], [ -58.638023548108265, -34.664038735737293 ], [ -58.638238749220783, -34.664922080565766 ], [ -58.639308017124428, -34.664744237277489 ] ] ] ] } },
{ "type": "Feature", "properties": { "Id": 1, "etiqueta": null }, "geometry": { "type": "MultiPolygon", "coordinates": [ [ [ [ -58.638238749220783, -34.664922080565766 ], [ -58.638023548108265, -34.664038735737293 ], [ -58.63695427732435, -34.66421657920425 ], [ -58.637169479060063, -34.665099923983945 ], [ -58.638238749220783, -34.664922080565766 ] ] ] ] } },
{ "type": "Feature", "properties": { "Id": 1, "etiqueta": null }, "geometry": { "type": "MultiPolygon", "coordinates": [ [ [ [ -58.637169479060063, -34.665099923983945 ], [ -58.63695427732435, -34.66421657920425 ], [ -58.635885004283438, -34.66439442280096 ], [ -58.636100206642254, -34.665277767531947 ], [ -58.637169479060063, -34.665099923983945 ] ] ] ] } },
{ "type": "Feature", "properties": { "Id": 1, "etiqueta": null }, "geometry": { "type": "MultiPolygon", "coordinates": [ [ [ [ -58.636100206642254, -34.665277767531947 ], [ -58.635885004283438, -34.66439442280096 ], [ -58.63481572898543, -34.664572266527365 ], [ -58.635030931967208, -34.665455611209602 ], [ -58.636100206642254, -34.665277767531947 ] ] ] ] } },
{ "type": "Feature", "properties": { "Id": 1, "etiqueta": null }, "geometry": { "type": "MultiPolygon", "coordinates": [ [ [ [ -58.635030931967208, -34.665455611209602 ], [ -58.63481572898543, -34.664572266527365 ], [ -58.633746451430397, -34.664750110383267 ], [ -58.633961655035002, -34.665633455016838 ], [ -58.635030931967208, -34.665455611209602 ] ] ] ] } },
{ "type": "Feature", "properties": { "Id": 1, "etiqueta": null }, "geometry": { "type": "MultiPolygon", "coordinates": [ [ [ [ -58.633961655035002, -34.665633455016838 ], [ -58.633746451430397, -34.664750110383267 ], [ -58.632677171618049, -34.664927954368657 ], [ -58.632892375845515, -34.665811298953557 ], [ -58.633961655035002, -34.665633455016838 ] ] ] ] } },
{ "type": "Feature", "properties": { "Id": 1, "etiqueta": null }, "geometry": { "type": "MultiPolygon", "coordinates": [ [ [ [ -58.632892375845515, -34.665811298953557 ], [ -58.632677171618049, -34.664927954368657 ], [ -58.631607889548633, -34.665105798483417 ], [ -58.631823094398648, -34.665989143019708 ], [ -58.632892375845515, -34.665811298953557 ] ] ] ] } },
{ "type": "Feature", "properties": { "Id": 1, "etiqueta": null }, "geometry": { "type": "MultiPolygon", "coordinates": [ [ [ [ -58.631823094398648, -34.665989143019708 ], [ -58.631607889548633, -34.665105798483417 ], [ -58.630538605221801, -34.665283642727388 ], [ -58.630753810694436, -34.666166987215128 ], [ -58.631823094398648, -34.665989143019708 ] ] ] ] } },
{ "type": "Feature", "properties": { "Id": 1, "etiqueta": null }, "geometry": { "type": "MultiPolygon", "coordinates": [ [ [ [ -58.630753810694436, -34.666166987215128 ], [ -58.630538605221801, -34.665283642727388 ], [ -58.629469318637732, -34.665461487100522 ], [ -58.629684524732724, -34.666344831539675 ], [ -58.630753810694436, -34.666166987215128 ] ] ] ] } },
{ "type": "Feature", "properties": { "Id": 1, "etiqueta": null }, "geometry": { "type": "MultiPolygon", "coordinates": [ [ [ [ -58.629684524732724, -34.666344831539675 ], [ -58.629469318637732, -34.665461487100522 ], [ -58.628400029796239, -34.665639331602698 ], [ -58.628615236513475, -34.666522675993413 ], [ -58.629684524732724, -34.666344831539675 ] ] ] ] } },
{ "type": "Feature", "properties": { "Id": 1, "etiqueta": null }, "geometry": { "type": "MultiPolygon", "coordinates": [ [ [ [ -58.628615236513475, -34.666522675993413 ], [ -58.628400029796239, -34.665639331602698 ], [ -58.627330738697268, -34.665817176233794 ], [ -58.627545946036641, -34.666700520576022 ], [ -58.628615236513475, -34.666522675993413 ] ] ] ] } },
{ "type": "Feature", "properties": { "Id": 1, "etiqueta": null }, "geometry": { "type": "MultiPolygon", "coordinates": [ [ [ [ -58.627545946036641, -34.666700520576022 ], [ -58.627330738697268, -34.665817176233794 ], [ -58.626261445340759, -34.665995020993797 ], [ -58.62647665330222, -34.666878365287559 ], [ -58.627545946036641, -34.666700520576022 ] ] ] ] } },
{ "type": "Feature", "properties": { "Id": 0, "etiqueta": "37" }, "geometry": { "type": "MultiPolygon", "coordinates": [ [ [ [ -58.649785377787218, -34.662082466194107 ], [ -58.649570188154982, -34.661199120502282 ], [ -58.648500941569601, -34.661376962584306 ], [ -58.648716131826298, -34.66226030822699 ], [ -58.649785377787218, -34.662082466194107 ] ] ] ] } },
{ "type": "Feature", "properties": { "Id": 0, "etiqueta": null }, "geometry": { "type": "MultiPolygon", "coordinates": [ [ [ [ -58.648716131826298, -34.66226030822699 ], [ -58.648500941569601, -34.661376962584306 ], [ -58.647431692727935, -34.661554804797134 ], [ -58.647646883608985, -34.662438150390727 ], [ -58.648716131826298, -34.66226030822699 ] ] ] ] } },
{ "type": "Feature", "properties": { "Id": 0, "etiqueta": null }, "geometry": { "type": "MultiPolygon", "coordinates": [ [ [ [ -58.647646883608985, -34.662438150390727 ], [ -58.647431692727935, -34.661554804797134 ], [ -58.646362441630025, -34.661732647140774 ], [ -58.646577633135287, -34.662615992685303 ], [ -58.647646883608985, -34.662438150390727 ] ] ] ] } },
{ "type": "Feature", "properties": { "Id": 0, "etiqueta": null }, "geometry": { "type": "MultiPolygon", "coordinates": [ [ [ [ -58.646577633135287, -34.662615992685303 ], [ -58.646362441630025, -34.661732647140774 ], [ -58.645293188275772, -34.661910489615046 ], [ -58.645508380405168, -34.66279383511047 ], [ -58.646577633135287, -34.662615992685303 ] ] ] ] } },
{ "type": "Feature", "properties": { "Id": 0, "etiqueta": null }, "geometry": { "type": "MultiPolygon", "coordinates": [ [ [ [ -58.645508380405168, -34.66279383511047 ], [ -58.645293188275772, -34.661910489615046 ], [ -58.644223932665099, -34.662088332219824 ], [ -58.644439125418451, -34.66297167766627 ], [ -58.645508380405168, -34.66279383511047 ] ] ] ] } },
{ "type": "Feature", "properties": { "Id": 0, "etiqueta": null }, "geometry": { "type": "MultiPolygon", "coordinates": [ [ [ [ -58.644439125418451, -34.66297167766627 ], [ -58.644223932665099, -34.662088332219824 ], [ -58.643154674797998, -34.662266174955036 ], [ -58.643369868175228, -34.663149520352533 ], [ -58.644439125418451, -34.66297167766627 ] ] ] ] } },
{ "type": "Feature", "properties": { "Id": 0, "etiqueta": null }, "geometry": { "type": "MultiPolygon", "coordinates": [ [ [ [ -58.643369868175228, -34.663149520352533 ], [ -58.643154674797998, -34.662266174955036 ], [ -58.642085414674362, -34.662444017820654 ], [ -58.64230060867532, -34.663327363169145 ], [ -58.643369868175228, -34.663149520352533 ] ] ] ] } },
{ "type": "Feature", "properties": { "Id": 0, "etiqueta": null }, "geometry": { "type": "MultiPolygon", "coordinates": [ [ [ [ -58.64230060867532, -34.663327363169145 ], [ -58.642085414674362, -34.662444017820654 ], [ -58.641016152294171, -34.662621860816486 ], [ -58.641231346918744, -34.663505206116049 ], [ -58.64230060867532, -34.663327363169145 ] ] ] ] } },
{ "type": "Feature", "properties": { "Id": 0, "etiqueta": null }, "geometry": { "type": "MultiPolygon", "coordinates": [ [ [ [ -58.641231346918744, -34.663505206116049 ], [ -58.641016152294171, -34.662621860816486 ], [ -58.639946887657324, -34.662799703942397 ], [ -58.640162082905476, -34.663683049193082 ], [ -58.641231346918744, -34.663505206116049 ] ] ] ] } },
{ "type": "Feature", "properties": { "Id": 0, "etiqueta": null }, "geometry": { "type": "MultiPolygon", "coordinates": [ [ [ [ -58.640162082905476, -34.663683049193082 ], [ -58.639946887657324, -34.662799703942397 ], [ -58.638877620763793, -34.662977547198388 ], [ -58.639092816635248, -34.663860892400209 ], [ -58.640162082905476, -34.663683049193082 ] ] ] ] } },
{ "type": "Feature", "properties": { "Id": 0, "etiqueta": null }, "geometry": { "type": "MultiPolygon", "coordinates": [ [ [ [ -58.639092816635248, -34.663860892400209 ], [ -58.638877620763793, -34.662977547198388 ], [ -58.637808351613486, -34.663155390584322 ], [ -58.638023548108265, -34.664038735737293 ], [ -58.639092816635248, -34.663860892400209 ] ] ] ] } },
{ "type": "Feature", "properties": { "Id": 0, "etiqueta": null }, "geometry": { "type": "MultiPolygon", "coordinates": [ [ [ [ -58.638023548108265, -34.664038735737293 ], [ -58.637808351613486, -34.663155390584322 ], [ -58.636739080206382, -34.66333323410003 ], [ -58.63695427732435, -34.66421657920425 ], [ -58.638023548108265, -34.664038735737293 ] ] ] ] } },
{ "type": "Feature", "properties": { "Id": 0, "etiqueta": null }, "geometry": { "type": "MultiPolygon", "coordinates": [ [ [ [ -58.63695427732435, -34.66421657920425 ], [ -58.636739080206382, -34.66333323410003 ], [ -58.635669806542396, -34.663511077745589 ], [ -58.635885004283438, -34.66439442280096 ], [ -58.63695427732435, -34.66421657920425 ] ] ] ] } },
{ "type": "Feature", "properties": { "Id": 1, "etiqueta": null }, "geometry": { "type": "MultiPolygon", "coordinates": [ [ [ [ -58.635885004283438, -34.66439442280096 ], [ -58.635669806542396, -34.663511077745589 ], [ -58.634600530621526, -34.663688921520674 ], [ -58.63481572898543, -34.664572266527365 ], [ -58.635885004283438, -34.66439442280096 ] ] ] ] } },
{ "type": "Feature", "properties": { "Id": 1, "etiqueta": null }, "geometry": { "type": "MultiPolygon", "coordinates": [ [ [ [ -58.63481572898543, -34.664572266527365 ], [ -58.634600530621526, -34.663688921520674 ], [ -58.633531252443639, -34.663866765425347 ], [ -58.633746451430397, -34.664750110383267 ], [ -58.63481572898543, -34.664572266527365 ] ] ] ] } },
{ "type": "Feature", "properties": { "Id": 1, "etiqueta": null }, "geometry": { "type": "MultiPolygon", "coordinates": [ [ [ [ -58.633746451430397, -34.664750110383267 ], [ -58.633531252443639, -34.663866765425347 ], [ -58.632461972008691, -34.664044609459339 ], [ -58.632677171618049, -34.664927954368657 ], [ -58.633746451430397, -34.664750110383267 ] ] ] ] } },
{ "type": "Feature", "properties": { "Id": 1, "etiqueta": null }, "geometry": { "type": "MultiPolygon", "coordinates": [ [ [ [ -58.632677171618049, -34.664927954368657 ], [ -58.632461972008691, -34.664044609459339 ], [ -58.631392689316606, -34.664222453622756 ], [ -58.631607889548633, -34.665105798483417 ], [ -58.632677171618049, -34.664927954368657 ] ] ] ] } },
{ "type": "Feature", "properties": { "Id": 1, "etiqueta": null }, "geometry": { "type": "MultiPolygon", "coordinates": [ [ [ [ -58.631607889548633, -34.665105798483417 ], [ -58.631392689316606, -34.664222453622756 ], [ -58.63032340436741, -34.664400297915378 ], [ -58.630538605221801, -34.665283642727388 ], [ -58.631607889548633, -34.665105798483417 ] ] ] ] } },
{ "type": "Feature", "properties": { "Id": 1, "etiqueta": null }, "geometry": { "type": "MultiPolygon", "coordinates": [ [ [ [ -58.630538605221801, -34.665283642727388 ], [ -58.63032340436741, -34.664400297915378 ], [ -58.629254117160976, -34.664578142337049 ], [ -58.629469318637732, -34.665461487100522 ], [ -58.630538605221801, -34.665283642727388 ] ] ] ] } },
{ "type": "Feature", "properties": { "Id": 1, "etiqueta": null }, "geometry": { "type": "MultiPolygon", "coordinates": [ [ [ [ -58.629469318637732, -34.665461487100522 ], [ -58.629254117160976, -34.664578142337049 ], [ -58.628184827697282, -34.664755986887812 ], [ -58.628400029796239, -34.665639331602698 ], [ -58.629469318637732, -34.665461487100522 ] ] ] ] } },
{ "type": "Feature", "properties": { "Id": 0, "etiqueta": null }, "geometry": { "type": "MultiPolygon", "coordinates": [ [ [ [ -58.628400029796239, -34.665639331602698 ], [ -58.628184827697282, -34.664755986887812 ], [ -58.627115535976181, -34.664933831567467 ], [ -58.627330738697268, -34.665817176233794 ], [ -58.628400029796239, -34.665639331602698 ] ] ] ] } },
{ "type": "Feature", "properties": { "Id": 0, "etiqueta": null }, "geometry": { "type": "MultiPolygon", "coordinates": [ [ [ [ -58.627330738697268, -34.665817176233794 ], [ -58.627115535976181, -34.664933831567467 ], [ -58.626046241997727, -34.665111676375922 ], [ -58.626261445340759, -34.665995020993797 ], [ -58.627330738697268, -34.665817176233794 ] ] ] ] } },
{ "type": "Feature", "properties": { "Id": 0, "etiqueta": "38" }, "geometry": { "type": "MultiPolygon", "coordinates": [ [ [ [ -58.649570188154982, -34.661199120502282 ], [ -58.649355003139398, -34.660315774485575 ], [ -58.648285755929621, -34.660493616616748 ], [ -58.648500941569601, -34.661376962584306 ], [ -58.649570188154982, -34.661199120502282 ] ] ] ] } },
{ "type": "Feature", "properties": { "Id": 0, "etiqueta": null }, "geometry": { "type": "MultiPolygon", "coordinates": [ [ [ [ -58.648500941569601, -34.661376962584306 ], [ -58.648285755929621, -34.660493616616748 ], [ -58.647216506463629, -34.660671458878753 ], [ -58.647431692727935, -34.661554804797134 ], [ -58.648500941569601, -34.661376962584306 ] ] ] ] } },
{ "type": "Feature", "properties": { "Id": 0, "etiqueta": null }, "geometry": { "type": "MultiPolygon", "coordinates": [ [ [ [ -58.647431692727935, -34.661554804797134 ], [ -58.647216506463629, -34.660671458878753 ], [ -58.646147254741535, -34.660849301271462 ], [ -58.646362441630025, -34.661732647140774 ], [ -58.647431692727935, -34.661554804797134 ] ] ] ] } },
{ "type": "Feature", "properties": { "Id": 0, "etiqueta": null }, "geometry": { "type": "MultiPolygon", "coordinates": [ [ [ [ -58.646362441630025, -34.661732647140774 ], [ -58.646147254741535, -34.660849301271462 ], [ -58.645078000763313, -34.661027143794826 ], [ -58.645293188275772, -34.661910489615046 ], [ -58.646362441630025, -34.661732647140774 ] ] ] ] } },
{ "type": "Feature", "properties": { "Id": 0, "etiqueta": null }, "geometry": { "type": "MultiPolygon", "coordinates": [ [ [ [ -58.645293188275772, -34.661910489615046 ], [ -58.645078000763313, -34.661027143794826 ], [ -58.644008744528691, -34.661204986448709 ], [ -58.644223932665099, -34.662088332219824 ], [ -58.645293188275772, -34.661910489615046 ] ] ] ] } },
{ "type": "Feature", "properties": { "Id": 0, "etiqueta": null }, "geometry": { "type": "MultiPolygon", "coordinates": [ [ [ [ -58.644223932665099, -34.662088332219824 ], [ -58.644008744528691, -34.661204986448709 ], [ -58.642939486037847, -34.661382829232949 ], [ -58.643154674797998, -34.662266174955036 ], [ -58.644223932665099, -34.662088332219824 ] ] ] ] } },
{ "type": "Feature", "properties": { "Id": 0, "etiqueta": null }, "geometry": { "type": "MultiPolygon", "coordinates": [ [ [ [ -58.643154674797998, -34.662266174955036 ], [ -58.642939486037847, -34.661382829232949 ], [ -58.641870225290475, -34.661560672147544 ], [ -58.642085414674362, -34.662444017820654 ], [ -58.643154674797998, -34.662266174955036 ] ] ] ] } },
{ "type": "Feature", "properties": { "Id": 0, "etiqueta": null }, "geometry": { "type": "MultiPolygon", "coordinates": [ [ [ [ -58.642085414674362, -34.662444017820654 ], [ -58.641870225290475, -34.661560672147544 ], [ -58.640800962286725, -34.661738515192276 ], [ -58.641016152294171, -34.662621860816486 ], [ -58.642085414674362, -34.662444017820654 ] ] ] ] } },
{ "type": "Feature", "properties": { "Id": 0, "etiqueta": null }, "geometry": { "type": "MultiPolygon", "coordinates": [ [ [ [ -58.641016152294171, -34.662621860816486 ], [ -58.640800962286725, -34.661738515192276 ], [ -58.63973169702647, -34.661916358367186 ], [ -58.639946887657324, -34.662799703942397 ], [ -58.641016152294171, -34.662621860816486 ] ] ] ] } },
{ "type": "Feature", "properties": { "Id": 0, "etiqueta": null }, "geometry": { "type": "MultiPolygon", "coordinates": [ [ [ [ -58.639946887657324, -34.662799703942397 ], [ -58.63973169702647, -34.661916358367186 ], [ -58.638662429509615, -34.662094201672033 ], [ -58.638877620763793, -34.662977547198388 ], [ -58.639946887657324, -34.662799703942397 ] ] ] ] } },
{ "type": "Feature", "properties": { "Id": 0, "etiqueta": null }, "geometry": { "type": "MultiPolygon", "coordinates": [ [ [ [ -58.638877620763793, -34.662977547198388 ], [ -58.638662429509615, -34.662094201672033 ], [ -58.63759315973607, -34.662272045106853 ], [ -58.637808351613486, -34.663155390584322 ], [ -58.638877620763793, -34.662977547198388 ] ] ] ] } },
{ "type": "Feature", "properties": { "Id": 0, "etiqueta": null }, "geometry": { "type": "MultiPolygon", "coordinates": [ [ [ [ -58.637808351613486, -34.663155390584322 ], [ -58.63759315973607, -34.662272045106853 ], [ -58.63652388770592, -34.662449888671482 ], [ -58.636739080206382, -34.66333323410003 ], [ -58.637808351613486, -34.663155390584322 ] ] ] ] } },
{ "type": "Feature", "properties": { "Id": 0, "etiqueta": null }, "geometry": { "type": "MultiPolygon", "coordinates": [ [ [ [ -58.636739080206382, -34.66333323410003 ], [ -58.63652388770592, -34.662449888671482 ], [ -58.635454613418979, -34.662627732365763 ], [ -58.635669806542396, -34.663511077745589 ], [ -58.636739080206382, -34.66333323410003 ] ] ] ] } },
{ "type": "Feature", "properties": { "Id": 0, "etiqueta": null }, "geometry": { "type": "MultiPolygon", "coordinates": [ [ [ [ -58.635669806542396, -34.663511077745589 ], [ -58.635454613418979, -34.662627732365763 ], [ -58.634385336875184, -34.662805576189626 ], [ -58.634600530621526, -34.663688921520674 ], [ -58.635669806542396, -34.663511077745589 ] ] ] ] } },
{ "type": "Feature", "properties": { "Id": 0, "etiqueta": null }, "geometry": { "type": "MultiPolygon", "coordinates": [ [ [ [ -58.634600530621526, -34.663688921520674 ], [ -58.634385336875184, -34.662805576189626 ], [ -58.633316058074584, -34.662983420143007 ], [ -58.633531252443639, -34.663866765425347 ], [ -58.634600530621526, -34.663688921520674 ] ] ] ] } },
{ "type": "Feature", "properties": { "Id": 0, "etiqueta": null }, "geometry": { "type": "MultiPolygon", "coordinates": [ [ [ [ -58.633531252443639, -34.663866765425347 ], [ -58.633316058074584, -34.662983420143007 ], [ -58.632246777016995, -34.663161264225792 ], [ -58.632461972008691, -34.664044609459339 ], [ -58.633531252443639, -34.663866765425347 ] ] ] ] } },
{ "type": "Feature", "properties": { "Id": 0, "etiqueta": null }, "geometry": { "type": "MultiPolygon", "coordinates": [ [ [ [ -58.632461972008691, -34.664044609459339 ], [ -58.632246777016967, -34.663161264225785 ], [ -58.631177493702403, -34.663339108437874 ], [ -58.631392689316606, -34.664222453622756 ], [ -58.632461972008691, -34.664044609459339 ] ] ] ] } },
{ "type": "Feature", "properties": { "Id": 0, "etiqueta": null }, "geometry": { "type": "MultiPolygon", "coordinates": [ [ [ [ -58.631392689316606, -34.664222453622756 ], [ -58.631177493702403, -34.663339108437874 ], [ -58.630108208130814, -34.663516952779119 ], [ -58.63032340436741, -34.664400297915378 ], [ -58.631392689316606, -34.664222453622756 ] ] ] ] } },
{ "type": "Feature", "properties": { "Id": 0, "etiqueta": null }, "geometry": { "type": "MultiPolygon", "coordinates": [ [ [ [ -58.63032340436741, -34.664400297915378 ], [ -58.630108208130814, -34.663516952779119 ], [ -58.629038920302115, -34.663694797249477 ], [ -58.629254117160976, -34.664578142337049 ], [ -58.63032340436741, -34.664400297915378 ] ] ] ] } },
{ "type": "Feature", "properties": { "Id": 0, "etiqueta": null }, "geometry": { "type": "MultiPolygon", "coordinates": [ [ [ [ -58.629254117160976, -34.664578142337049 ], [ -58.629038920302115, -34.663694797249477 ], [ -58.627969630216221, -34.663872641848769 ], [ -58.628184827697282, -34.664755986887812 ], [ -58.629254117160976, -34.664578142337049 ] ] ] ] } },
{ "type": "Feature", "properties": { "Id": 0, "etiqueta": null }, "geometry": { "type": "MultiPolygon", "coordinates": [ [ [ [ -58.628184827697282, -34.664755986887812 ], [ -58.627969630216221, -34.663872641848769 ], [ -58.626900337873145, -34.664050486576947 ], [ -58.627115535976181, -34.664933831567467 ], [ -58.628184827697282, -34.664755986887812 ] ] ] ] } },
{ "type": "Feature", "properties": { "Id": 0, "etiqueta": null }, "geometry": { "type": "MultiPolygon", "coordinates": [ [ [ [ -58.627115535976181, -34.664933831567467 ], [ -58.626900337873145, -34.664050486576947 ], [ -58.62583104327274, -34.664228331433954 ], [ -58.626046241997727, -34.665111676375922 ], [ -58.627115535976181, -34.664933831567467 ] ] ] ] } },
{ "type": "Feature", "properties": { "Id": 0, "etiqueta": "39" }, "geometry": { "type": "MultiPolygon", "coordinates": [ [ [ [ -58.649355003139398, -34.660315774485575 ], [ -58.649139822740153, -34.659432428144029 ], [ -58.648070574906065, -34.6596102703244 ], [ -58.648285755929621, -34.660493616616748 ], [ -58.649355003139398, -34.660315774485575 ] ] ] ] } },
{ "type": "Feature", "properties": { "Id": 0, "etiqueta": null }, "geometry": { "type": "MultiPolygon", "coordinates": [ [ [ [ -58.648285755929621, -34.660493616616748 ], [ -58.648070574906065, -34.6596102703244 ], [ -58.647001324815854, -34.65978811263561 ], [ -58.647216506463629, -34.660671458878753 ], [ -58.648285755929621, -34.660493616616748 ] ] ] ] } },
{ "type": "Feature", "properties": { "Id": 0, "etiqueta": null }, "geometry": { "type": "MultiPolygon", "coordinates": [ [ [ [ -58.647216506463629, -34.660671458878753 ], [ -58.647001324815854, -34.65978811263561 ], [ -58.645932072469698, -34.659965955077475 ], [ -58.646147254741535, -34.660849301271462 ], [ -58.647216506463629, -34.660671458878753 ] ] ] ] } },
{ "type": "Feature", "properties": { "Id": 0, "etiqueta": null }, "geometry": { "type": "MultiPolygon", "coordinates": [ [ [ [ -58.646147254741535, -34.660849301271462 ], [ -58.645932072469698, -34.659965955077475 ], [ -58.644862817867462, -34.660143797649958 ], [ -58.645078000763313, -34.661027143794826 ], [ -58.646147254741535, -34.660849301271462 ] ] ] ] } },
{ "type": "Feature", "properties": { "Id": 0, "etiqueta": null }, "geometry": { "type": "MultiPolygon", "coordinates": [ [ [ [ -58.645078000763313, -34.661027143794826 ], [ -58.644862817867462, -34.660143797649958 ], [ -58.643793561009048, -34.66032164035289 ], [ -58.644008744528691, -34.661204986448709 ], [ -58.645078000763313, -34.661027143794826 ] ] ] ] } },
{ "type": "Feature", "properties": { "Id": 0, "etiqueta": null }, "geometry": { "type": "MultiPolygon", "coordinates": [ [ [ [ -58.644008744528691, -34.661204986448709 ], [ -58.643793561009048, -34.66032164035289 ], [ -58.642724301894383, -34.660499483186207 ], [ -58.642939486037847, -34.661382829232949 ], [ -58.644008744528691, -34.661204986448709 ] ] ] ] } },
{ "type": "Feature", "properties": { "Id": 0, "etiqueta": null }, "geometry": { "type": "MultiPolygon", "coordinates": [ [ [ [ -58.642939486037847, -34.661382829232949 ], [ -58.642724301894383, -34.660499483186207 ], [ -58.641655040523517, -34.660677326149809 ], [ -58.641870225290475, -34.661560672147544 ], [ -58.642939486037847, -34.661382829232949 ] ] ] ] } },
{ "type": "Feature", "properties": { "Id": 0, "etiqueta": null }, "geometry": { "type": "MultiPolygon", "coordinates": [ [ [ [ -58.641870225290475, -34.661560672147544 ], [ -58.641655040523517, -34.660677326149809 ], [ -58.640585776896167, -34.660855169243618 ], [ -58.640800962286725, -34.661738515192276 ], [ -58.641870225290475, -34.661560672147544 ] ] ] ] } },
{ "type": "Feature", "properties": { "Id": 0, "etiqueta": null }, "geometry": { "type": "MultiPolygon", "coordinates": [ [ [ [ -58.640800962286725, -34.661738515192276 ], [ -58.640585776896167, -34.660855169243618 ], [ -58.639516511012481, -34.661033012467456 ], [ -58.63973169702647, -34.661916358367186 ], [ -58.640800962286725, -34.661738515192276 ] ] ] ] } },
{ "type": "Feature", "properties": { "Id": 0, "etiqueta": null }, "geometry": { "type": "MultiPolygon", "coordinates": [ [ [ [ -58.63973169702647, -34.661916358367186 ], [ -58.639516511012481, -34.661033012467456 ], [ -58.638447242872417, -34.661210855821246 ], [ -58.638662429509615, -34.662094201672033 ], [ -58.63973169702647, -34.661916358367186 ] ] ] ] } },
{ "type": "Feature", "properties": { "Id": 0, "etiqueta": null }, "geometry": { "type": "MultiPolygon", "coordinates": [ [ [ [ -58.638662429509615, -34.662094201672033 ], [ -58.638447242872417, -34.661210855821246 ], [ -58.637377972475775, -34.661388699304972 ], [ -58.63759315973607, -34.662272045106853 ], [ -58.638662429509615, -34.662094201672033 ] ] ] ] } },
{ "type": "Feature", "properties": { "Id": 0, "etiqueta": null }, "geometry": { "type": "MultiPolygon", "coordinates": [ [ [ [ -58.63759315973607, -34.662272045106853 ], [ -58.637377972475775, -34.661388699304972 ], [ -58.636308699822507, -34.661566542918415 ], [ -58.63652388770592, -34.662449888671482 ], [ -58.63759315973607, -34.662272045106853 ] ] ] ] } },
{ "type": "Feature", "properties": { "Id": 0, "etiqueta": null }, "geometry": { "type": "MultiPolygon", "coordinates": [ [ [ [ -58.63652388770592, -34.662449888671482 ], [ -58.636308699822507, -34.661566542918415 ], [ -58.635239424912669, -34.661744386661567 ], [ -58.635454613418979, -34.662627732365763 ], [ -58.63652388770592, -34.662449888671482 ] ] ] ] } },
{ "type": "Feature", "properties": { "Id": 0, "etiqueta": null }, "geometry": { "type": "MultiPolygon", "coordinates": [ [ [ [ -58.635454613418979, -34.662627732365763 ], [ -58.635239424912669, -34.661744386661567 ], [ -58.634170147746083, -34.661922230534238 ], [ -58.634385336875184, -34.662805576189626 ], [ -58.635454613418979, -34.662627732365763 ] ] ] ] } },
{ "type": "Feature", "properties": { "Id": 0, "etiqueta": null }, "geometry": { "type": "MultiPolygon", "coordinates": [ [ [ [ -58.634385336875184, -34.662805576189626 ], [ -58.634170147746083, -34.661922230534238 ], [ -58.633100868322799, -34.662100074536419 ], [ -58.633316058074584, -34.662983420143007 ], [ -58.634385336875184, -34.662805576189626 ] ] ] ] } },
{ "type": "Feature", "properties": { "Id": 0, "etiqueta": null }, "geometry": { "type": "MultiPolygon", "coordinates": [ [ [ [ -58.633316058074584, -34.662983420143007 ], [ -58.633100868322799, -34.662100074536419 ], [ -58.632031586642697, -34.662277918667947 ], [ -58.632246777016995, -34.663161264225792 ], [ -58.633316058074584, -34.662983420143007 ] ] ] ] } },
{ "type": "Feature", "properties": { "Id": 0, "etiqueta": null }, "geometry": { "type": "MultiPolygon", "coordinates": [ [ [ [ -58.632246777016967, -34.663161264225785 ], [ -58.632031586642697, -34.662277918667947 ], [ -58.630962302705697, -34.662455762928701 ], [ -58.631177493702403, -34.663339108437874 ], [ -58.632246777016967, -34.663161264225785 ] ] ] ] } },
{ "type": "Feature", "properties": { "Id": 0, "etiqueta": null }, "geometry": { "type": "MultiPolygon", "coordinates": [ [ [ [ -58.631177493702403, -34.663339108437874 ], [ -58.630962302705697, -34.662455762928701 ], [ -58.629893016511772, -34.662633607318668 ], [ -58.630108208130814, -34.663516952779119 ], [ -58.631177493702403, -34.663339108437874 ] ] ] ] } },
{ "type": "Feature", "properties": { "Id": 0, "etiqueta": null }, "geometry": { "type": "MultiPolygon", "coordinates": [ [ [ [ -58.630108208130814, -34.663516952779119 ], [ -58.629893016511772, -34.662633607318668 ], [ -58.628823728060866, -34.662811451837655 ], [ -58.629038920302115, -34.663694797249477 ], [ -58.630108208130814, -34.663516952779119 ] ] ] ] } },
{ "type": "Feature", "properties": { "Id": 0, "etiqueta": null }, "geometry": { "type": "MultiPolygon", "coordinates": [ [ [ [ -58.629038920302115, -34.663694797249477 ], [ -58.628823728060866, -34.662811451837655 ], [ -58.627754437352927, -34.662989296485591 ], [ -58.627969630216221, -34.663872641848769 ], [ -58.629038920302115, -34.663694797249477 ] ] ] ] } },
{ "type": "Feature", "properties": { "Id": 0, "etiqueta": null }, "geometry": { "type": "MultiPolygon", "coordinates": [ [ [ [ -58.627969630216221, -34.663872641848769 ], [ -58.627754437352927, -34.662989296485591 ], [ -58.626685144387807, -34.66316714126242 ], [ -58.626900337873145, -34.664050486576947 ], [ -58.627969630216221, -34.663872641848769 ] ] ] ] } },
{ "type": "Feature", "properties": { "Id": 0, "etiqueta": null }, "geometry": { "type": "MultiPolygon", "coordinates": [ [ [ [ -58.626900337873145, -34.664050486576947 ], [ -58.626685144387807, -34.66316714126242 ], [ -58.625615849165591, -34.663344986167999 ], [ -58.62583104327274, -34.664228331433954 ], [ -58.626900337873145, -34.664050486576947 ] ] ] ] } }
]
}
