{
  "type": "FeatureCollection",
  "name": "aeropuertos_sudamerica",
  "metadata": {
    "fecha_compilacion": "2026-08-04",
    "sistema_referencia": "WGS84 / EPSG:4326",
    "orden_coordenadas": "[longitud, latitud]",
    "criterio_inclusion": "Aeropuertos de Argentina, Bolivia, Brasil, Chile, Colombia, Ecuador, Guayana Francesa, Guyana, Paraguay, Perú, Surinam, Uruguay y Venezuela con scheduled_service=yes, código IATA y geometría válida en OurAirports; se excluyen helipuertos y aeropuertos cerrados.",
    "advertencia_servicio_regular": "scheduled_service es una bandera secundaria. La capa no reemplaza la verificación de horarios, autorizaciones o estado operativo vigente en AIP/NOTAM y fuentes oficiales de cada país.",
    "alcance_militar_carga": "Se identifican algunos roles militares-mixtos y cargueros relevantes, pero no constituye un inventario exhaustivo de aeródromos exclusivamente militares ni de pistas privadas estratégicas.",
    "fuentes_secundarias": [
      "https://davidmegginson.github.io/ourairports-data/airports.csv",
      "https://davidmegginson.github.io/ourairports-data/runways.csv",
      "https://davidmegginson.github.io/ourairports-data/regions.csv"
    ]
  },
  "features": [
    {
      "type": "Feature",
      "id": "AEP",
      "geometry": {
        "type": "Point",
        "coordinates": [
          -58.415536,
          -34.559419
        ]
      },
      "properties": {
        "clave_union": "AEP",
        "nombre_oficial": "Aeroparque Jorge Newbery",
        "codigo_iata": "AEP",
        "codigo_oaci": "SABE",
        "pais": "Argentina",
        "provincia_estado_departamento": "Buenos Aires (Autonomous City)",
        "ciudad": "Buenos Aires",
        "tipo": "internacional",
        "elevacion_m": 5,
        "longitud_pista_m": 2350,
        "entidad_operadora": null,
        "fuente": "ANAC Argentina - AIP República Argentina: https://ais.anac.gob.ar/aip | OurAirports: https://davidmegginson.github.io/ourairports-data/airports.csv, https://davidmegginson.github.io/ourairports-data/runways.csv, https://davidmegginson.github.io/ourairports-data/regions.csv",
        "fuente_tipo": "referencia_oficial+fuente_secundaria_complementaria",
        "fuente_oficial": "https://ais.anac.gob.ar/aip",
        "fuente_secundaria": "https://davidmegginson.github.io/ourairports-data/airports.csv",
        "nivel_fuente_oficial": "aip_oficial_localizado",
        "servicio_regular_fuente": "OurAirports scheduled_service=yes",
        "fecha_actualizacion_dato": "2026-08-04",
        "observaciones": "Inclusión basada en scheduled_service=yes y código IATA de OurAirports. La existencia, denominación y códigos deben contrastarse con la AIP vigente antes de uso operacional. Coordenadas, elevación y pista proceden de OurAirports; la pista principal es la mayor pista no cerrada registrada. Campos incompletos: entidad operadora no verificada en una fuente oficial abierta. Roles adicionales identificados de forma conservadora: función_internacional.",
        "roles_adicionales": [
          "función_internacional"
        ]
      }
    },
    {
      "type": "Feature",
      "id": "AFA",
      "geometry": {
        "type": "Point",
        "coordinates": [
          -68.4039,
          -34.588299
        ]
      },
      "properties": {
        "clave_union": "AFA",
        "nombre_oficial": "Suboficial Ay Santiago Germano Airport",
        "codigo_iata": "AFA",
        "codigo_oaci": "SAMR",
        "pais": "Argentina",
        "provincia_estado_departamento": "Mendoza Province",
        "ciudad": "San Rafael",
        "tipo": "militar-mixto",
        "elevacion_m": 753,
        "longitud_pista_m": 2110,
        "entidad_operadora": null,
        "fuente": "ANAC Argentina - AIP República Argentina: https://ais.anac.gob.ar/aip | OurAirports: https://davidmegginson.github.io/ourairports-data/airports.csv, https://davidmegginson.github.io/ourairports-data/runways.csv, https://davidmegginson.github.io/ourairports-data/regions.csv",
        "fuente_tipo": "referencia_oficial+fuente_secundaria_complementaria",
        "fuente_oficial": "https://ais.anac.gob.ar/aip",
        "fuente_secundaria": "https://davidmegginson.github.io/ourairports-data/airports.csv",
        "nivel_fuente_oficial": "aip_oficial_localizado",
        "servicio_regular_fuente": "OurAirports scheduled_service=yes",
        "fecha_actualizacion_dato": "2026-08-04",
        "observaciones": "Inclusión basada en scheduled_service=yes y código IATA de OurAirports. La existencia, denominación y códigos deben contrastarse con la AIP vigente antes de uso operacional. Coordenadas, elevación y pista proceden de OurAirports; la pista principal es la mayor pista no cerrada registrada. Campos incompletos: entidad operadora no verificada en una fuente oficial abierta. Roles adicionales identificados de forma conservadora: uso_militar_compartido.",
        "roles_adicionales": [
          "uso_militar_compartido"
        ]
      }
    },
    {
      "type": "Feature",
      "id": "BHI",
      "geometry": {
        "type": "Point",
        "coordinates": [
          -62.1693,
          -38.725
        ]
      },
      "properties": {
        "clave_union": "BHI",
        "nombre_oficial": "Comandante Espora Airport",
        "codigo_iata": "BHI",
        "codigo_oaci": "SAZB",
        "pais": "Argentina",
        "provincia_estado_departamento": "Buenos Aires Province",
        "ciudad": "Bahía Blanca",
        "tipo": "militar-mixto",
        "elevacion_m": 75,
        "longitud_pista_m": 2410,
        "entidad_operadora": null,
        "fuente": "ANAC Argentina - AIP República Argentina: https://ais.anac.gob.ar/aip | OurAirports: https://davidmegginson.github.io/ourairports-data/airports.csv, https://davidmegginson.github.io/ourairports-data/runways.csv, https://davidmegginson.github.io/ourairports-data/regions.csv",
        "fuente_tipo": "referencia_oficial+fuente_secundaria_complementaria",
        "fuente_oficial": "https://ais.anac.gob.ar/aip",
        "fuente_secundaria": "https://davidmegginson.github.io/ourairports-data/airports.csv",
        "nivel_fuente_oficial": "aip_oficial_localizado",
        "servicio_regular_fuente": "OurAirports scheduled_service=yes",
        "fecha_actualizacion_dato": "2026-08-04",
        "observaciones": "Inclusión basada en scheduled_service=yes y código IATA de OurAirports. La existencia, denominación y códigos deben contrastarse con la AIP vigente antes de uso operacional. Coordenadas, elevación y pista proceden de OurAirports; la pista principal es la mayor pista no cerrada registrada. Campos incompletos: entidad operadora no verificada en una fuente oficial abierta. Roles adicionales identificados de forma conservadora: uso_militar_compartido.",
        "roles_adicionales": [
          "uso_militar_compartido"
        ]
      }
    },
    {
      "type": "Feature",
      "id": "BRC",
      "geometry": {
        "type": "Point",
        "coordinates": [
          -71.157501,
          -41.151199
        ]
      },
      "properties": {
        "clave_union": "BRC",
        "nombre_oficial": "Teniente Luis Candelaria International Airport",
        "codigo_iata": "BRC",
        "codigo_oaci": "SAZS",
        "pais": "Argentina",
        "provincia_estado_departamento": "Río Negro Province",
        "ciudad": "San Carlos de Bariloche",
        "tipo": "internacional",
        "elevacion_m": 846,
        "longitud_pista_m": 2348,
        "entidad_operadora": null,
        "fuente": "ANAC Argentina - AIP República Argentina: https://ais.anac.gob.ar/aip | OurAirports: https://davidmegginson.github.io/ourairports-data/airports.csv, https://davidmegginson.github.io/ourairports-data/runways.csv, https://davidmegginson.github.io/ourairports-data/regions.csv",
        "fuente_tipo": "referencia_oficial+fuente_secundaria_complementaria",
        "fuente_oficial": "https://ais.anac.gob.ar/aip",
        "fuente_secundaria": "https://davidmegginson.github.io/ourairports-data/airports.csv",
        "nivel_fuente_oficial": "aip_oficial_localizado",
        "servicio_regular_fuente": "OurAirports scheduled_service=yes",
        "fecha_actualizacion_dato": "2026-08-04",
        "observaciones": "Inclusión basada en scheduled_service=yes y código IATA de OurAirports. La existencia, denominación y códigos deben contrastarse con la AIP vigente antes de uso operacional. Coordenadas, elevación y pista proceden de OurAirports; la pista principal es la mayor pista no cerrada registrada. Campos incompletos: entidad operadora no verificada en una fuente oficial abierta. Roles adicionales identificados de forma conservadora: función_internacional.",
        "roles_adicionales": [
          "función_internacional"
        ]
      }
    },
    {
      "type": "Feature",
      "id": "CNQ",
      "geometry": {
        "type": "Point",
        "coordinates": [
          -58.7619,
          -27.4455
        ]
      },
      "properties": {
        "clave_union": "CNQ",
        "nombre_oficial": "Corrientes Airport",
        "codigo_iata": "CNQ",
        "codigo_oaci": "SARC",
        "pais": "Argentina",
        "provincia_estado_departamento": "Corrientes Province",
        "ciudad": "Corrientes",
        "tipo": "internacional",
        "elevacion_m": 62,
        "longitud_pista_m": 2100,
        "entidad_operadora": null,
        "fuente": "ANAC Argentina - AIP República Argentina: https://ais.anac.gob.ar/aip | OurAirports: https://davidmegginson.github.io/ourairports-data/airports.csv, https://davidmegginson.github.io/ourairports-data/runways.csv, https://davidmegginson.github.io/ourairports-data/regions.csv",
        "fuente_tipo": "referencia_oficial+fuente_secundaria_complementaria",
        "fuente_oficial": "https://ais.anac.gob.ar/aip",
        "fuente_secundaria": "https://davidmegginson.github.io/ourairports-data/airports.csv",
        "nivel_fuente_oficial": "aip_oficial_localizado",
        "servicio_regular_fuente": "OurAirports scheduled_service=yes",
        "fecha_actualizacion_dato": "2026-08-04",
        "observaciones": "Inclusión basada en scheduled_service=yes y código IATA de OurAirports. La existencia, denominación y códigos deben contrastarse con la AIP vigente antes de uso operacional. Coordenadas, elevación y pista proceden de OurAirports; la pista principal es la mayor pista no cerrada registrada. Campos incompletos: entidad operadora no verificada en una fuente oficial abierta. Roles adicionales identificados de forma conservadora: función_internacional.",
        "roles_adicionales": [
          "función_internacional"
        ]
      }
    },
    {
      "type": "Feature",
      "id": "COR",
      "geometry": {
        "type": "Point",
        "coordinates": [
          -64.208329,
          -31.312346
        ]
      },
      "properties": {
        "clave_union": "COR",
        "nombre_oficial": "Ingeniero Aeronáutico Ambrosio L.V. Taravella International Airport",
        "codigo_iata": "COR",
        "codigo_oaci": "SACO",
        "pais": "Argentina",
        "provincia_estado_departamento": "Córdoba Province",
        "ciudad": "Cordoba",
        "tipo": "internacional",
        "elevacion_m": 489,
        "longitud_pista_m": 3200,
        "entidad_operadora": null,
        "fuente": "ANAC Argentina - AIP República Argentina: https://ais.anac.gob.ar/aip | OurAirports: https://davidmegginson.github.io/ourairports-data/airports.csv, https://davidmegginson.github.io/ourairports-data/runways.csv, https://davidmegginson.github.io/ourairports-data/regions.csv",
        "fuente_tipo": "referencia_oficial+fuente_secundaria_complementaria",
        "fuente_oficial": "https://ais.anac.gob.ar/aip",
        "fuente_secundaria": "https://davidmegginson.github.io/ourairports-data/airports.csv",
        "nivel_fuente_oficial": "aip_oficial_localizado",
        "servicio_regular_fuente": "OurAirports scheduled_service=yes",
        "fecha_actualizacion_dato": "2026-08-04",
        "observaciones": "Inclusión basada en scheduled_service=yes y código IATA de OurAirports. La existencia, denominación y códigos deben contrastarse con la AIP vigente antes de uso operacional. Coordenadas, elevación y pista proceden de OurAirports; la pista principal es la mayor pista no cerrada registrada. Campos incompletos: entidad operadora no verificada en una fuente oficial abierta. Roles adicionales identificados de forma conservadora: función_internacional.",
        "roles_adicionales": [
          "función_internacional"
        ]
      }
    },
    {
      "type": "Feature",
      "id": "CPC",
      "geometry": {
        "type": "Point",
        "coordinates": [
          -71.137299,
          -40.075401
        ]
      },
      "properties": {
        "clave_union": "CPC",
        "nombre_oficial": "Aviador C. Campos Airport",
        "codigo_iata": "CPC",
        "codigo_oaci": "SAZY",
        "pais": "Argentina",
        "provincia_estado_departamento": "Neuquén Province",
        "ciudad": "Chapelco/San Martin de los Andes",
        "tipo": "doméstico",
        "elevacion_m": 783,
        "longitud_pista_m": 2501,
        "entidad_operadora": null,
        "fuente": "ANAC Argentina - AIP República Argentina: https://ais.anac.gob.ar/aip | OurAirports: https://davidmegginson.github.io/ourairports-data/airports.csv, https://davidmegginson.github.io/ourairports-data/runways.csv, https://davidmegginson.github.io/ourairports-data/regions.csv",
        "fuente_tipo": "referencia_oficial+fuente_secundaria_complementaria",
        "fuente_oficial": "https://ais.anac.gob.ar/aip",
        "fuente_secundaria": "https://davidmegginson.github.io/ourairports-data/airports.csv",
        "nivel_fuente_oficial": "aip_oficial_localizado",
        "servicio_regular_fuente": "OurAirports scheduled_service=yes",
        "fecha_actualizacion_dato": "2026-08-04",
        "observaciones": "Inclusión basada en scheduled_service=yes y código IATA de OurAirports. La existencia, denominación y códigos deben contrastarse con la AIP vigente antes de uso operacional. Coordenadas, elevación y pista proceden de OurAirports; la pista principal es la mayor pista no cerrada registrada. Campos incompletos: entidad operadora no verificada en una fuente oficial abierta.",
        "roles_adicionales": []
      }
    },
    {
      "type": "Feature",
      "id": "CRD",
      "geometry": {
        "type": "Point",
        "coordinates": [
          -67.463355,
          -45.786941
        ]
      },
      "properties": {
        "clave_union": "CRD",
        "nombre_oficial": "General Enrique Mosconi International Airport",
        "codigo_iata": "CRD",
        "codigo_oaci": "SAVC",
        "pais": "Argentina",
        "provincia_estado_departamento": "Chubut Province",
        "ciudad": "Comodoro Rivadavia",
        "tipo": "internacional",
        "elevacion_m": 58,
        "longitud_pista_m": 2810,
        "entidad_operadora": null,
        "fuente": "ANAC Argentina - AIP República Argentina: https://ais.anac.gob.ar/aip | OurAirports: https://davidmegginson.github.io/ourairports-data/airports.csv, https://davidmegginson.github.io/ourairports-data/runways.csv, https://davidmegginson.github.io/ourairports-data/regions.csv",
        "fuente_tipo": "referencia_oficial+fuente_secundaria_complementaria",
        "fuente_oficial": "https://ais.anac.gob.ar/aip",
        "fuente_secundaria": "https://davidmegginson.github.io/ourairports-data/airports.csv",
        "nivel_fuente_oficial": "aip_oficial_localizado",
        "servicio_regular_fuente": "OurAirports scheduled_service=yes",
        "fecha_actualizacion_dato": "2026-08-04",
        "observaciones": "Inclusión basada en scheduled_service=yes y código IATA de OurAirports. La existencia, denominación y códigos deben contrastarse con la AIP vigente antes de uso operacional. Coordenadas, elevación y pista proceden de OurAirports; la pista principal es la mayor pista no cerrada registrada. Campos incompletos: entidad operadora no verificada en una fuente oficial abierta. Roles adicionales identificados de forma conservadora: función_internacional.",
        "roles_adicionales": [
          "función_internacional"
        ]
      }
    },
    {
      "type": "Feature",
      "id": "CTC",
      "geometry": {
        "type": "Point",
        "coordinates": [
          -65.7512,
          -28.593117
        ]
      },
      "properties": {
        "clave_union": "CTC",
        "nombre_oficial": "Coronel Felipe Varela International Airport",
        "codigo_iata": "CTC",
        "codigo_oaci": "SANC",
        "pais": "Argentina",
        "provincia_estado_departamento": "Catamarca Province",
        "ciudad": "Catamarca",
        "tipo": "internacional",
        "elevacion_m": 464,
        "longitud_pista_m": 2800,
        "entidad_operadora": null,
        "fuente": "ANAC Argentina - AIP República Argentina: https://ais.anac.gob.ar/aip | OurAirports: https://davidmegginson.github.io/ourairports-data/airports.csv, https://davidmegginson.github.io/ourairports-data/runways.csv, https://davidmegginson.github.io/ourairports-data/regions.csv",
        "fuente_tipo": "referencia_oficial+fuente_secundaria_complementaria",
        "fuente_oficial": "https://ais.anac.gob.ar/aip",
        "fuente_secundaria": "https://davidmegginson.github.io/ourairports-data/airports.csv",
        "nivel_fuente_oficial": "aip_oficial_localizado",
        "servicio_regular_fuente": "OurAirports scheduled_service=yes",
        "fecha_actualizacion_dato": "2026-08-04",
        "observaciones": "Inclusión basada en scheduled_service=yes y código IATA de OurAirports. La existencia, denominación y códigos deben contrastarse con la AIP vigente antes de uso operacional. Coordenadas, elevación y pista proceden de OurAirports; la pista principal es la mayor pista no cerrada registrada. Campos incompletos: entidad operadora no verificada en una fuente oficial abierta. Roles adicionales identificados de forma conservadora: función_internacional.",
        "roles_adicionales": [
          "función_internacional"
        ]
      }
    },
    {
      "type": "Feature",
      "id": "EQS",
      "geometry": {
        "type": "Point",
        "coordinates": [
          -71.139503,
          -42.908001
        ]
      },
      "properties": {
        "clave_union": "EQS",
        "nombre_oficial": "Esquel Brigadier Antonio Parodi International Airport",
        "codigo_iata": "EQS",
        "codigo_oaci": "SAVE",
        "pais": "Argentina",
        "provincia_estado_departamento": "Chubut Province",
        "ciudad": "Esquel",
        "tipo": "internacional",
        "elevacion_m": 799,
        "longitud_pista_m": 2400,
        "entidad_operadora": null,
        "fuente": "ANAC Argentina - AIP República Argentina: https://ais.anac.gob.ar/aip | OurAirports: https://davidmegginson.github.io/ourairports-data/airports.csv, https://davidmegginson.github.io/ourairports-data/runways.csv, https://davidmegginson.github.io/ourairports-data/regions.csv",
        "fuente_tipo": "referencia_oficial+fuente_secundaria_complementaria",
        "fuente_oficial": "https://ais.anac.gob.ar/aip",
        "fuente_secundaria": "https://davidmegginson.github.io/ourairports-data/airports.csv",
        "nivel_fuente_oficial": "aip_oficial_localizado",
        "servicio_regular_fuente": "OurAirports scheduled_service=yes",
        "fecha_actualizacion_dato": "2026-08-04",
        "observaciones": "Inclusión basada en scheduled_service=yes y código IATA de OurAirports. La existencia, denominación y códigos deben contrastarse con la AIP vigente antes de uso operacional. Coordenadas, elevación y pista proceden de OurAirports; la pista principal es la mayor pista no cerrada registrada. Campos incompletos: entidad operadora no verificada en una fuente oficial abierta. Roles adicionales identificados de forma conservadora: función_internacional.",
        "roles_adicionales": [
          "función_internacional"
        ]
      }
    },
    {
      "type": "Feature",
      "id": "EZE",
      "geometry": {
        "type": "Point",
        "coordinates": [
          -58.5358,
          -34.8222
        ]
      },
      "properties": {
        "clave_union": "EZE",
        "nombre_oficial": "Ezeiza International Airport - Ministro Pistarini",
        "codigo_iata": "EZE",
        "codigo_oaci": "SAEZ",
        "pais": "Argentina",
        "provincia_estado_departamento": "Buenos Aires Province",
        "ciudad": "Buenos Aires (Ezeiza)",
        "tipo": "internacional",
        "elevacion_m": 20,
        "longitud_pista_m": 3300,
        "entidad_operadora": null,
        "fuente": "ANAC Argentina - AIP República Argentina: https://ais.anac.gob.ar/aip | OurAirports: https://davidmegginson.github.io/ourairports-data/airports.csv, https://davidmegginson.github.io/ourairports-data/runways.csv, https://davidmegginson.github.io/ourairports-data/regions.csv",
        "fuente_tipo": "referencia_oficial+fuente_secundaria_complementaria",
        "fuente_oficial": "https://ais.anac.gob.ar/aip",
        "fuente_secundaria": "https://davidmegginson.github.io/ourairports-data/airports.csv",
        "nivel_fuente_oficial": "aip_oficial_localizado",
        "servicio_regular_fuente": "OurAirports scheduled_service=yes",
        "fecha_actualizacion_dato": "2026-08-04",
        "observaciones": "Inclusión basada en scheduled_service=yes y código IATA de OurAirports. La existencia, denominación y códigos deben contrastarse con la AIP vigente antes de uso operacional. Coordenadas, elevación y pista proceden de OurAirports; la pista principal es la mayor pista no cerrada registrada. Campos incompletos: entidad operadora no verificada en una fuente oficial abierta. Roles adicionales identificados de forma conservadora: carga_relevante, función_internacional.",
        "roles_adicionales": [
          "carga_relevante",
          "función_internacional"
        ]
      }
    },
    {
      "type": "Feature",
      "id": "FMA",
      "geometry": {
        "type": "Point",
        "coordinates": [
          -58.2281,
          -26.2127
        ]
      },
      "properties": {
        "clave_union": "FMA",
        "nombre_oficial": "Formosa National Airport",
        "codigo_iata": "FMA",
        "codigo_oaci": "SARF",
        "pais": "Argentina",
        "provincia_estado_departamento": "Formosa Province",
        "ciudad": "Formosa",
        "tipo": "doméstico",
        "elevacion_m": 59,
        "longitud_pista_m": 1800,
        "entidad_operadora": null,
        "fuente": "ANAC Argentina - AIP República Argentina: https://ais.anac.gob.ar/aip | OurAirports: https://davidmegginson.github.io/ourairports-data/airports.csv, https://davidmegginson.github.io/ourairports-data/runways.csv, https://davidmegginson.github.io/ourairports-data/regions.csv",
        "fuente_tipo": "referencia_oficial+fuente_secundaria_complementaria",
        "fuente_oficial": "https://ais.anac.gob.ar/aip",
        "fuente_secundaria": "https://davidmegginson.github.io/ourairports-data/airports.csv",
        "nivel_fuente_oficial": "aip_oficial_localizado",
        "servicio_regular_fuente": "OurAirports scheduled_service=yes",
        "fecha_actualizacion_dato": "2026-08-04",
        "observaciones": "Inclusión basada en scheduled_service=yes y código IATA de OurAirports. La existencia, denominación y códigos deben contrastarse con la AIP vigente antes de uso operacional. Coordenadas, elevación y pista proceden de OurAirports; la pista principal es la mayor pista no cerrada registrada. Campos incompletos: entidad operadora no verificada en una fuente oficial abierta.",
        "roles_adicionales": []
      }
    },
    {
      "type": "Feature",
      "id": "FTE",
      "geometry": {
        "type": "Point",
        "coordinates": [
          -72.053401,
          -50.280267
        ]
      },
      "properties": {
        "clave_union": "FTE",
        "nombre_oficial": "El Calafate - Commander Armando Tola International Airport",
        "codigo_iata": "FTE",
        "codigo_oaci": "SAWC",
        "pais": "Argentina",
        "provincia_estado_departamento": "Santa Cruz Province",
        "ciudad": "El Calafate",
        "tipo": "internacional",
        "elevacion_m": 204,
        "longitud_pista_m": 2550,
        "entidad_operadora": null,
        "fuente": "ANAC Argentina - AIP República Argentina: https://ais.anac.gob.ar/aip | OurAirports: https://davidmegginson.github.io/ourairports-data/airports.csv, https://davidmegginson.github.io/ourairports-data/runways.csv, https://davidmegginson.github.io/ourairports-data/regions.csv",
        "fuente_tipo": "referencia_oficial+fuente_secundaria_complementaria",
        "fuente_oficial": "https://ais.anac.gob.ar/aip",
        "fuente_secundaria": "https://davidmegginson.github.io/ourairports-data/airports.csv",
        "nivel_fuente_oficial": "aip_oficial_localizado",
        "servicio_regular_fuente": "OurAirports scheduled_service=yes",
        "fecha_actualizacion_dato": "2026-08-04",
        "observaciones": "Inclusión basada en scheduled_service=yes y código IATA de OurAirports. La existencia, denominación y códigos deben contrastarse con la AIP vigente antes de uso operacional. Coordenadas, elevación y pista proceden de OurAirports; la pista principal es la mayor pista no cerrada registrada. Campos incompletos: entidad operadora no verificada en una fuente oficial abierta. Roles adicionales identificados de forma conservadora: función_internacional.",
        "roles_adicionales": [
          "función_internacional"
        ]
      }
    },
    {
      "type": "Feature",
      "id": "GGS",
      "geometry": {
        "type": "Point",
        "coordinates": [
          -70.150002,
          -48.7831
        ]
      },
      "properties": {
        "clave_union": "GGS",
        "nombre_oficial": "Gobernador Gregores Airport",
        "codigo_iata": "GGS",
        "codigo_oaci": "SAWR",
        "pais": "Argentina",
        "provincia_estado_departamento": "Santa Cruz Province",
        "ciudad": "Gobernador Gregores",
        "tipo": "doméstico",
        "elevacion_m": 109,
        "longitud_pista_m": 1500,
        "entidad_operadora": null,
        "fuente": "ANAC Argentina - AIP República Argentina: https://ais.anac.gob.ar/aip | OurAirports: https://davidmegginson.github.io/ourairports-data/airports.csv, https://davidmegginson.github.io/ourairports-data/runways.csv, https://davidmegginson.github.io/ourairports-data/regions.csv",
        "fuente_tipo": "referencia_oficial+fuente_secundaria_complementaria",
        "fuente_oficial": "https://ais.anac.gob.ar/aip",
        "fuente_secundaria": "https://davidmegginson.github.io/ourairports-data/airports.csv",
        "nivel_fuente_oficial": "aip_oficial_localizado",
        "servicio_regular_fuente": "OurAirports scheduled_service=yes",
        "fecha_actualizacion_dato": "2026-08-04",
        "observaciones": "Inclusión basada en scheduled_service=yes y código IATA de OurAirports. La existencia, denominación y códigos deben contrastarse con la AIP vigente antes de uso operacional. Coordenadas, elevación y pista proceden de OurAirports; la pista principal es la mayor pista no cerrada registrada. Campos incompletos: entidad operadora no verificada en una fuente oficial abierta.",
        "roles_adicionales": []
      }
    },
    {
      "type": "Feature",
      "id": "IGR",
      "geometry": {
        "type": "Point",
        "coordinates": [
          -54.4734,
          -25.737301
        ]
      },
      "properties": {
        "clave_union": "IGR",
        "nombre_oficial": "Cataratas Del Iguazú International Airport",
        "codigo_iata": "IGR",
        "codigo_oaci": "SARI",
        "pais": "Argentina",
        "provincia_estado_departamento": "Misiones Province",
        "ciudad": "Puerto Iguazu",
        "tipo": "internacional",
        "elevacion_m": 279,
        "longitud_pista_m": 3300,
        "entidad_operadora": null,
        "fuente": "ANAC Argentina - AIP República Argentina: https://ais.anac.gob.ar/aip | OurAirports: https://davidmegginson.github.io/ourairports-data/airports.csv, https://davidmegginson.github.io/ourairports-data/runways.csv, https://davidmegginson.github.io/ourairports-data/regions.csv",
        "fuente_tipo": "referencia_oficial+fuente_secundaria_complementaria",
        "fuente_oficial": "https://ais.anac.gob.ar/aip",
        "fuente_secundaria": "https://davidmegginson.github.io/ourairports-data/airports.csv",
        "nivel_fuente_oficial": "aip_oficial_localizado",
        "servicio_regular_fuente": "OurAirports scheduled_service=yes",
        "fecha_actualizacion_dato": "2026-08-04",
        "observaciones": "Inclusión basada en scheduled_service=yes y código IATA de OurAirports. La existencia, denominación y códigos deben contrastarse con la AIP vigente antes de uso operacional. Coordenadas, elevación y pista proceden de OurAirports; la pista principal es la mayor pista no cerrada registrada. Campos incompletos: entidad operadora no verificada en una fuente oficial abierta. Roles adicionales identificados de forma conservadora: función_internacional.",
        "roles_adicionales": [
          "función_internacional"
        ]
      }
    },
    {
      "type": "Feature",
      "id": "IRJ",
      "geometry": {
        "type": "Point",
        "coordinates": [
          -66.795799,
          -29.381599
        ]
      },
      "properties": {
        "clave_union": "IRJ",
        "nombre_oficial": "Capitan V A Almonacid Airport",
        "codigo_iata": "IRJ",
        "codigo_oaci": "SANL",
        "pais": "Argentina",
        "provincia_estado_departamento": "La Rioja Province",
        "ciudad": "La Rioja",
        "tipo": "doméstico",
        "elevacion_m": 438,
        "longitud_pista_m": 2860,
        "entidad_operadora": null,
        "fuente": "ANAC Argentina - AIP República Argentina: https://ais.anac.gob.ar/aip | OurAirports: https://davidmegginson.github.io/ourairports-data/airports.csv, https://davidmegginson.github.io/ourairports-data/runways.csv, https://davidmegginson.github.io/ourairports-data/regions.csv",
        "fuente_tipo": "referencia_oficial+fuente_secundaria_complementaria",
        "fuente_oficial": "https://ais.anac.gob.ar/aip",
        "fuente_secundaria": "https://davidmegginson.github.io/ourairports-data/airports.csv",
        "nivel_fuente_oficial": "aip_oficial_localizado",
        "servicio_regular_fuente": "OurAirports scheduled_service=yes",
        "fecha_actualizacion_dato": "2026-08-04",
        "observaciones": "Inclusión basada en scheduled_service=yes y código IATA de OurAirports. La existencia, denominación y códigos deben contrastarse con la AIP vigente antes de uso operacional. Coordenadas, elevación y pista proceden de OurAirports; la pista principal es la mayor pista no cerrada registrada. Campos incompletos: entidad operadora no verificada en una fuente oficial abierta.",
        "roles_adicionales": []
      }
    },
    {
      "type": "Feature",
      "id": "JUJ",
      "geometry": {
        "type": "Point",
        "coordinates": [
          -65.097801,
          -24.392799
        ]
      },
      "properties": {
        "clave_union": "JUJ",
        "nombre_oficial": "Gobernador Horacio Guzman International Airport",
        "codigo_iata": "JUJ",
        "codigo_oaci": "SASJ",
        "pais": "Argentina",
        "provincia_estado_departamento": "Jujuy Province",
        "ciudad": "San Salvador de Jujuy",
        "tipo": "internacional",
        "elevacion_m": 920,
        "longitud_pista_m": 2956,
        "entidad_operadora": null,
        "fuente": "ANAC Argentina - AIP República Argentina: https://ais.anac.gob.ar/aip | OurAirports: https://davidmegginson.github.io/ourairports-data/airports.csv, https://davidmegginson.github.io/ourairports-data/runways.csv, https://davidmegginson.github.io/ourairports-data/regions.csv",
        "fuente_tipo": "referencia_oficial+fuente_secundaria_complementaria",
        "fuente_oficial": "https://ais.anac.gob.ar/aip",
        "fuente_secundaria": "https://davidmegginson.github.io/ourairports-data/airports.csv",
        "nivel_fuente_oficial": "aip_oficial_localizado",
        "servicio_regular_fuente": "OurAirports scheduled_service=yes",
        "fecha_actualizacion_dato": "2026-08-04",
        "observaciones": "Inclusión basada en scheduled_service=yes y código IATA de OurAirports. La existencia, denominación y códigos deben contrastarse con la AIP vigente antes de uso operacional. Coordenadas, elevación y pista proceden de OurAirports; la pista principal es la mayor pista no cerrada registrada. Campos incompletos: entidad operadora no verificada en una fuente oficial abierta. Roles adicionales identificados de forma conservadora: función_internacional.",
        "roles_adicionales": [
          "función_internacional"
        ]
      }
    },
    {
      "type": "Feature",
      "id": "LHS",
      "geometry": {
        "type": "Point",
        "coordinates": [
          -68.965323,
          -46.538517
        ]
      },
      "properties": {
        "clave_union": "LHS",
        "nombre_oficial": "Las Heras Airport",
        "codigo_iata": "LHS",
        "codigo_oaci": "SAVH",
        "pais": "Argentina",
        "provincia_estado_departamento": "Santa Cruz Province",
        "ciudad": "Las Heras",
        "tipo": "doméstico",
        "elevacion_m": 330,
        "longitud_pista_m": 1400,
        "entidad_operadora": null,
        "fuente": "ANAC Argentina - AIP República Argentina: https://ais.anac.gob.ar/aip | OurAirports: https://davidmegginson.github.io/ourairports-data/airports.csv, https://davidmegginson.github.io/ourairports-data/runways.csv, https://davidmegginson.github.io/ourairports-data/regions.csv",
        "fuente_tipo": "referencia_oficial+fuente_secundaria_complementaria",
        "fuente_oficial": "https://ais.anac.gob.ar/aip",
        "fuente_secundaria": "https://davidmegginson.github.io/ourairports-data/airports.csv",
        "nivel_fuente_oficial": "aip_oficial_localizado",
        "servicio_regular_fuente": "OurAirports scheduled_service=yes",
        "fecha_actualizacion_dato": "2026-08-04",
        "observaciones": "Inclusión basada en scheduled_service=yes y código IATA de OurAirports. La existencia, denominación y códigos deben contrastarse con la AIP vigente antes de uso operacional. Coordenadas, elevación y pista proceden de OurAirports; la pista principal es la mayor pista no cerrada registrada. Campos incompletos: entidad operadora no verificada en una fuente oficial abierta.",
        "roles_adicionales": []
      }
    },
    {
      "type": "Feature",
      "id": "LUQ",
      "geometry": {
        "type": "Point",
        "coordinates": [
          -66.3564,
          -33.273201
        ]
      },
      "properties": {
        "clave_union": "LUQ",
        "nombre_oficial": "Brigadier Mayor D Cesar Raul Ojeda Airport",
        "codigo_iata": "LUQ",
        "codigo_oaci": "SAOU",
        "pais": "Argentina",
        "provincia_estado_departamento": "San Luis Province",
        "ciudad": "San Luis",
        "tipo": "militar-mixto",
        "elevacion_m": 710,
        "longitud_pista_m": 2950,
        "entidad_operadora": null,
        "fuente": "ANAC Argentina - AIP República Argentina: https://ais.anac.gob.ar/aip | OurAirports: https://davidmegginson.github.io/ourairports-data/airports.csv, https://davidmegginson.github.io/ourairports-data/runways.csv, https://davidmegginson.github.io/ourairports-data/regions.csv",
        "fuente_tipo": "referencia_oficial+fuente_secundaria_complementaria",
        "fuente_oficial": "https://ais.anac.gob.ar/aip",
        "fuente_secundaria": "https://davidmegginson.github.io/ourairports-data/airports.csv",
        "nivel_fuente_oficial": "aip_oficial_localizado",
        "servicio_regular_fuente": "OurAirports scheduled_service=yes",
        "fecha_actualizacion_dato": "2026-08-04",
        "observaciones": "Inclusión basada en scheduled_service=yes y código IATA de OurAirports. La existencia, denominación y códigos deben contrastarse con la AIP vigente antes de uso operacional. Coordenadas, elevación y pista proceden de OurAirports; la pista principal es la mayor pista no cerrada registrada. Campos incompletos: entidad operadora no verificada en una fuente oficial abierta. Roles adicionales identificados de forma conservadora: uso_militar_compartido.",
        "roles_adicionales": [
          "uso_militar_compartido"
        ]
      }
    },
    {
      "type": "Feature",
      "id": "MDQ",
      "geometry": {
        "type": "Point",
        "coordinates": [
          -57.5733,
          -37.9342
        ]
      },
      "properties": {
        "clave_union": "MDQ",
        "nombre_oficial": "Ástor Piazzola International Airport",
        "codigo_iata": "MDQ",
        "codigo_oaci": "SAZM",
        "pais": "Argentina",
        "provincia_estado_departamento": "Buenos Aires Province",
        "ciudad": "Mar del Plata",
        "tipo": "internacional",
        "elevacion_m": 22,
        "longitud_pista_m": 2200,
        "entidad_operadora": null,
        "fuente": "ANAC Argentina - AIP República Argentina: https://ais.anac.gob.ar/aip | OurAirports: https://davidmegginson.github.io/ourairports-data/airports.csv, https://davidmegginson.github.io/ourairports-data/runways.csv, https://davidmegginson.github.io/ourairports-data/regions.csv",
        "fuente_tipo": "referencia_oficial+fuente_secundaria_complementaria",
        "fuente_oficial": "https://ais.anac.gob.ar/aip",
        "fuente_secundaria": "https://davidmegginson.github.io/ourairports-data/airports.csv",
        "nivel_fuente_oficial": "aip_oficial_localizado",
        "servicio_regular_fuente": "OurAirports scheduled_service=yes",
        "fecha_actualizacion_dato": "2026-08-04",
        "observaciones": "Inclusión basada en scheduled_service=yes y código IATA de OurAirports. La existencia, denominación y códigos deben contrastarse con la AIP vigente antes de uso operacional. Coordenadas, elevación y pista proceden de OurAirports; la pista principal es la mayor pista no cerrada registrada. Campos incompletos: entidad operadora no verificada en una fuente oficial abierta. Roles adicionales identificados de forma conservadora: función_internacional.",
        "roles_adicionales": [
          "función_internacional"
        ]
      }
    },
    {
      "type": "Feature",
      "id": "MDZ",
      "geometry": {
        "type": "Point",
        "coordinates": [
          -68.7929,
          -32.831699
        ]
      },
      "properties": {
        "clave_union": "MDZ",
        "nombre_oficial": "Governor Francisco Gabrielli International Airport",
        "codigo_iata": "MDZ",
        "codigo_oaci": "SAME",
        "pais": "Argentina",
        "provincia_estado_departamento": "Mendoza Province",
        "ciudad": "Mendoza",
        "tipo": "internacional",
        "elevacion_m": 704,
        "longitud_pista_m": 2835,
        "entidad_operadora": null,
        "fuente": "ANAC Argentina - AIP República Argentina: https://ais.anac.gob.ar/aip | OurAirports: https://davidmegginson.github.io/ourairports-data/airports.csv, https://davidmegginson.github.io/ourairports-data/runways.csv, https://davidmegginson.github.io/ourairports-data/regions.csv",
        "fuente_tipo": "referencia_oficial+fuente_secundaria_complementaria",
        "fuente_oficial": "https://ais.anac.gob.ar/aip",
        "fuente_secundaria": "https://davidmegginson.github.io/ourairports-data/airports.csv",
        "nivel_fuente_oficial": "aip_oficial_localizado",
        "servicio_regular_fuente": "OurAirports scheduled_service=yes",
        "fecha_actualizacion_dato": "2026-08-04",
        "observaciones": "Inclusión basada en scheduled_service=yes y código IATA de OurAirports. La existencia, denominación y códigos deben contrastarse con la AIP vigente antes de uso operacional. Coordenadas, elevación y pista proceden de OurAirports; la pista principal es la mayor pista no cerrada registrada. Campos incompletos: entidad operadora no verificada en una fuente oficial abierta. Roles adicionales identificados de forma conservadora: función_internacional.",
        "roles_adicionales": [
          "función_internacional"
        ]
      }
    },
    {
      "type": "Feature",
      "id": "NEC",
      "geometry": {
        "type": "Point",
        "coordinates": [
          -58.816337,
          -38.490746
        ]
      },
      "properties": {
        "clave_union": "NEC",
        "nombre_oficial": "Necochea Airport",
        "codigo_iata": "NEC",
        "codigo_oaci": "SAZO",
        "pais": "Argentina",
        "provincia_estado_departamento": "Buenos Aires Province",
        "ciudad": "Necochea",
        "tipo": "doméstico",
        "elevacion_m": 22,
        "longitud_pista_m": 1500,
        "entidad_operadora": null,
        "fuente": "ANAC Argentina - AIP República Argentina: https://ais.anac.gob.ar/aip | OurAirports: https://davidmegginson.github.io/ourairports-data/airports.csv, https://davidmegginson.github.io/ourairports-data/runways.csv, https://davidmegginson.github.io/ourairports-data/regions.csv",
        "fuente_tipo": "referencia_oficial+fuente_secundaria_complementaria",
        "fuente_oficial": "https://ais.anac.gob.ar/aip",
        "fuente_secundaria": "https://davidmegginson.github.io/ourairports-data/airports.csv",
        "nivel_fuente_oficial": "aip_oficial_localizado",
        "servicio_regular_fuente": "OurAirports scheduled_service=yes",
        "fecha_actualizacion_dato": "2026-08-04",
        "observaciones": "Inclusión basada en scheduled_service=yes y código IATA de OurAirports. La existencia, denominación y códigos deben contrastarse con la AIP vigente antes de uso operacional. Coordenadas, elevación y pista proceden de OurAirports; la pista principal es la mayor pista no cerrada registrada. Campos incompletos: entidad operadora no verificada en una fuente oficial abierta.",
        "roles_adicionales": []
      }
    },
    {
      "type": "Feature",
      "id": "NQN",
      "geometry": {
        "type": "Point",
        "coordinates": [
          -68.155701,
          -38.949001
        ]
      },
      "properties": {
        "clave_union": "NQN",
        "nombre_oficial": "Presidente Perón International Airport",
        "codigo_iata": "NQN",
        "codigo_oaci": "SAZN",
        "pais": "Argentina",
        "provincia_estado_departamento": "Neuquén Province",
        "ciudad": "Neuquén",
        "tipo": "internacional",
        "elevacion_m": 273,
        "longitud_pista_m": 2570,
        "entidad_operadora": null,
        "fuente": "ANAC Argentina - AIP República Argentina: https://ais.anac.gob.ar/aip | OurAirports: https://davidmegginson.github.io/ourairports-data/airports.csv, https://davidmegginson.github.io/ourairports-data/runways.csv, https://davidmegginson.github.io/ourairports-data/regions.csv",
        "fuente_tipo": "referencia_oficial+fuente_secundaria_complementaria",
        "fuente_oficial": "https://ais.anac.gob.ar/aip",
        "fuente_secundaria": "https://davidmegginson.github.io/ourairports-data/airports.csv",
        "nivel_fuente_oficial": "aip_oficial_localizado",
        "servicio_regular_fuente": "OurAirports scheduled_service=yes",
        "fecha_actualizacion_dato": "2026-08-04",
        "observaciones": "Inclusión basada en scheduled_service=yes y código IATA de OurAirports. La existencia, denominación y códigos deben contrastarse con la AIP vigente antes de uso operacional. Coordenadas, elevación y pista proceden de OurAirports; la pista principal es la mayor pista no cerrada registrada. Campos incompletos: entidad operadora no verificada en una fuente oficial abierta. Roles adicionales identificados de forma conservadora: función_internacional.",
        "roles_adicionales": [
          "función_internacional"
        ]
      }
    },
    {
      "type": "Feature",
      "id": "OES",
      "geometry": {
        "type": "Point",
        "coordinates": [
          -65.0343,
          -40.7512
        ]
      },
      "properties": {
        "clave_union": "OES",
        "nombre_oficial": "Antoine de Saint Exupéry Airport",
        "codigo_iata": "OES",
        "codigo_oaci": "SAVN",
        "pais": "Argentina",
        "provincia_estado_departamento": "Río Negro Province",
        "ciudad": "San Antonio Oeste",
        "tipo": "doméstico",
        "elevacion_m": 26,
        "longitud_pista_m": 1800,
        "entidad_operadora": null,
        "fuente": "ANAC Argentina - AIP República Argentina: https://ais.anac.gob.ar/aip | OurAirports: https://davidmegginson.github.io/ourairports-data/airports.csv, https://davidmegginson.github.io/ourairports-data/runways.csv, https://davidmegginson.github.io/ourairports-data/regions.csv",
        "fuente_tipo": "referencia_oficial+fuente_secundaria_complementaria",
        "fuente_oficial": "https://ais.anac.gob.ar/aip",
        "fuente_secundaria": "https://davidmegginson.github.io/ourairports-data/airports.csv",
        "nivel_fuente_oficial": "aip_oficial_localizado",
        "servicio_regular_fuente": "OurAirports scheduled_service=yes",
        "fecha_actualizacion_dato": "2026-08-04",
        "observaciones": "Inclusión basada en scheduled_service=yes y código IATA de OurAirports. La existencia, denominación y códigos deben contrastarse con la AIP vigente antes de uso operacional. Coordenadas, elevación y pista proceden de OurAirports; la pista principal es la mayor pista no cerrada registrada. Campos incompletos: entidad operadora no verificada en una fuente oficial abierta.",
        "roles_adicionales": []
      }
    },
    {
      "type": "Feature",
      "id": "PMQ",
      "geometry": {
        "type": "Point",
        "coordinates": [
          -70.978699,
          -46.537899
        ]
      },
      "properties": {
        "clave_union": "PMQ",
        "nombre_oficial": "Perito Moreno Jalil Hamer Airport",
        "codigo_iata": "PMQ",
        "codigo_oaci": "SAWP",
        "pais": "Argentina",
        "provincia_estado_departamento": "Santa Cruz Province",
        "ciudad": "Perito Moreno",
        "tipo": "doméstico",
        "elevacion_m": 430,
        "longitud_pista_m": 1700,
        "entidad_operadora": null,
        "fuente": "ANAC Argentina - AIP República Argentina: https://ais.anac.gob.ar/aip | OurAirports: https://davidmegginson.github.io/ourairports-data/airports.csv, https://davidmegginson.github.io/ourairports-data/runways.csv, https://davidmegginson.github.io/ourairports-data/regions.csv",
        "fuente_tipo": "referencia_oficial+fuente_secundaria_complementaria",
        "fuente_oficial": "https://ais.anac.gob.ar/aip",
        "fuente_secundaria": "https://davidmegginson.github.io/ourairports-data/airports.csv",
        "nivel_fuente_oficial": "aip_oficial_localizado",
        "servicio_regular_fuente": "OurAirports scheduled_service=yes",
        "fecha_actualizacion_dato": "2026-08-04",
        "observaciones": "Inclusión basada en scheduled_service=yes y código IATA de OurAirports. La existencia, denominación y códigos deben contrastarse con la AIP vigente antes de uso operacional. Coordenadas, elevación y pista proceden de OurAirports; la pista principal es la mayor pista no cerrada registrada. Campos incompletos: entidad operadora no verificada en una fuente oficial abierta.",
        "roles_adicionales": []
      }
    },
    {
      "type": "Feature",
      "id": "PMY",
      "geometry": {
        "type": "Point",
        "coordinates": [
          -65.1027,
          -42.7592
        ]
      },
      "properties": {
        "clave_union": "PMY",
        "nombre_oficial": "El Tehuelche Airport",
        "codigo_iata": "PMY",
        "codigo_oaci": "SAVY",
        "pais": "Argentina",
        "provincia_estado_departamento": "Chubut Province",
        "ciudad": "Puerto Madryn",
        "tipo": "doméstico",
        "elevacion_m": 130,
        "longitud_pista_m": 2500,
        "entidad_operadora": null,
        "fuente": "ANAC Argentina - AIP República Argentina: https://ais.anac.gob.ar/aip | OurAirports: https://davidmegginson.github.io/ourairports-data/airports.csv, https://davidmegginson.github.io/ourairports-data/runways.csv, https://davidmegginson.github.io/ourairports-data/regions.csv",
        "fuente_tipo": "referencia_oficial+fuente_secundaria_complementaria",
        "fuente_oficial": "https://ais.anac.gob.ar/aip",
        "fuente_secundaria": "https://davidmegginson.github.io/ourairports-data/airports.csv",
        "nivel_fuente_oficial": "aip_oficial_localizado",
        "servicio_regular_fuente": "OurAirports scheduled_service=yes",
        "fecha_actualizacion_dato": "2026-08-04",
        "observaciones": "Inclusión basada en scheduled_service=yes y código IATA de OurAirports. La existencia, denominación y códigos deben contrastarse con la AIP vigente antes de uso operacional. Coordenadas, elevación y pista proceden de OurAirports; la pista principal es la mayor pista no cerrada registrada. Campos incompletos: entidad operadora no verificada en una fuente oficial abierta.",
        "roles_adicionales": []
      }
    },
    {
      "type": "Feature",
      "id": "PRA",
      "geometry": {
        "type": "Point",
        "coordinates": [
          -60.4804,
          -31.7948
        ]
      },
      "properties": {
        "clave_union": "PRA",
        "nombre_oficial": "General Urquiza Airport",
        "codigo_iata": "PRA",
        "codigo_oaci": "SAAP",
        "pais": "Argentina",
        "provincia_estado_departamento": "Entre Ríos Province",
        "ciudad": "Parana",
        "tipo": "doméstico",
        "elevacion_m": 74,
        "longitud_pista_m": 2100,
        "entidad_operadora": null,
        "fuente": "ANAC Argentina - AIP República Argentina: https://ais.anac.gob.ar/aip | OurAirports: https://davidmegginson.github.io/ourairports-data/airports.csv, https://davidmegginson.github.io/ourairports-data/runways.csv, https://davidmegginson.github.io/ourairports-data/regions.csv",
        "fuente_tipo": "referencia_oficial+fuente_secundaria_complementaria",
        "fuente_oficial": "https://ais.anac.gob.ar/aip",
        "fuente_secundaria": "https://davidmegginson.github.io/ourairports-data/airports.csv",
        "nivel_fuente_oficial": "aip_oficial_localizado",
        "servicio_regular_fuente": "OurAirports scheduled_service=yes",
        "fecha_actualizacion_dato": "2026-08-04",
        "observaciones": "Inclusión basada en scheduled_service=yes y código IATA de OurAirports. La existencia, denominación y códigos deben contrastarse con la AIP vigente antes de uso operacional. Coordenadas, elevación y pista proceden de OurAirports; la pista principal es la mayor pista no cerrada registrada. Campos incompletos: entidad operadora no verificada en una fuente oficial abierta.",
        "roles_adicionales": []
      }
    },
    {
      "type": "Feature",
      "id": "PSS",
      "geometry": {
        "type": "Point",
        "coordinates": [
          -55.9707,
          -27.3858
        ]
      },
      "properties": {
        "clave_union": "PSS",
        "nombre_oficial": "Libertador Gral D Jose De San Martin Airport",
        "codigo_iata": "PSS",
        "codigo_oaci": "SARP",
        "pais": "Argentina",
        "provincia_estado_departamento": "Misiones Province",
        "ciudad": "Posadas",
        "tipo": "doméstico",
        "elevacion_m": 131,
        "longitud_pista_m": 2252,
        "entidad_operadora": null,
        "fuente": "ANAC Argentina - AIP República Argentina: https://ais.anac.gob.ar/aip | OurAirports: https://davidmegginson.github.io/ourairports-data/airports.csv, https://davidmegginson.github.io/ourairports-data/runways.csv, https://davidmegginson.github.io/ourairports-data/regions.csv",
        "fuente_tipo": "referencia_oficial+fuente_secundaria_complementaria",
        "fuente_oficial": "https://ais.anac.gob.ar/aip",
        "fuente_secundaria": "https://davidmegginson.github.io/ourairports-data/airports.csv",
        "nivel_fuente_oficial": "aip_oficial_localizado",
        "servicio_regular_fuente": "OurAirports scheduled_service=yes",
        "fecha_actualizacion_dato": "2026-08-04",
        "observaciones": "Inclusión basada en scheduled_service=yes y código IATA de OurAirports. La existencia, denominación y códigos deben contrastarse con la AIP vigente antes de uso operacional. Coordenadas, elevación y pista proceden de OurAirports; la pista principal es la mayor pista no cerrada registrada. Campos incompletos: entidad operadora no verificada en una fuente oficial abierta.",
        "roles_adicionales": []
      }
    },
    {
      "type": "Feature",
      "id": "PUD",
      "geometry": {
        "type": "Point",
        "coordinates": [
          -65.9041,
          -47.7353
        ]
      },
      "properties": {
        "clave_union": "PUD",
        "nombre_oficial": "Puerto Deseado Airport",
        "codigo_iata": "PUD",
        "codigo_oaci": "SAWD",
        "pais": "Argentina",
        "provincia_estado_departamento": "Santa Cruz Province",
        "ciudad": "Puerto Deseado",
        "tipo": "doméstico",
        "elevacion_m": 82,
        "longitud_pista_m": 1500,
        "entidad_operadora": null,
        "fuente": "ANAC Argentina - AIP República Argentina: https://ais.anac.gob.ar/aip | OurAirports: https://davidmegginson.github.io/ourairports-data/airports.csv, https://davidmegginson.github.io/ourairports-data/runways.csv, https://davidmegginson.github.io/ourairports-data/regions.csv",
        "fuente_tipo": "referencia_oficial+fuente_secundaria_complementaria",
        "fuente_oficial": "https://ais.anac.gob.ar/aip",
        "fuente_secundaria": "https://davidmegginson.github.io/ourairports-data/airports.csv",
        "nivel_fuente_oficial": "aip_oficial_localizado",
        "servicio_regular_fuente": "OurAirports scheduled_service=yes",
        "fecha_actualizacion_dato": "2026-08-04",
        "observaciones": "Inclusión basada en scheduled_service=yes y código IATA de OurAirports. La existencia, denominación y códigos deben contrastarse con la AIP vigente antes de uso operacional. Coordenadas, elevación y pista proceden de OurAirports; la pista principal es la mayor pista no cerrada registrada. Campos incompletos: entidad operadora no verificada en una fuente oficial abierta.",
        "roles_adicionales": []
      }
    },
    {
      "type": "Feature",
      "id": "REL",
      "geometry": {
        "type": "Point",
        "coordinates": [
          -65.2703,
          -43.2105
        ]
      },
      "properties": {
        "clave_union": "REL",
        "nombre_oficial": "Almirante Marco Andres Zar Airport",
        "codigo_iata": "REL",
        "codigo_oaci": "SAVT",
        "pais": "Argentina",
        "provincia_estado_departamento": "Chubut Province",
        "ciudad": "Rawson",
        "tipo": "militar-mixto",
        "elevacion_m": 43,
        "longitud_pista_m": 2560,
        "entidad_operadora": null,
        "fuente": "ANAC Argentina - AIP República Argentina: https://ais.anac.gob.ar/aip | OurAirports: https://davidmegginson.github.io/ourairports-data/airports.csv, https://davidmegginson.github.io/ourairports-data/runways.csv, https://davidmegginson.github.io/ourairports-data/regions.csv",
        "fuente_tipo": "referencia_oficial+fuente_secundaria_complementaria",
        "fuente_oficial": "https://ais.anac.gob.ar/aip",
        "fuente_secundaria": "https://davidmegginson.github.io/ourairports-data/airports.csv",
        "nivel_fuente_oficial": "aip_oficial_localizado",
        "servicio_regular_fuente": "OurAirports scheduled_service=yes",
        "fecha_actualizacion_dato": "2026-08-04",
        "observaciones": "Inclusión basada en scheduled_service=yes y código IATA de OurAirports. La existencia, denominación y códigos deben contrastarse con la AIP vigente antes de uso operacional. Coordenadas, elevación y pista proceden de OurAirports; la pista principal es la mayor pista no cerrada registrada. Campos incompletos: entidad operadora no verificada en una fuente oficial abierta. Roles adicionales identificados de forma conservadora: uso_militar_compartido.",
        "roles_adicionales": [
          "uso_militar_compartido"
        ]
      }
    },
    {
      "type": "Feature",
      "id": "RES",
      "geometry": {
        "type": "Point",
        "coordinates": [
          -59.056125,
          -27.44991
        ]
      },
      "properties": {
        "clave_union": "RES",
        "nombre_oficial": "Resistencia International Airport",
        "codigo_iata": "RES",
        "codigo_oaci": "SARE",
        "pais": "Argentina",
        "provincia_estado_departamento": "Chaco Province",
        "ciudad": "Resistencia",
        "tipo": "internacional",
        "elevacion_m": 53,
        "longitud_pista_m": 2770,
        "entidad_operadora": null,
        "fuente": "ANAC Argentina - AIP República Argentina: https://ais.anac.gob.ar/aip | OurAirports: https://davidmegginson.github.io/ourairports-data/airports.csv, https://davidmegginson.github.io/ourairports-data/runways.csv, https://davidmegginson.github.io/ourairports-data/regions.csv",
        "fuente_tipo": "referencia_oficial+fuente_secundaria_complementaria",
        "fuente_oficial": "https://ais.anac.gob.ar/aip",
        "fuente_secundaria": "https://davidmegginson.github.io/ourairports-data/airports.csv",
        "nivel_fuente_oficial": "aip_oficial_localizado",
        "servicio_regular_fuente": "OurAirports scheduled_service=yes",
        "fecha_actualizacion_dato": "2026-08-04",
        "observaciones": "Inclusión basada en scheduled_service=yes y código IATA de OurAirports. La existencia, denominación y códigos deben contrastarse con la AIP vigente antes de uso operacional. Coordenadas, elevación y pista proceden de OurAirports; la pista principal es la mayor pista no cerrada registrada. Campos incompletos: entidad operadora no verificada en una fuente oficial abierta. Roles adicionales identificados de forma conservadora: función_internacional.",
        "roles_adicionales": [
          "función_internacional"
        ]
      }
    },
    {
      "type": "Feature",
      "id": "RGA",
      "geometry": {
        "type": "Point",
        "coordinates": [
          -67.7494,
          -53.7777
        ]
      },
      "properties": {
        "clave_union": "RGA",
        "nombre_oficial": "Gobernador Ramón Trejo Noel International Airport",
        "codigo_iata": "RGA",
        "codigo_oaci": "SAWE",
        "pais": "Argentina",
        "provincia_estado_departamento": "Tierra del Fuego Province",
        "ciudad": "Rio Grande",
        "tipo": "militar-mixto",
        "elevacion_m": 20,
        "longitud_pista_m": 2000,
        "entidad_operadora": null,
        "fuente": "ANAC Argentina - AIP República Argentina: https://ais.anac.gob.ar/aip | OurAirports: https://davidmegginson.github.io/ourairports-data/airports.csv, https://davidmegginson.github.io/ourairports-data/runways.csv, https://davidmegginson.github.io/ourairports-data/regions.csv",
        "fuente_tipo": "referencia_oficial+fuente_secundaria_complementaria",
        "fuente_oficial": "https://ais.anac.gob.ar/aip",
        "fuente_secundaria": "https://davidmegginson.github.io/ourairports-data/airports.csv",
        "nivel_fuente_oficial": "aip_oficial_localizado",
        "servicio_regular_fuente": "OurAirports scheduled_service=yes",
        "fecha_actualizacion_dato": "2026-08-04",
        "observaciones": "Inclusión basada en scheduled_service=yes y código IATA de OurAirports. La existencia, denominación y códigos deben contrastarse con la AIP vigente antes de uso operacional. Coordenadas, elevación y pista proceden de OurAirports; la pista principal es la mayor pista no cerrada registrada. Campos incompletos: entidad operadora no verificada en una fuente oficial abierta. Roles adicionales identificados de forma conservadora: uso_militar_compartido.",
        "roles_adicionales": [
          "uso_militar_compartido"
        ]
      }
    },
    {
      "type": "Feature",
      "id": "RGL",
      "geometry": {
        "type": "Point",
        "coordinates": [
          -69.308948,
          -51.608791
        ]
      },
      "properties": {
        "clave_union": "RGL",
        "nombre_oficial": "Piloto Civil Norberto Fernández International Airport",
        "codigo_iata": "RGL",
        "codigo_oaci": "SAWG",
        "pais": "Argentina",
        "provincia_estado_departamento": "Santa Cruz Province",
        "ciudad": "Rio Gallegos",
        "tipo": "internacional",
        "elevacion_m": 19,
        "longitud_pista_m": 3549,
        "entidad_operadora": null,
        "fuente": "ANAC Argentina - AIP República Argentina: https://ais.anac.gob.ar/aip | OurAirports: https://davidmegginson.github.io/ourairports-data/airports.csv, https://davidmegginson.github.io/ourairports-data/runways.csv, https://davidmegginson.github.io/ourairports-data/regions.csv",
        "fuente_tipo": "referencia_oficial+fuente_secundaria_complementaria",
        "fuente_oficial": "https://ais.anac.gob.ar/aip",
        "fuente_secundaria": "https://davidmegginson.github.io/ourairports-data/airports.csv",
        "nivel_fuente_oficial": "aip_oficial_localizado",
        "servicio_regular_fuente": "OurAirports scheduled_service=yes",
        "fecha_actualizacion_dato": "2026-08-04",
        "observaciones": "Inclusión basada en scheduled_service=yes y código IATA de OurAirports. La existencia, denominación y códigos deben contrastarse con la AIP vigente antes de uso operacional. Coordenadas, elevación y pista proceden de OurAirports; la pista principal es la mayor pista no cerrada registrada. Campos incompletos: entidad operadora no verificada en una fuente oficial abierta. Roles adicionales identificados de forma conservadora: función_internacional.",
        "roles_adicionales": [
          "función_internacional"
        ]
      }
    },
    {
      "type": "Feature",
      "id": "RHD",
      "geometry": {
        "type": "Point",
        "coordinates": [
          -64.93595,
          -27.4966
        ]
      },
      "properties": {
        "clave_union": "RHD",
        "nombre_oficial": "Termas de Río Hondo international Airport",
        "codigo_iata": "RHD",
        "codigo_oaci": "SANR",
        "pais": "Argentina",
        "provincia_estado_departamento": "Santiago del Estero Province",
        "ciudad": "Termas de Río Hondo",
        "tipo": "internacional",
        "elevacion_m": 285,
        "longitud_pista_m": 2509,
        "entidad_operadora": null,
        "fuente": "ANAC Argentina - AIP República Argentina: https://ais.anac.gob.ar/aip | OurAirports: https://davidmegginson.github.io/ourairports-data/airports.csv, https://davidmegginson.github.io/ourairports-data/runways.csv, https://davidmegginson.github.io/ourairports-data/regions.csv",
        "fuente_tipo": "referencia_oficial+fuente_secundaria_complementaria",
        "fuente_oficial": "https://ais.anac.gob.ar/aip",
        "fuente_secundaria": "https://davidmegginson.github.io/ourairports-data/airports.csv",
        "nivel_fuente_oficial": "aip_oficial_localizado",
        "servicio_regular_fuente": "OurAirports scheduled_service=yes",
        "fecha_actualizacion_dato": "2026-08-04",
        "observaciones": "Inclusión basada en scheduled_service=yes y código IATA de OurAirports. La existencia, denominación y códigos deben contrastarse con la AIP vigente antes de uso operacional. Coordenadas, elevación y pista proceden de OurAirports; la pista principal es la mayor pista no cerrada registrada. Campos incompletos: entidad operadora no verificada en una fuente oficial abierta. Roles adicionales identificados de forma conservadora: función_internacional.",
        "roles_adicionales": [
          "función_internacional"
        ]
      }
    },
    {
      "type": "Feature",
      "id": "ROS",
      "geometry": {
        "type": "Point",
        "coordinates": [
          -60.785,
          -32.9036
        ]
      },
      "properties": {
        "clave_union": "ROS",
        "nombre_oficial": "Rosario Islas Malvinas International Airport",
        "codigo_iata": "ROS",
        "codigo_oaci": "SAAR",
        "pais": "Argentina",
        "provincia_estado_departamento": "Santa Fe Province",
        "ciudad": "Rosario",
        "tipo": "internacional",
        "elevacion_m": 26,
        "longitud_pista_m": 3000,
        "entidad_operadora": null,
        "fuente": "ANAC Argentina - AIP República Argentina: https://ais.anac.gob.ar/aip | OurAirports: https://davidmegginson.github.io/ourairports-data/airports.csv, https://davidmegginson.github.io/ourairports-data/runways.csv, https://davidmegginson.github.io/ourairports-data/regions.csv",
        "fuente_tipo": "referencia_oficial+fuente_secundaria_complementaria",
        "fuente_oficial": "https://ais.anac.gob.ar/aip",
        "fuente_secundaria": "https://davidmegginson.github.io/ourairports-data/airports.csv",
        "nivel_fuente_oficial": "aip_oficial_localizado",
        "servicio_regular_fuente": "OurAirports scheduled_service=yes",
        "fecha_actualizacion_dato": "2026-08-04",
        "observaciones": "Inclusión basada en scheduled_service=yes y código IATA de OurAirports. La existencia, denominación y códigos deben contrastarse con la AIP vigente antes de uso operacional. Coordenadas, elevación y pista proceden de OurAirports; la pista principal es la mayor pista no cerrada registrada. Campos incompletos: entidad operadora no verificada en una fuente oficial abierta. Roles adicionales identificados de forma conservadora: función_internacional.",
        "roles_adicionales": [
          "función_internacional"
        ]
      }
    },
    {
      "type": "Feature",
      "id": "RSA",
      "geometry": {
        "type": "Point",
        "coordinates": [
          -64.275703,
          -36.588299
        ]
      },
      "properties": {
        "clave_union": "RSA",
        "nombre_oficial": "Santa Rosa Airport",
        "codigo_iata": "RSA",
        "codigo_oaci": "SAZR",
        "pais": "Argentina",
        "provincia_estado_departamento": "La Pampa Province",
        "ciudad": "Santa Rosa",
        "tipo": "doméstico",
        "elevacion_m": 192,
        "longitud_pista_m": 2300,
        "entidad_operadora": null,
        "fuente": "ANAC Argentina - AIP República Argentina: https://ais.anac.gob.ar/aip | OurAirports: https://davidmegginson.github.io/ourairports-data/airports.csv, https://davidmegginson.github.io/ourairports-data/runways.csv, https://davidmegginson.github.io/ourairports-data/regions.csv",
        "fuente_tipo": "referencia_oficial+fuente_secundaria_complementaria",
        "fuente_oficial": "https://ais.anac.gob.ar/aip",
        "fuente_secundaria": "https://davidmegginson.github.io/ourairports-data/airports.csv",
        "nivel_fuente_oficial": "aip_oficial_localizado",
        "servicio_regular_fuente": "OurAirports scheduled_service=yes",
        "fecha_actualizacion_dato": "2026-08-04",
        "observaciones": "Inclusión basada en scheduled_service=yes y código IATA de OurAirports. La existencia, denominación y códigos deben contrastarse con la AIP vigente antes de uso operacional. Coordenadas, elevación y pista proceden de OurAirports; la pista principal es la mayor pista no cerrada registrada. Campos incompletos: entidad operadora no verificada en una fuente oficial abierta.",
        "roles_adicionales": []
      }
    },
    {
      "type": "Feature",
      "id": "RYO",
      "geometry": {
        "type": "Point",
        "coordinates": [
          -72.2203,
          -51.605
        ]
      },
      "properties": {
        "clave_union": "RYO",
        "nombre_oficial": "28 de Noviembre Airport",
        "codigo_iata": "RYO",
        "codigo_oaci": "SAWT",
        "pais": "Argentina",
        "provincia_estado_departamento": "Santa Cruz Province",
        "ciudad": "Rio Turbio",
        "tipo": "doméstico",
        "elevacion_m": 277,
        "longitud_pista_m": 1932,
        "entidad_operadora": null,
        "fuente": "ANAC Argentina - AIP República Argentina: https://ais.anac.gob.ar/aip | OurAirports: https://davidmegginson.github.io/ourairports-data/airports.csv, https://davidmegginson.github.io/ourairports-data/runways.csv, https://davidmegginson.github.io/ourairports-data/regions.csv",
        "fuente_tipo": "referencia_oficial+fuente_secundaria_complementaria",
        "fuente_oficial": "https://ais.anac.gob.ar/aip",
        "fuente_secundaria": "https://davidmegginson.github.io/ourairports-data/airports.csv",
        "nivel_fuente_oficial": "aip_oficial_localizado",
        "servicio_regular_fuente": "OurAirports scheduled_service=yes",
        "fecha_actualizacion_dato": "2026-08-04",
        "observaciones": "Inclusión basada en scheduled_service=yes y código IATA de OurAirports. La existencia, denominación y códigos deben contrastarse con la AIP vigente antes de uso operacional. Coordenadas, elevación y pista proceden de OurAirports; la pista principal es la mayor pista no cerrada registrada. Campos incompletos: entidad operadora no verificada en una fuente oficial abierta.",
        "roles_adicionales": []
      }
    },
    {
      "type": "Feature",
      "id": "SDE",
      "geometry": {
        "type": "Point",
        "coordinates": [
          -64.3099975586,
          -27.765556335399996
        ]
      },
      "properties": {
        "clave_union": "SDE",
        "nombre_oficial": "Vicecomodoro Angel D. La Paz Aragonés Airport",
        "codigo_iata": "SDE",
        "codigo_oaci": "SANE",
        "pais": "Argentina",
        "provincia_estado_departamento": "Santiago del Estero Province",
        "ciudad": "Santiago del Estero",
        "tipo": "internacional",
        "elevacion_m": 200,
        "longitud_pista_m": 2422,
        "entidad_operadora": null,
        "fuente": "ANAC Argentina - AIP República Argentina: https://ais.anac.gob.ar/aip | OurAirports: https://davidmegginson.github.io/ourairports-data/airports.csv, https://davidmegginson.github.io/ourairports-data/runways.csv, https://davidmegginson.github.io/ourairports-data/regions.csv",
        "fuente_tipo": "referencia_oficial+fuente_secundaria_complementaria",
        "fuente_oficial": "https://ais.anac.gob.ar/aip",
        "fuente_secundaria": "https://davidmegginson.github.io/ourairports-data/airports.csv",
        "nivel_fuente_oficial": "aip_oficial_localizado",
        "servicio_regular_fuente": "OurAirports scheduled_service=yes",
        "fecha_actualizacion_dato": "2026-08-04",
        "observaciones": "Inclusión basada en scheduled_service=yes y código IATA de OurAirports. La existencia, denominación y códigos deben contrastarse con la AIP vigente antes de uso operacional. Coordenadas, elevación y pista proceden de OurAirports; la pista principal es la mayor pista no cerrada registrada. Campos incompletos: entidad operadora no verificada en una fuente oficial abierta. Roles adicionales identificados de forma conservadora: función_internacional.",
        "roles_adicionales": [
          "función_internacional"
        ]
      }
    },
    {
      "type": "Feature",
      "id": "SFN",
      "geometry": {
        "type": "Point",
        "coordinates": [
          -60.8117,
          -31.7117
        ]
      },
      "properties": {
        "clave_union": "SFN",
        "nombre_oficial": "Sauce Viejo Airport",
        "codigo_iata": "SFN",
        "codigo_oaci": "SAAV",
        "pais": "Argentina",
        "provincia_estado_departamento": "Santa Fe Province",
        "ciudad": "Santa Fe",
        "tipo": "doméstico",
        "elevacion_m": 17,
        "longitud_pista_m": 2325,
        "entidad_operadora": null,
        "fuente": "ANAC Argentina - AIP República Argentina: https://ais.anac.gob.ar/aip | OurAirports: https://davidmegginson.github.io/ourairports-data/airports.csv, https://davidmegginson.github.io/ourairports-data/runways.csv, https://davidmegginson.github.io/ourairports-data/regions.csv",
        "fuente_tipo": "referencia_oficial+fuente_secundaria_complementaria",
        "fuente_oficial": "https://ais.anac.gob.ar/aip",
        "fuente_secundaria": "https://davidmegginson.github.io/ourairports-data/airports.csv",
        "nivel_fuente_oficial": "aip_oficial_localizado",
        "servicio_regular_fuente": "OurAirports scheduled_service=yes",
        "fecha_actualizacion_dato": "2026-08-04",
        "observaciones": "Inclusión basada en scheduled_service=yes y código IATA de OurAirports. La existencia, denominación y códigos deben contrastarse con la AIP vigente antes de uso operacional. Coordenadas, elevación y pista proceden de OurAirports; la pista principal es la mayor pista no cerrada registrada. Campos incompletos: entidad operadora no verificada en una fuente oficial abierta.",
        "roles_adicionales": []
      }
    },
    {
      "type": "Feature",
      "id": "SLA",
      "geometry": {
        "type": "Point",
        "coordinates": [
          -65.486198,
          -24.856001
        ]
      },
      "properties": {
        "clave_union": "SLA",
        "nombre_oficial": "Martín Miguel de Güemes International Airport",
        "codigo_iata": "SLA",
        "codigo_oaci": "SASA",
        "pais": "Argentina",
        "provincia_estado_departamento": "Salta Province",
        "ciudad": "Salta",
        "tipo": "internacional",
        "elevacion_m": 1246,
        "longitud_pista_m": 3000,
        "entidad_operadora": null,
        "fuente": "ANAC Argentina - AIP República Argentina: https://ais.anac.gob.ar/aip | OurAirports: https://davidmegginson.github.io/ourairports-data/airports.csv, https://davidmegginson.github.io/ourairports-data/runways.csv, https://davidmegginson.github.io/ourairports-data/regions.csv",
        "fuente_tipo": "referencia_oficial+fuente_secundaria_complementaria",
        "fuente_oficial": "https://ais.anac.gob.ar/aip",
        "fuente_secundaria": "https://davidmegginson.github.io/ourairports-data/airports.csv",
        "nivel_fuente_oficial": "aip_oficial_localizado",
        "servicio_regular_fuente": "OurAirports scheduled_service=yes",
        "fecha_actualizacion_dato": "2026-08-04",
        "observaciones": "Inclusión basada en scheduled_service=yes y código IATA de OurAirports. La existencia, denominación y códigos deben contrastarse con la AIP vigente antes de uso operacional. Coordenadas, elevación y pista proceden de OurAirports; la pista principal es la mayor pista no cerrada registrada. Campos incompletos: entidad operadora no verificada en una fuente oficial abierta. Roles adicionales identificados de forma conservadora: función_internacional.",
        "roles_adicionales": [
          "función_internacional"
        ]
      }
    },
    {
      "type": "Feature",
      "id": "SST",
      "geometry": {
        "type": "Point",
        "coordinates": [
          -56.7218,
          -36.5423
        ]
      },
      "properties": {
        "clave_union": "SST",
        "nombre_oficial": "Santa Teresita Airport",
        "codigo_iata": "SST",
        "codigo_oaci": "SAZL",
        "pais": "Argentina",
        "provincia_estado_departamento": "Buenos Aires Province",
        "ciudad": "Santa Teresita",
        "tipo": "doméstico",
        "elevacion_m": 3,
        "longitud_pista_m": 1500,
        "entidad_operadora": null,
        "fuente": "ANAC Argentina - AIP República Argentina: https://ais.anac.gob.ar/aip | OurAirports: https://davidmegginson.github.io/ourairports-data/airports.csv, https://davidmegginson.github.io/ourairports-data/runways.csv, https://davidmegginson.github.io/ourairports-data/regions.csv",
        "fuente_tipo": "referencia_oficial+fuente_secundaria_complementaria",
        "fuente_oficial": "https://ais.anac.gob.ar/aip",
        "fuente_secundaria": "https://davidmegginson.github.io/ourairports-data/airports.csv",
        "nivel_fuente_oficial": "aip_oficial_localizado",
        "servicio_regular_fuente": "OurAirports scheduled_service=yes",
        "fecha_actualizacion_dato": "2026-08-04",
        "observaciones": "Inclusión basada en scheduled_service=yes y código IATA de OurAirports. La existencia, denominación y códigos deben contrastarse con la AIP vigente antes de uso operacional. Coordenadas, elevación y pista proceden de OurAirports; la pista principal es la mayor pista no cerrada registrada. Campos incompletos: entidad operadora no verificada en una fuente oficial abierta.",
        "roles_adicionales": []
      }
    },
    {
      "type": "Feature",
      "id": "TUC",
      "geometry": {
        "type": "Point",
        "coordinates": [
          -65.104195,
          -26.837397
        ]
      },
      "properties": {
        "clave_union": "TUC",
        "nombre_oficial": "Teniente Benjamín Matienzo International Airport",
        "codigo_iata": "TUC",
        "codigo_oaci": "SANT",
        "pais": "Argentina",
        "provincia_estado_departamento": "Tucumán Province",
        "ciudad": "San Miguel de Tucumán",
        "tipo": "internacional",
        "elevacion_m": 455,
        "longitud_pista_m": 3500,
        "entidad_operadora": null,
        "fuente": "ANAC Argentina - AIP República Argentina: https://ais.anac.gob.ar/aip | OurAirports: https://davidmegginson.github.io/ourairports-data/airports.csv, https://davidmegginson.github.io/ourairports-data/runways.csv, https://davidmegginson.github.io/ourairports-data/regions.csv",
        "fuente_tipo": "referencia_oficial+fuente_secundaria_complementaria",
        "fuente_oficial": "https://ais.anac.gob.ar/aip",
        "fuente_secundaria": "https://davidmegginson.github.io/ourairports-data/airports.csv",
        "nivel_fuente_oficial": "aip_oficial_localizado",
        "servicio_regular_fuente": "OurAirports scheduled_service=yes",
        "fecha_actualizacion_dato": "2026-08-04",
        "observaciones": "Inclusión basada en scheduled_service=yes y código IATA de OurAirports. La existencia, denominación y códigos deben contrastarse con la AIP vigente antes de uso operacional. Coordenadas, elevación y pista proceden de OurAirports; la pista principal es la mayor pista no cerrada registrada. Campos incompletos: entidad operadora no verificada en una fuente oficial abierta. Roles adicionales identificados de forma conservadora: función_internacional.",
        "roles_adicionales": [
          "función_internacional"
        ]
      }
    },
    {
      "type": "Feature",
      "id": "UAQ",
      "geometry": {
        "type": "Point",
        "coordinates": [
          -68.418198,
          -31.571501
        ]
      },
      "properties": {
        "clave_union": "UAQ",
        "nombre_oficial": "Domingo Faustino Sarmiento Airport",
        "codigo_iata": "UAQ",
        "codigo_oaci": "SANU",
        "pais": "Argentina",
        "provincia_estado_departamento": "San Juan Province",
        "ciudad": "San Juan",
        "tipo": "internacional",
        "elevacion_m": 597,
        "longitud_pista_m": 2460,
        "entidad_operadora": null,
        "fuente": "ANAC Argentina - AIP República Argentina: https://ais.anac.gob.ar/aip | OurAirports: https://davidmegginson.github.io/ourairports-data/airports.csv, https://davidmegginson.github.io/ourairports-data/runways.csv, https://davidmegginson.github.io/ourairports-data/regions.csv",
        "fuente_tipo": "referencia_oficial+fuente_secundaria_complementaria",
        "fuente_oficial": "https://ais.anac.gob.ar/aip",
        "fuente_secundaria": "https://davidmegginson.github.io/ourairports-data/airports.csv",
        "nivel_fuente_oficial": "aip_oficial_localizado",
        "servicio_regular_fuente": "OurAirports scheduled_service=yes",
        "fecha_actualizacion_dato": "2026-08-04",
        "observaciones": "Inclusión basada en scheduled_service=yes y código IATA de OurAirports. La existencia, denominación y códigos deben contrastarse con la AIP vigente antes de uso operacional. Coordenadas, elevación y pista proceden de OurAirports; la pista principal es la mayor pista no cerrada registrada. Campos incompletos: entidad operadora no verificada en una fuente oficial abierta. Roles adicionales identificados de forma conservadora: función_internacional.",
        "roles_adicionales": [
          "función_internacional"
        ]
      }
    },
    {
      "type": "Feature",
      "id": "USH",
      "geometry": {
        "type": "Point",
        "coordinates": [
          -68.2958,
          -54.8433
        ]
      },
      "properties": {
        "clave_union": "USH",
        "nombre_oficial": "Ushuaia - Malvinas Argentinas International Airport",
        "codigo_iata": "USH",
        "codigo_oaci": "SAWH",
        "pais": "Argentina",
        "provincia_estado_departamento": "Tierra del Fuego Province",
        "ciudad": "Ushuaia",
        "tipo": "internacional",
        "elevacion_m": 31,
        "longitud_pista_m": 2800,
        "entidad_operadora": null,
        "fuente": "ANAC Argentina - AIP República Argentina: https://ais.anac.gob.ar/aip | OurAirports: https://davidmegginson.github.io/ourairports-data/airports.csv, https://davidmegginson.github.io/ourairports-data/runways.csv, https://davidmegginson.github.io/ourairports-data/regions.csv",
        "fuente_tipo": "referencia_oficial+fuente_secundaria_complementaria",
        "fuente_oficial": "https://ais.anac.gob.ar/aip",
        "fuente_secundaria": "https://davidmegginson.github.io/ourairports-data/airports.csv",
        "nivel_fuente_oficial": "aip_oficial_localizado",
        "servicio_regular_fuente": "OurAirports scheduled_service=yes",
        "fecha_actualizacion_dato": "2026-08-04",
        "observaciones": "Inclusión basada en scheduled_service=yes y código IATA de OurAirports. La existencia, denominación y códigos deben contrastarse con la AIP vigente antes de uso operacional. Coordenadas, elevación y pista proceden de OurAirports; la pista principal es la mayor pista no cerrada registrada. Campos incompletos: entidad operadora no verificada en una fuente oficial abierta. Roles adicionales identificados de forma conservadora: función_internacional.",
        "roles_adicionales": [
          "función_internacional"
        ]
      }
    },
    {
      "type": "Feature",
      "id": "VDM",
      "geometry": {
        "type": "Point",
        "coordinates": [
          -63.0004,
          -40.8692
        ]
      },
      "properties": {
        "clave_union": "VDM",
        "nombre_oficial": "Gobernador Castello Airport",
        "codigo_iata": "VDM",
        "codigo_oaci": "SAVV",
        "pais": "Argentina",
        "provincia_estado_departamento": "Río Negro Province",
        "ciudad": "Viedma / Carmen de Patagones",
        "tipo": "doméstico",
        "elevacion_m": 6,
        "longitud_pista_m": 2550,
        "entidad_operadora": null,
        "fuente": "ANAC Argentina - AIP República Argentina: https://ais.anac.gob.ar/aip | OurAirports: https://davidmegginson.github.io/ourairports-data/airports.csv, https://davidmegginson.github.io/ourairports-data/runways.csv, https://davidmegginson.github.io/ourairports-data/regions.csv",
        "fuente_tipo": "referencia_oficial+fuente_secundaria_complementaria",
        "fuente_oficial": "https://ais.anac.gob.ar/aip",
        "fuente_secundaria": "https://davidmegginson.github.io/ourairports-data/airports.csv",
        "nivel_fuente_oficial": "aip_oficial_localizado",
        "servicio_regular_fuente": "OurAirports scheduled_service=yes",
        "fecha_actualizacion_dato": "2026-08-04",
        "observaciones": "Inclusión basada en scheduled_service=yes y código IATA de OurAirports. La existencia, denominación y códigos deben contrastarse con la AIP vigente antes de uso operacional. Coordenadas, elevación y pista proceden de OurAirports; la pista principal es la mayor pista no cerrada registrada. Campos incompletos: entidad operadora no verificada en una fuente oficial abierta.",
        "roles_adicionales": []
      }
    },
    {
      "type": "Feature",
      "id": "CBB",
      "geometry": {
        "type": "Point",
        "coordinates": [
          -66.177102,
          -17.421105
        ]
      },
      "properties": {
        "clave_union": "CBB",
        "nombre_oficial": "Jorge Wilsterman International Airport",
        "codigo_iata": "CBB",
        "codigo_oaci": "SLCB",
        "pais": "Bolivia",
        "provincia_estado_departamento": "Cochabamba Department",
        "ciudad": "Cochabamba",
        "tipo": "internacional",
        "elevacion_m": 2548,
        "longitud_pista_m": 3798,
        "entidad_operadora": null,
        "fuente": "NAABOL - Catálogo de datos aeronáuticos AIS: https://naabol.gob.bo/catalogo-de-datos-aeronauticos-ais/ | OurAirports: https://davidmegginson.github.io/ourairports-data/airports.csv, https://davidmegginson.github.io/ourairports-data/runways.csv, https://davidmegginson.github.io/ourairports-data/regions.csv",
        "fuente_tipo": "referencia_oficial+fuente_secundaria_complementaria",
        "fuente_oficial": "https://naabol.gob.bo/catalogo-de-datos-aeronauticos-ais/",
        "fuente_secundaria": "https://davidmegginson.github.io/ourairports-data/airports.csv",
        "nivel_fuente_oficial": "aip_oficial_localizado",
        "servicio_regular_fuente": "OurAirports scheduled_service=yes",
        "fecha_actualizacion_dato": "2026-08-04",
        "observaciones": "Inclusión basada en scheduled_service=yes y código IATA de OurAirports. La existencia, denominación y códigos deben contrastarse con la AIP vigente antes de uso operacional. Coordenadas, elevación y pista proceden de OurAirports; la pista principal es la mayor pista no cerrada registrada. Campos incompletos: entidad operadora no verificada en una fuente oficial abierta. Roles adicionales identificados de forma conservadora: función_internacional.",
        "roles_adicionales": [
          "función_internacional"
        ]
      }
    },
    {
      "type": "Feature",
      "id": "CCA",
      "geometry": {
        "type": "Point",
        "coordinates": [
          -65.145568,
          -16.976834
        ]
      },
      "properties": {
        "clave_union": "CCA",
        "nombre_oficial": "Chimore Airport",
        "codigo_iata": "CCA",
        "codigo_oaci": "SLHI",
        "pais": "Bolivia",
        "provincia_estado_departamento": "Cochabamba Department",
        "ciudad": "Chimore",
        "tipo": "militar-mixto",
        "elevacion_m": 267,
        "longitud_pista_m": 1463,
        "entidad_operadora": null,
        "fuente": "NAABOL - Catálogo de datos aeronáuticos AIS: https://naabol.gob.bo/catalogo-de-datos-aeronauticos-ais/ | OurAirports: https://davidmegginson.github.io/ourairports-data/airports.csv, https://davidmegginson.github.io/ourairports-data/runways.csv, https://davidmegginson.github.io/ourairports-data/regions.csv",
        "fuente_tipo": "referencia_oficial+fuente_secundaria_complementaria",
        "fuente_oficial": "https://naabol.gob.bo/catalogo-de-datos-aeronauticos-ais/",
        "fuente_secundaria": "https://davidmegginson.github.io/ourairports-data/airports.csv",
        "nivel_fuente_oficial": "aip_oficial_localizado",
        "servicio_regular_fuente": "OurAirports scheduled_service=yes",
        "fecha_actualizacion_dato": "2026-08-04",
        "observaciones": "Inclusión basada en scheduled_service=yes y código IATA de OurAirports. La existencia, denominación y códigos deben contrastarse con la AIP vigente antes de uso operacional. Coordenadas, elevación y pista proceden de OurAirports; la pista principal es la mayor pista no cerrada registrada. Campos incompletos: entidad operadora no verificada en una fuente oficial abierta. Roles adicionales identificados de forma conservadora: uso_militar_compartido.",
        "roles_adicionales": [
          "uso_militar_compartido"
        ]
      }
    },
    {
      "type": "Feature",
      "id": "CIJ",
      "geometry": {
        "type": "Point",
        "coordinates": [
          -68.782774,
          -11.039109
        ]
      },
      "properties": {
        "clave_union": "CIJ",
        "nombre_oficial": "Capitán Aníbal Arab Airport",
        "codigo_iata": "CIJ",
        "codigo_oaci": "SLCO",
        "pais": "Bolivia",
        "provincia_estado_departamento": "Pando Department",
        "ciudad": "Cobija",
        "tipo": "internacional",
        "elevacion_m": 271,
        "longitud_pista_m": 2000,
        "entidad_operadora": null,
        "fuente": "NAABOL - Catálogo de datos aeronáuticos AIS: https://naabol.gob.bo/catalogo-de-datos-aeronauticos-ais/ | OurAirports: https://davidmegginson.github.io/ourairports-data/airports.csv, https://davidmegginson.github.io/ourairports-data/runways.csv, https://davidmegginson.github.io/ourairports-data/regions.csv",
        "fuente_tipo": "referencia_oficial+fuente_secundaria_complementaria",
        "fuente_oficial": "https://naabol.gob.bo/catalogo-de-datos-aeronauticos-ais/",
        "fuente_secundaria": "https://davidmegginson.github.io/ourairports-data/airports.csv",
        "nivel_fuente_oficial": "aip_oficial_localizado",
        "servicio_regular_fuente": "OurAirports scheduled_service=yes",
        "fecha_actualizacion_dato": "2026-08-04",
        "observaciones": "Inclusión basada en scheduled_service=yes y código IATA de OurAirports. La existencia, denominación y códigos deben contrastarse con la AIP vigente antes de uso operacional. Coordenadas, elevación y pista proceden de OurAirports; la pista principal es la mayor pista no cerrada registrada. Campos incompletos: entidad operadora no verificada en una fuente oficial abierta. Roles adicionales identificados de forma conservadora: función_internacional.",
        "roles_adicionales": [
          "función_internacional"
        ]
      }
    },
    {
      "type": "Feature",
      "id": "GYA",
      "geometry": {
        "type": "Point",
        "coordinates": [
          -65.380955,
          -10.88856
        ]
      },
      "properties": {
        "clave_union": "GYA",
        "nombre_oficial": "Guayaramerín Airport",
        "codigo_iata": "GYA",
        "codigo_oaci": "SLGM",
        "pais": "Bolivia",
        "provincia_estado_departamento": "El Beni Department",
        "ciudad": "Guayaramerín",
        "tipo": "doméstico",
        "elevacion_m": 139,
        "longitud_pista_m": 1758,
        "entidad_operadora": null,
        "fuente": "NAABOL - Catálogo de datos aeronáuticos AIS: https://naabol.gob.bo/catalogo-de-datos-aeronauticos-ais/ | OurAirports: https://davidmegginson.github.io/ourairports-data/airports.csv, https://davidmegginson.github.io/ourairports-data/runways.csv, https://davidmegginson.github.io/ourairports-data/regions.csv",
        "fuente_tipo": "referencia_oficial+fuente_secundaria_complementaria",
        "fuente_oficial": "https://naabol.gob.bo/catalogo-de-datos-aeronauticos-ais/",
        "fuente_secundaria": "https://davidmegginson.github.io/ourairports-data/airports.csv",
        "nivel_fuente_oficial": "aip_oficial_localizado",
        "servicio_regular_fuente": "OurAirports scheduled_service=yes",
        "fecha_actualizacion_dato": "2026-08-04",
        "observaciones": "Inclusión basada en scheduled_service=yes y código IATA de OurAirports. La existencia, denominación y códigos deben contrastarse con la AIP vigente antes de uso operacional. Coordenadas, elevación y pista proceden de OurAirports; la pista principal es la mayor pista no cerrada registrada. Campos incompletos: entidad operadora no verificada en una fuente oficial abierta.",
        "roles_adicionales": []
      }
    },
    {
      "type": "Feature",
      "id": "LPB",
      "geometry": {
        "type": "Point",
        "coordinates": [
          -68.189416,
          -16.510272
        ]
      },
      "properties": {
        "clave_union": "LPB",
        "nombre_oficial": "El Alto International Airport",
        "codigo_iata": "LPB",
        "codigo_oaci": "SLLP",
        "pais": "Bolivia",
        "provincia_estado_departamento": "La Paz Department",
        "ciudad": "La Paz / El Alto",
        "tipo": "internacional",
        "elevacion_m": 4071,
        "longitud_pista_m": 4000,
        "entidad_operadora": null,
        "fuente": "NAABOL - Catálogo de datos aeronáuticos AIS: https://naabol.gob.bo/catalogo-de-datos-aeronauticos-ais/ | OurAirports: https://davidmegginson.github.io/ourairports-data/airports.csv, https://davidmegginson.github.io/ourairports-data/runways.csv, https://davidmegginson.github.io/ourairports-data/regions.csv",
        "fuente_tipo": "referencia_oficial+fuente_secundaria_complementaria",
        "fuente_oficial": "https://naabol.gob.bo/catalogo-de-datos-aeronauticos-ais/",
        "fuente_secundaria": "https://davidmegginson.github.io/ourairports-data/airports.csv",
        "nivel_fuente_oficial": "aip_oficial_localizado",
        "servicio_regular_fuente": "OurAirports scheduled_service=yes",
        "fecha_actualizacion_dato": "2026-08-04",
        "observaciones": "Inclusión basada en scheduled_service=yes y código IATA de OurAirports. La existencia, denominación y códigos deben contrastarse con la AIP vigente antes de uso operacional. Coordenadas, elevación y pista proceden de OurAirports; la pista principal es la mayor pista no cerrada registrada. Campos incompletos: entidad operadora no verificada en una fuente oficial abierta. Roles adicionales identificados de forma conservadora: función_internacional.",
        "roles_adicionales": [
          "función_internacional"
        ]
      }
    },
    {
      "type": "Feature",
      "id": "ORU",
      "geometry": {
        "type": "Point",
        "coordinates": [
          -67.075829,
          -17.956151
        ]
      },
      "properties": {
        "clave_union": "ORU",
        "nombre_oficial": "Juan Mendoza International Airport",
        "codigo_iata": "ORU",
        "codigo_oaci": "SLOR",
        "pais": "Bolivia",
        "provincia_estado_departamento": "Oruro Department",
        "ciudad": "Oruro",
        "tipo": "internacional",
        "elevacion_m": 3704,
        "longitud_pista_m": 2461,
        "entidad_operadora": null,
        "fuente": "NAABOL - Catálogo de datos aeronáuticos AIS: https://naabol.gob.bo/catalogo-de-datos-aeronauticos-ais/ | OurAirports: https://davidmegginson.github.io/ourairports-data/airports.csv, https://davidmegginson.github.io/ourairports-data/runways.csv, https://davidmegginson.github.io/ourairports-data/regions.csv",
        "fuente_tipo": "referencia_oficial+fuente_secundaria_complementaria",
        "fuente_oficial": "https://naabol.gob.bo/catalogo-de-datos-aeronauticos-ais/",
        "fuente_secundaria": "https://davidmegginson.github.io/ourairports-data/airports.csv",
        "nivel_fuente_oficial": "aip_oficial_localizado",
        "servicio_regular_fuente": "OurAirports scheduled_service=yes",
        "fecha_actualizacion_dato": "2026-08-04",
        "observaciones": "Inclusión basada en scheduled_service=yes y código IATA de OurAirports. La existencia, denominación y códigos deben contrastarse con la AIP vigente antes de uso operacional. Coordenadas, elevación y pista proceden de OurAirports; la pista principal es la mayor pista no cerrada registrada. Campos incompletos: entidad operadora no verificada en una fuente oficial abierta. Roles adicionales identificados de forma conservadora: función_internacional.",
        "roles_adicionales": [
          "función_internacional"
        ]
      }
    },
    {
      "type": "Feature",
      "id": "PSZ",
      "geometry": {
        "type": "Point",
        "coordinates": [
          -57.820599,
          -18.975301
        ]
      },
      "properties": {
        "clave_union": "PSZ",
        "nombre_oficial": "Capitán Av. Salvador Ogaya G. airport",
        "codigo_iata": "PSZ",
        "codigo_oaci": "SLPS",
        "pais": "Bolivia",
        "provincia_estado_departamento": "Santa Cruz Department",
        "ciudad": "Puerto Suárez",
        "tipo": "doméstico",
        "elevacion_m": 134,
        "longitud_pista_m": 2000,
        "entidad_operadora": null,
        "fuente": "NAABOL - Catálogo de datos aeronáuticos AIS: https://naabol.gob.bo/catalogo-de-datos-aeronauticos-ais/ | OurAirports: https://davidmegginson.github.io/ourairports-data/airports.csv, https://davidmegginson.github.io/ourairports-data/runways.csv, https://davidmegginson.github.io/ourairports-data/regions.csv",
        "fuente_tipo": "referencia_oficial+fuente_secundaria_complementaria",
        "fuente_oficial": "https://naabol.gob.bo/catalogo-de-datos-aeronauticos-ais/",
        "fuente_secundaria": "https://davidmegginson.github.io/ourairports-data/airports.csv",
        "nivel_fuente_oficial": "aip_oficial_localizado",
        "servicio_regular_fuente": "OurAirports scheduled_service=yes",
        "fecha_actualizacion_dato": "2026-08-04",
        "observaciones": "Inclusión basada en scheduled_service=yes y código IATA de OurAirports. La existencia, denominación y códigos deben contrastarse con la AIP vigente antes de uso operacional. Coordenadas, elevación y pista proceden de OurAirports; la pista principal es la mayor pista no cerrada registrada. Campos incompletos: entidad operadora no verificada en una fuente oficial abierta.",
        "roles_adicionales": []
      }
    },
    {
      "type": "Feature",
      "id": "PUR",
      "geometry": {
        "type": "Point",
        "coordinates": [
          -67.551155,
          -11.107663
        ]
      },
      "properties": {
        "clave_union": "PUR",
        "nombre_oficial": "Puerto Rico Airport",
        "codigo_iata": "PUR",
        "codigo_oaci": "SLPR",
        "pais": "Bolivia",
        "provincia_estado_departamento": "Pando Department",
        "ciudad": "Puerto Rico/Manuripi",
        "tipo": "doméstico",
        "elevacion_m": 182,
        "longitud_pista_m": null,
        "entidad_operadora": null,
        "fuente": "NAABOL - Catálogo de datos aeronáuticos AIS: https://naabol.gob.bo/catalogo-de-datos-aeronauticos-ais/ | OurAirports: https://davidmegginson.github.io/ourairports-data/airports.csv, https://davidmegginson.github.io/ourairports-data/runways.csv, https://davidmegginson.github.io/ourairports-data/regions.csv",
        "fuente_tipo": "referencia_oficial+fuente_secundaria_complementaria",
        "fuente_oficial": "https://naabol.gob.bo/catalogo-de-datos-aeronauticos-ais/",
        "fuente_secundaria": "https://davidmegginson.github.io/ourairports-data/airports.csv",
        "nivel_fuente_oficial": "aip_oficial_localizado",
        "servicio_regular_fuente": "OurAirports scheduled_service=yes",
        "fecha_actualizacion_dato": "2026-08-04",
        "observaciones": "Inclusión basada en scheduled_service=yes y código IATA de OurAirports. La existencia, denominación y códigos deben contrastarse con la AIP vigente antes de uso operacional. Coordenadas, elevación y pista proceden de OurAirports; la pista principal es la mayor pista no cerrada registrada. Campos incompletos: longitud de pista principal no disponible; entidad operadora no verificada en una fuente oficial abierta.",
        "roles_adicionales": []
      }
    },
    {
      "type": "Feature",
      "id": "RBQ",
      "geometry": {
        "type": "Point",
        "coordinates": [
          -67.496803,
          -14.4279
        ]
      },
      "properties": {
        "clave_union": "RBQ",
        "nombre_oficial": "Rurrenabaque Airport",
        "codigo_iata": "RBQ",
        "codigo_oaci": "SLRQ",
        "pais": "Bolivia",
        "provincia_estado_departamento": "El Beni Department",
        "ciudad": "Rurrenabaque",
        "tipo": "doméstico",
        "elevacion_m": 206,
        "longitud_pista_m": 1500,
        "entidad_operadora": null,
        "fuente": "NAABOL - Catálogo de datos aeronáuticos AIS: https://naabol.gob.bo/catalogo-de-datos-aeronauticos-ais/ | OurAirports: https://davidmegginson.github.io/ourairports-data/airports.csv, https://davidmegginson.github.io/ourairports-data/runways.csv, https://davidmegginson.github.io/ourairports-data/regions.csv",
        "fuente_tipo": "referencia_oficial+fuente_secundaria_complementaria",
        "fuente_oficial": "https://naabol.gob.bo/catalogo-de-datos-aeronauticos-ais/",
        "fuente_secundaria": "https://davidmegginson.github.io/ourairports-data/airports.csv",
        "nivel_fuente_oficial": "aip_oficial_localizado",
        "servicio_regular_fuente": "OurAirports scheduled_service=yes",
        "fecha_actualizacion_dato": "2026-08-04",
        "observaciones": "Inclusión basada en scheduled_service=yes y código IATA de OurAirports. La existencia, denominación y códigos deben contrastarse con la AIP vigente antes de uso operacional. Coordenadas, elevación y pista proceden de OurAirports; la pista principal es la mayor pista no cerrada registrada. Campos incompletos: entidad operadora no verificada en una fuente oficial abierta.",
        "roles_adicionales": []
      }
    },
    {
      "type": "Feature",
      "id": "RIB",
      "geometry": {
        "type": "Point",
        "coordinates": [
          -66.075468,
          -11.009355
        ]
      },
      "properties": {
        "clave_union": "RIB",
        "nombre_oficial": "Capitán Av. Selin Zeitun Lopez Airport",
        "codigo_iata": "RIB",
        "codigo_oaci": "SLRI",
        "pais": "Bolivia",
        "provincia_estado_departamento": "El Beni Department",
        "ciudad": "Riberalta",
        "tipo": "doméstico",
        "elevacion_m": 141,
        "longitud_pista_m": 1800,
        "entidad_operadora": null,
        "fuente": "NAABOL - Catálogo de datos aeronáuticos AIS: https://naabol.gob.bo/catalogo-de-datos-aeronauticos-ais/ | OurAirports: https://davidmegginson.github.io/ourairports-data/airports.csv, https://davidmegginson.github.io/ourairports-data/runways.csv, https://davidmegginson.github.io/ourairports-data/regions.csv",
        "fuente_tipo": "referencia_oficial+fuente_secundaria_complementaria",
        "fuente_oficial": "https://naabol.gob.bo/catalogo-de-datos-aeronauticos-ais/",
        "fuente_secundaria": "https://davidmegginson.github.io/ourairports-data/airports.csv",
        "nivel_fuente_oficial": "aip_oficial_localizado",
        "servicio_regular_fuente": "OurAirports scheduled_service=yes",
        "fecha_actualizacion_dato": "2026-08-04",
        "observaciones": "Inclusión basada en scheduled_service=yes y código IATA de OurAirports. La existencia, denominación y códigos deben contrastarse con la AIP vigente antes de uso operacional. Coordenadas, elevación y pista proceden de OurAirports; la pista principal es la mayor pista no cerrada registrada. Campos incompletos: entidad operadora no verificada en una fuente oficial abierta.",
        "roles_adicionales": []
      }
    },
    {
      "type": "Feature",
      "id": "SRE",
      "geometry": {
        "type": "Point",
        "coordinates": [
          -65.149611,
          -19.246835
        ]
      },
      "properties": {
        "clave_union": "SRE",
        "nombre_oficial": "Alcantarí International Airport",
        "codigo_iata": "SRE",
        "codigo_oaci": "SLAL",
        "pais": "Bolivia",
        "provincia_estado_departamento": "Chuquisaca Department",
        "ciudad": "Sucre",
        "tipo": "internacional",
        "elevacion_m": 3104,
        "longitud_pista_m": 3600,
        "entidad_operadora": null,
        "fuente": "NAABOL - Catálogo de datos aeronáuticos AIS: https://naabol.gob.bo/catalogo-de-datos-aeronauticos-ais/ | OurAirports: https://davidmegginson.github.io/ourairports-data/airports.csv, https://davidmegginson.github.io/ourairports-data/runways.csv, https://davidmegginson.github.io/ourairports-data/regions.csv",
        "fuente_tipo": "referencia_oficial+fuente_secundaria_complementaria",
        "fuente_oficial": "https://naabol.gob.bo/catalogo-de-datos-aeronauticos-ais/",
        "fuente_secundaria": "https://davidmegginson.github.io/ourairports-data/airports.csv",
        "nivel_fuente_oficial": "aip_oficial_localizado",
        "servicio_regular_fuente": "OurAirports scheduled_service=yes",
        "fecha_actualizacion_dato": "2026-08-04",
        "observaciones": "Inclusión basada en scheduled_service=yes y código IATA de OurAirports. La existencia, denominación y códigos deben contrastarse con la AIP vigente antes de uso operacional. Coordenadas, elevación y pista proceden de OurAirports; la pista principal es la mayor pista no cerrada registrada. Campos incompletos: entidad operadora no verificada en una fuente oficial abierta. Roles adicionales identificados de forma conservadora: función_internacional.",
        "roles_adicionales": [
          "función_internacional"
        ]
      }
    },
    {
      "type": "Feature",
      "id": "SRZ",
      "geometry": {
        "type": "Point",
        "coordinates": [
          -63.1715011597,
          -17.8115997314
        ]
      },
      "properties": {
        "clave_union": "SRZ",
        "nombre_oficial": "El Trompillo Airport",
        "codigo_iata": "SRZ",
        "codigo_oaci": "SLET",
        "pais": "Bolivia",
        "provincia_estado_departamento": "Santa Cruz Department",
        "ciudad": "Santa Cruz",
        "tipo": "doméstico",
        "elevacion_m": 418,
        "longitud_pista_m": 2773,
        "entidad_operadora": null,
        "fuente": "NAABOL - Catálogo de datos aeronáuticos AIS: https://naabol.gob.bo/catalogo-de-datos-aeronauticos-ais/ | OurAirports: https://davidmegginson.github.io/ourairports-data/airports.csv, https://davidmegginson.github.io/ourairports-data/runways.csv, https://davidmegginson.github.io/ourairports-data/regions.csv",
        "fuente_tipo": "referencia_oficial+fuente_secundaria_complementaria",
        "fuente_oficial": "https://naabol.gob.bo/catalogo-de-datos-aeronauticos-ais/",
        "fuente_secundaria": "https://davidmegginson.github.io/ourairports-data/airports.csv",
        "nivel_fuente_oficial": "aip_oficial_localizado",
        "servicio_regular_fuente": "OurAirports scheduled_service=yes",
        "fecha_actualizacion_dato": "2026-08-04",
        "observaciones": "Inclusión basada en scheduled_service=yes y código IATA de OurAirports. La existencia, denominación y códigos deben contrastarse con la AIP vigente antes de uso operacional. Coordenadas, elevación y pista proceden de OurAirports; la pista principal es la mayor pista no cerrada registrada. Campos incompletos: entidad operadora no verificada en una fuente oficial abierta.",
        "roles_adicionales": []
      }
    },
    {
      "type": "Feature",
      "id": "TDD",
      "geometry": {
        "type": "Point",
        "coordinates": [
          -64.917999,
          -14.8187
        ]
      },
      "properties": {
        "clave_union": "TDD",
        "nombre_oficial": "Teniente Av. Jorge Henrich Arauz Airport",
        "codigo_iata": "TDD",
        "codigo_oaci": "SLTR",
        "pais": "Bolivia",
        "provincia_estado_departamento": "El Beni Department",
        "ciudad": "Trinidad",
        "tipo": "internacional",
        "elevacion_m": 155,
        "longitud_pista_m": 2400,
        "entidad_operadora": null,
        "fuente": "NAABOL - Catálogo de datos aeronáuticos AIS: https://naabol.gob.bo/catalogo-de-datos-aeronauticos-ais/ | OurAirports: https://davidmegginson.github.io/ourairports-data/airports.csv, https://davidmegginson.github.io/ourairports-data/runways.csv, https://davidmegginson.github.io/ourairports-data/regions.csv",
        "fuente_tipo": "referencia_oficial+fuente_secundaria_complementaria",
        "fuente_oficial": "https://naabol.gob.bo/catalogo-de-datos-aeronauticos-ais/",
        "fuente_secundaria": "https://davidmegginson.github.io/ourairports-data/airports.csv",
        "nivel_fuente_oficial": "aip_oficial_localizado",
        "servicio_regular_fuente": "OurAirports scheduled_service=yes",
        "fecha_actualizacion_dato": "2026-08-04",
        "observaciones": "Inclusión basada en scheduled_service=yes y código IATA de OurAirports. La existencia, denominación y códigos deben contrastarse con la AIP vigente antes de uso operacional. Coordenadas, elevación y pista proceden de OurAirports; la pista principal es la mayor pista no cerrada registrada. Campos incompletos: entidad operadora no verificada en una fuente oficial abierta. Roles adicionales identificados de forma conservadora: función_internacional.",
        "roles_adicionales": [
          "función_internacional"
        ]
      }
    },
    {
      "type": "Feature",
      "id": "TJA",
      "geometry": {
        "type": "Point",
        "coordinates": [
          -64.701302,
          -21.5557
        ]
      },
      "properties": {
        "clave_union": "TJA",
        "nombre_oficial": "Capitan Oriel Lea Plaza Airport",
        "codigo_iata": "TJA",
        "codigo_oaci": "SLTJ",
        "pais": "Bolivia",
        "provincia_estado_departamento": "Tarija Department",
        "ciudad": "Tarija",
        "tipo": "internacional",
        "elevacion_m": 1853,
        "longitud_pista_m": 3050,
        "entidad_operadora": null,
        "fuente": "NAABOL - Catálogo de datos aeronáuticos AIS: https://naabol.gob.bo/catalogo-de-datos-aeronauticos-ais/ | OurAirports: https://davidmegginson.github.io/ourairports-data/airports.csv, https://davidmegginson.github.io/ourairports-data/runways.csv, https://davidmegginson.github.io/ourairports-data/regions.csv",
        "fuente_tipo": "referencia_oficial+fuente_secundaria_complementaria",
        "fuente_oficial": "https://naabol.gob.bo/catalogo-de-datos-aeronauticos-ais/",
        "fuente_secundaria": "https://davidmegginson.github.io/ourairports-data/airports.csv",
        "nivel_fuente_oficial": "aip_oficial_localizado",
        "servicio_regular_fuente": "OurAirports scheduled_service=yes",
        "fecha_actualizacion_dato": "2026-08-04",
        "observaciones": "Inclusión basada en scheduled_service=yes y código IATA de OurAirports. La existencia, denominación y códigos deben contrastarse con la AIP vigente antes de uso operacional. Coordenadas, elevación y pista proceden de OurAirports; la pista principal es la mayor pista no cerrada registrada. Campos incompletos: entidad operadora no verificada en una fuente oficial abierta. Roles adicionales identificados de forma conservadora: función_internacional.",
        "roles_adicionales": [
          "función_internacional"
        ]
      }
    },
    {
      "type": "Feature",
      "id": "UYU",
      "geometry": {
        "type": "Point",
        "coordinates": [
          -66.857553,
          -20.441304
        ]
      },
      "properties": {
        "clave_union": "UYU",
        "nombre_oficial": "Joya Andina International Airport",
        "codigo_iata": "UYU",
        "codigo_oaci": "SLUY",
        "pais": "Bolivia",
        "provincia_estado_departamento": "Potosí Department",
        "ciudad": "Quijarro",
        "tipo": "internacional",
        "elevacion_m": 3394,
        "longitud_pista_m": 4000,
        "entidad_operadora": null,
        "fuente": "NAABOL - Catálogo de datos aeronáuticos AIS: https://naabol.gob.bo/catalogo-de-datos-aeronauticos-ais/ | OurAirports: https://davidmegginson.github.io/ourairports-data/airports.csv, https://davidmegginson.github.io/ourairports-data/runways.csv, https://davidmegginson.github.io/ourairports-data/regions.csv",
        "fuente_tipo": "referencia_oficial+fuente_secundaria_complementaria",
        "fuente_oficial": "https://naabol.gob.bo/catalogo-de-datos-aeronauticos-ais/",
        "fuente_secundaria": "https://davidmegginson.github.io/ourairports-data/airports.csv",
        "nivel_fuente_oficial": "aip_oficial_localizado",
        "servicio_regular_fuente": "OurAirports scheduled_service=yes",
        "fecha_actualizacion_dato": "2026-08-04",
        "observaciones": "Inclusión basada en scheduled_service=yes y código IATA de OurAirports. La existencia, denominación y códigos deben contrastarse con la AIP vigente antes de uso operacional. Coordenadas, elevación y pista proceden de OurAirports; la pista principal es la mayor pista no cerrada registrada. Campos incompletos: entidad operadora no verificada en una fuente oficial abierta. Roles adicionales identificados de forma conservadora: función_internacional.",
        "roles_adicionales": [
          "función_internacional"
        ]
      }
    },
    {
      "type": "Feature",
      "id": "VVI",
      "geometry": {
        "type": "Point",
        "coordinates": [
          -63.135399,
          -17.6448
        ]
      },
      "properties": {
        "clave_union": "VVI",
        "nombre_oficial": "Viru Viru International Airport",
        "codigo_iata": "VVI",
        "codigo_oaci": "SLVR",
        "pais": "Bolivia",
        "provincia_estado_departamento": "Santa Cruz Department",
        "ciudad": "Santa Cruz",
        "tipo": "internacional",
        "elevacion_m": 373,
        "longitud_pista_m": 3500,
        "entidad_operadora": null,
        "fuente": "NAABOL - Catálogo de datos aeronáuticos AIS: https://naabol.gob.bo/catalogo-de-datos-aeronauticos-ais/ | OurAirports: https://davidmegginson.github.io/ourairports-data/airports.csv, https://davidmegginson.github.io/ourairports-data/runways.csv, https://davidmegginson.github.io/ourairports-data/regions.csv",
        "fuente_tipo": "referencia_oficial+fuente_secundaria_complementaria",
        "fuente_oficial": "https://naabol.gob.bo/catalogo-de-datos-aeronauticos-ais/",
        "fuente_secundaria": "https://davidmegginson.github.io/ourairports-data/airports.csv",
        "nivel_fuente_oficial": "aip_oficial_localizado",
        "servicio_regular_fuente": "OurAirports scheduled_service=yes",
        "fecha_actualizacion_dato": "2026-08-04",
        "observaciones": "Inclusión basada en scheduled_service=yes y código IATA de OurAirports. La existencia, denominación y códigos deben contrastarse con la AIP vigente antes de uso operacional. Coordenadas, elevación y pista proceden de OurAirports; la pista principal es la mayor pista no cerrada registrada. Campos incompletos: entidad operadora no verificada en una fuente oficial abierta. Roles adicionales identificados de forma conservadora: función_internacional.",
        "roles_adicionales": [
          "función_internacional"
        ]
      }
    },
    {
      "type": "Feature",
      "id": "AAX",
      "geometry": {
        "type": "Point",
        "coordinates": [
          -46.9604,
          -19.5632
        ]
      },
      "properties": {
        "clave_union": "AAX",
        "nombre_oficial": "Romeu Zema Airport",
        "codigo_iata": "AAX",
        "codigo_oaci": "SBAX",
        "pais": "Brasil",
        "provincia_estado_departamento": "Minas Gerais",
        "ciudad": "Araxá",
        "tipo": "doméstico",
        "elevacion_m": 999,
        "longitud_pista_m": 1900,
        "entidad_operadora": null,
        "fuente": "DECEA AISWEB - AIP Brasil: https://aisweb.decea.mil.br/?i=publicacoes&p=aip | OurAirports: https://davidmegginson.github.io/ourairports-data/airports.csv, https://davidmegginson.github.io/ourairports-data/runways.csv, https://davidmegginson.github.io/ourairports-data/regions.csv",
        "fuente_tipo": "referencia_oficial+fuente_secundaria_complementaria",
        "fuente_oficial": "https://aisweb.decea.mil.br/?i=publicacoes&p=aip",
        "fuente_secundaria": "https://davidmegginson.github.io/ourairports-data/airports.csv",
        "nivel_fuente_oficial": "aip_oficial_localizado",
        "servicio_regular_fuente": "OurAirports scheduled_service=yes",
        "fecha_actualizacion_dato": "2026-08-04",
        "observaciones": "Inclusión basada en scheduled_service=yes y código IATA de OurAirports. La existencia, denominación y códigos deben contrastarse con la AIP vigente antes de uso operacional. Coordenadas, elevación y pista proceden de OurAirports; la pista principal es la mayor pista no cerrada registrada. Campos incompletos: entidad operadora no verificada en una fuente oficial abierta.",
        "roles_adicionales": []
      }
    },
    {
      "type": "Feature",
      "id": "AFL",
      "geometry": {
        "type": "Point",
        "coordinates": [
          -56.106298,
          -9.866389
        ]
      },
      "properties": {
        "clave_union": "AFL",
        "nombre_oficial": "Piloto Osvaldo Marques Dias Airport",
        "codigo_iata": "AFL",
        "codigo_oaci": "SBAT",
        "pais": "Brasil",
        "provincia_estado_departamento": "Mato Grosso",
        "ciudad": "Alta Floresta",
        "tipo": "doméstico",
        "elevacion_m": 289,
        "longitud_pista_m": 2500,
        "entidad_operadora": null,
        "fuente": "DECEA AISWEB - AIP Brasil: https://aisweb.decea.mil.br/?i=publicacoes&p=aip | OurAirports: https://davidmegginson.github.io/ourairports-data/airports.csv, https://davidmegginson.github.io/ourairports-data/runways.csv, https://davidmegginson.github.io/ourairports-data/regions.csv",
        "fuente_tipo": "referencia_oficial+fuente_secundaria_complementaria",
        "fuente_oficial": "https://aisweb.decea.mil.br/?i=publicacoes&p=aip",
        "fuente_secundaria": "https://davidmegginson.github.io/ourairports-data/airports.csv",
        "nivel_fuente_oficial": "aip_oficial_localizado",
        "servicio_regular_fuente": "OurAirports scheduled_service=yes",
        "fecha_actualizacion_dato": "2026-08-04",
        "observaciones": "Inclusión basada en scheduled_service=yes y código IATA de OurAirports. La existencia, denominación y códigos deben contrastarse con la AIP vigente antes de uso operacional. Coordenadas, elevación y pista proceden de OurAirports; la pista principal es la mayor pista no cerrada registrada. Campos incompletos: entidad operadora no verificada en una fuente oficial abierta.",
        "roles_adicionales": []
      }
    },
    {
      "type": "Feature",
      "id": "AJU",
      "geometry": {
        "type": "Point",
        "coordinates": [
          -37.072873,
          -10.98394
        ]
      },
      "properties": {
        "clave_union": "AJU",
        "nombre_oficial": "Aracaju - Santa Maria Airport",
        "codigo_iata": "AJU",
        "codigo_oaci": "SBAR",
        "pais": "Brasil",
        "provincia_estado_departamento": "Sergipe",
        "ciudad": "Aracaju",
        "tipo": "internacional",
        "elevacion_m": 7,
        "longitud_pista_m": 2200,
        "entidad_operadora": null,
        "fuente": "DECEA AISWEB - AIP Brasil: https://aisweb.decea.mil.br/?i=publicacoes&p=aip | OurAirports: https://davidmegginson.github.io/ourairports-data/airports.csv, https://davidmegginson.github.io/ourairports-data/runways.csv, https://davidmegginson.github.io/ourairports-data/regions.csv",
        "fuente_tipo": "referencia_oficial+fuente_secundaria_complementaria",
        "fuente_oficial": "https://aisweb.decea.mil.br/?i=publicacoes&p=aip",
        "fuente_secundaria": "https://davidmegginson.github.io/ourairports-data/airports.csv",
        "nivel_fuente_oficial": "aip_oficial_localizado",
        "servicio_regular_fuente": "OurAirports scheduled_service=yes",
        "fecha_actualizacion_dato": "2026-08-04",
        "observaciones": "Inclusión basada en scheduled_service=yes y código IATA de OurAirports. La existencia, denominación y códigos deben contrastarse con la AIP vigente antes de uso operacional. Coordenadas, elevación y pista proceden de OurAirports; la pista principal es la mayor pista no cerrada registrada. Campos incompletos: entidad operadora no verificada en una fuente oficial abierta. Roles adicionales identificados de forma conservadora: función_internacional.",
        "roles_adicionales": [
          "función_internacional"
        ]
      }
    },
    {
      "type": "Feature",
      "id": "AQA",
      "geometry": {
        "type": "Point",
        "coordinates": [
          -48.132999,
          -21.812
        ]
      },
      "properties": {
        "clave_union": "AQA",
        "nombre_oficial": "Araraquara Airport",
        "codigo_iata": "AQA",
        "codigo_oaci": "SBAQ",
        "pais": "Brasil",
        "provincia_estado_departamento": "São Paulo",
        "ciudad": "Araraquara",
        "tipo": "doméstico",
        "elevacion_m": 711,
        "longitud_pista_m": 1800,
        "entidad_operadora": null,
        "fuente": "DECEA AISWEB - AIP Brasil: https://aisweb.decea.mil.br/?i=publicacoes&p=aip | OurAirports: https://davidmegginson.github.io/ourairports-data/airports.csv, https://davidmegginson.github.io/ourairports-data/runways.csv, https://davidmegginson.github.io/ourairports-data/regions.csv",
        "fuente_tipo": "referencia_oficial+fuente_secundaria_complementaria",
        "fuente_oficial": "https://aisweb.decea.mil.br/?i=publicacoes&p=aip",
        "fuente_secundaria": "https://davidmegginson.github.io/ourairports-data/airports.csv",
        "nivel_fuente_oficial": "aip_oficial_localizado",
        "servicio_regular_fuente": "OurAirports scheduled_service=yes",
        "fecha_actualizacion_dato": "2026-08-04",
        "observaciones": "Inclusión basada en scheduled_service=yes y código IATA de OurAirports. La existencia, denominación y códigos deben contrastarse con la AIP vigente antes de uso operacional. Coordenadas, elevación y pista proceden de OurAirports; la pista principal es la mayor pista no cerrada registrada. Campos incompletos: entidad operadora no verificada en una fuente oficial abierta.",
        "roles_adicionales": []
      }
    },
    {
      "type": "Feature",
      "id": "ARU",
      "geometry": {
        "type": "Point",
        "coordinates": [
          -50.424575,
          -21.141479
        ]
      },
      "properties": {
        "clave_union": "ARU",
        "nombre_oficial": "Araçatuba Airport",
        "codigo_iata": "ARU",
        "codigo_oaci": "SBAU",
        "pais": "Brasil",
        "provincia_estado_departamento": "São Paulo",
        "ciudad": "Araçatuba",
        "tipo": "doméstico",
        "elevacion_m": 414,
        "longitud_pista_m": 2120,
        "entidad_operadora": null,
        "fuente": "DECEA AISWEB - AIP Brasil: https://aisweb.decea.mil.br/?i=publicacoes&p=aip | OurAirports: https://davidmegginson.github.io/ourairports-data/airports.csv, https://davidmegginson.github.io/ourairports-data/runways.csv, https://davidmegginson.github.io/ourairports-data/regions.csv",
        "fuente_tipo": "referencia_oficial+fuente_secundaria_complementaria",
        "fuente_oficial": "https://aisweb.decea.mil.br/?i=publicacoes&p=aip",
        "fuente_secundaria": "https://davidmegginson.github.io/ourairports-data/airports.csv",
        "nivel_fuente_oficial": "aip_oficial_localizado",
        "servicio_regular_fuente": "OurAirports scheduled_service=yes",
        "fecha_actualizacion_dato": "2026-08-04",
        "observaciones": "Inclusión basada en scheduled_service=yes y código IATA de OurAirports. La existencia, denominación y códigos deben contrastarse con la AIP vigente antes de uso operacional. Coordenadas, elevación y pista proceden de OurAirports; la pista principal es la mayor pista no cerrada registrada. Campos incompletos: entidad operadora no verificada en una fuente oficial abierta.",
        "roles_adicionales": []
      }
    },
    {
      "type": "Feature",
      "id": "ATM",
      "geometry": {
        "type": "Point",
        "coordinates": [
          -52.253938,
          -3.253144
        ]
      },
      "properties": {
        "clave_union": "ATM",
        "nombre_oficial": "Altamira Interstate Airport",
        "codigo_iata": "ATM",
        "codigo_oaci": "SBHT",
        "pais": "Brasil",
        "provincia_estado_departamento": "Pará",
        "ciudad": "Altamira",
        "tipo": "doméstico",
        "elevacion_m": 112,
        "longitud_pista_m": 2003,
        "entidad_operadora": null,
        "fuente": "DECEA AISWEB - AIP Brasil: https://aisweb.decea.mil.br/?i=publicacoes&p=aip | OurAirports: https://davidmegginson.github.io/ourairports-data/airports.csv, https://davidmegginson.github.io/ourairports-data/runways.csv, https://davidmegginson.github.io/ourairports-data/regions.csv",
        "fuente_tipo": "referencia_oficial+fuente_secundaria_complementaria",
        "fuente_oficial": "https://aisweb.decea.mil.br/?i=publicacoes&p=aip",
        "fuente_secundaria": "https://davidmegginson.github.io/ourairports-data/airports.csv",
        "nivel_fuente_oficial": "aip_oficial_localizado",
        "servicio_regular_fuente": "OurAirports scheduled_service=yes",
        "fecha_actualizacion_dato": "2026-08-04",
        "observaciones": "Inclusión basada en scheduled_service=yes y código IATA de OurAirports. La existencia, denominación y códigos deben contrastarse con la AIP vigente antes de uso operacional. Coordenadas, elevación y pista proceden de OurAirports; la pista principal es la mayor pista no cerrada registrada. Campos incompletos: entidad operadora no verificada en una fuente oficial abierta.",
        "roles_adicionales": []
      }
    },
    {
      "type": "Feature",
      "id": "AUX",
      "geometry": {
        "type": "Point",
        "coordinates": [
          -48.240501,
          -7.22787
        ]
      },
      "properties": {
        "clave_union": "AUX",
        "nombre_oficial": "Araguaína Airport",
        "codigo_iata": "AUX",
        "codigo_oaci": "SWGN",
        "pais": "Brasil",
        "provincia_estado_departamento": "Tocantins",
        "ciudad": "Araguaína",
        "tipo": "doméstico",
        "elevacion_m": 235,
        "longitud_pista_m": 1804,
        "entidad_operadora": null,
        "fuente": "DECEA AISWEB - AIP Brasil: https://aisweb.decea.mil.br/?i=publicacoes&p=aip | OurAirports: https://davidmegginson.github.io/ourairports-data/airports.csv, https://davidmegginson.github.io/ourairports-data/runways.csv, https://davidmegginson.github.io/ourairports-data/regions.csv",
        "fuente_tipo": "referencia_oficial+fuente_secundaria_complementaria",
        "fuente_oficial": "https://aisweb.decea.mil.br/?i=publicacoes&p=aip",
        "fuente_secundaria": "https://davidmegginson.github.io/ourairports-data/airports.csv",
        "nivel_fuente_oficial": "aip_oficial_localizado",
        "servicio_regular_fuente": "OurAirports scheduled_service=yes",
        "fecha_actualizacion_dato": "2026-08-04",
        "observaciones": "Inclusión basada en scheduled_service=yes y código IATA de OurAirports. La existencia, denominación y códigos deben contrastarse con la AIP vigente antes de uso operacional. Coordenadas, elevación y pista proceden de OurAirports; la pista principal es la mayor pista no cerrada registrada. Campos incompletos: entidad operadora no verificada en una fuente oficial abierta.",
        "roles_adicionales": []
      }
    },
    {
      "type": "Feature",
      "id": "BAZ",
      "geometry": {
        "type": "Point",
        "coordinates": [
          -62.918603,
          -0.981191
        ]
      },
      "properties": {
        "clave_union": "BAZ",
        "nombre_oficial": "Barcelos Airport",
        "codigo_iata": "BAZ",
        "codigo_oaci": "SWBC",
        "pais": "Brasil",
        "provincia_estado_departamento": "Amazonas",
        "ciudad": "Barcelos",
        "tipo": "doméstico",
        "elevacion_m": 34,
        "longitud_pista_m": 1200,
        "entidad_operadora": null,
        "fuente": "DECEA AISWEB - AIP Brasil: https://aisweb.decea.mil.br/?i=publicacoes&p=aip | OurAirports: https://davidmegginson.github.io/ourairports-data/airports.csv, https://davidmegginson.github.io/ourairports-data/runways.csv, https://davidmegginson.github.io/ourairports-data/regions.csv",
        "fuente_tipo": "referencia_oficial+fuente_secundaria_complementaria",
        "fuente_oficial": "https://aisweb.decea.mil.br/?i=publicacoes&p=aip",
        "fuente_secundaria": "https://davidmegginson.github.io/ourairports-data/airports.csv",
        "nivel_fuente_oficial": "aip_oficial_localizado",
        "servicio_regular_fuente": "OurAirports scheduled_service=yes",
        "fecha_actualizacion_dato": "2026-08-04",
        "observaciones": "Inclusión basada en scheduled_service=yes y código IATA de OurAirports. La existencia, denominación y códigos deben contrastarse con la AIP vigente antes de uso operacional. Coordenadas, elevación y pista proceden de OurAirports; la pista principal es la mayor pista no cerrada registrada. Campos incompletos: entidad operadora no verificada en una fuente oficial abierta.",
        "roles_adicionales": []
      }
    },
    {
      "type": "Feature",
      "id": "BEL",
      "geometry": {
        "type": "Point",
        "coordinates": [
          -48.476207,
          -1.379279
        ]
      },
      "properties": {
        "clave_union": "BEL",
        "nombre_oficial": "Val de Cans/Júlio Cezar Ribeiro International Airport",
        "codigo_iata": "BEL",
        "codigo_oaci": "SBBE",
        "pais": "Brasil",
        "provincia_estado_departamento": "Pará",
        "ciudad": "Belém",
        "tipo": "internacional",
        "elevacion_m": 16,
        "longitud_pista_m": 2800,
        "entidad_operadora": null,
        "fuente": "DECEA AISWEB - AIP Brasil: https://aisweb.decea.mil.br/?i=publicacoes&p=aip | OurAirports: https://davidmegginson.github.io/ourairports-data/airports.csv, https://davidmegginson.github.io/ourairports-data/runways.csv, https://davidmegginson.github.io/ourairports-data/regions.csv",
        "fuente_tipo": "referencia_oficial+fuente_secundaria_complementaria",
        "fuente_oficial": "https://aisweb.decea.mil.br/?i=publicacoes&p=aip",
        "fuente_secundaria": "https://davidmegginson.github.io/ourairports-data/airports.csv",
        "nivel_fuente_oficial": "aip_oficial_localizado",
        "servicio_regular_fuente": "OurAirports scheduled_service=yes",
        "fecha_actualizacion_dato": "2026-08-04",
        "observaciones": "Inclusión basada en scheduled_service=yes y código IATA de OurAirports. La existencia, denominación y códigos deben contrastarse con la AIP vigente antes de uso operacional. Coordenadas, elevación y pista proceden de OurAirports; la pista principal es la mayor pista no cerrada registrada. Campos incompletos: entidad operadora no verificada en una fuente oficial abierta. Roles adicionales identificados de forma conservadora: función_internacional.",
        "roles_adicionales": [
          "función_internacional"
        ]
      }
    },
    {
      "type": "Feature",
      "id": "BPS",
      "geometry": {
        "type": "Point",
        "coordinates": [
          -39.080584,
          -16.438426
        ]
      },
      "properties": {
        "clave_union": "BPS",
        "nombre_oficial": "Porto Seguro International Airport",
        "codigo_iata": "BPS",
        "codigo_oaci": "SBPS",
        "pais": "Brasil",
        "provincia_estado_departamento": "Bahia",
        "ciudad": "Porto Seguro",
        "tipo": "internacional",
        "elevacion_m": 52,
        "longitud_pista_m": 2000,
        "entidad_operadora": null,
        "fuente": "DECEA AISWEB - AIP Brasil: https://aisweb.decea.mil.br/?i=publicacoes&p=aip | OurAirports: https://davidmegginson.github.io/ourairports-data/airports.csv, https://davidmegginson.github.io/ourairports-data/runways.csv, https://davidmegginson.github.io/ourairports-data/regions.csv",
        "fuente_tipo": "referencia_oficial+fuente_secundaria_complementaria",
        "fuente_oficial": "https://aisweb.decea.mil.br/?i=publicacoes&p=aip",
        "fuente_secundaria": "https://davidmegginson.github.io/ourairports-data/airports.csv",
        "nivel_fuente_oficial": "aip_oficial_localizado",
        "servicio_regular_fuente": "OurAirports scheduled_service=yes",
        "fecha_actualizacion_dato": "2026-08-04",
        "observaciones": "Inclusión basada en scheduled_service=yes y código IATA de OurAirports. La existencia, denominación y códigos deben contrastarse con la AIP vigente antes de uso operacional. Coordenadas, elevación y pista proceden de OurAirports; la pista principal es la mayor pista no cerrada registrada. Campos incompletos: entidad operadora no verificada en una fuente oficial abierta. Roles adicionales identificados de forma conservadora: función_internacional.",
        "roles_adicionales": [
          "función_internacional"
        ]
      }
    },
    {
      "type": "Feature",
      "id": "BRA",
      "geometry": {
        "type": "Point",
        "coordinates": [
          -45.008999,
          -12.0789
        ]
      },
      "properties": {
        "clave_union": "BRA",
        "nombre_oficial": "Dom Ricardo Weberberger Airport",
        "codigo_iata": "BRA",
        "codigo_oaci": "SNBR",
        "pais": "Brasil",
        "provincia_estado_departamento": "Bahia",
        "ciudad": "Barreiras",
        "tipo": "doméstico",
        "elevacion_m": 747,
        "longitud_pista_m": 1600,
        "entidad_operadora": null,
        "fuente": "DECEA AISWEB - AIP Brasil: https://aisweb.decea.mil.br/?i=publicacoes&p=aip | OurAirports: https://davidmegginson.github.io/ourairports-data/airports.csv, https://davidmegginson.github.io/ourairports-data/runways.csv, https://davidmegginson.github.io/ourairports-data/regions.csv",
        "fuente_tipo": "referencia_oficial+fuente_secundaria_complementaria",
        "fuente_oficial": "https://aisweb.decea.mil.br/?i=publicacoes&p=aip",
        "fuente_secundaria": "https://davidmegginson.github.io/ourairports-data/airports.csv",
        "nivel_fuente_oficial": "aip_oficial_localizado",
        "servicio_regular_fuente": "OurAirports scheduled_service=yes",
        "fecha_actualizacion_dato": "2026-08-04",
        "observaciones": "Inclusión basada en scheduled_service=yes y código IATA de OurAirports. La existencia, denominación y códigos deben contrastarse con la AIP vigente antes de uso operacional. Coordenadas, elevación y pista proceden de OurAirports; la pista principal es la mayor pista no cerrada registrada. Campos incompletos: entidad operadora no verificada en una fuente oficial abierta.",
        "roles_adicionales": []
      }
    },
    {
      "type": "Feature",
      "id": "BSB",
      "geometry": {
        "type": "Point",
        "coordinates": [
          -47.920834,
          -15.869167
        ]
      },
      "properties": {
        "clave_union": "BSB",
        "nombre_oficial": "Presidente Juscelino Kubitschek International Airport",
        "codigo_iata": "BSB",
        "codigo_oaci": "SBBR",
        "pais": "Brasil",
        "provincia_estado_departamento": "Distrito Federal",
        "ciudad": "Brasília",
        "tipo": "internacional",
        "elevacion_m": 1066,
        "longitud_pista_m": 3300,
        "entidad_operadora": null,
        "fuente": "DECEA AISWEB - AIP Brasil: https://aisweb.decea.mil.br/?i=publicacoes&p=aip | OurAirports: https://davidmegginson.github.io/ourairports-data/airports.csv, https://davidmegginson.github.io/ourairports-data/runways.csv, https://davidmegginson.github.io/ourairports-data/regions.csv",
        "fuente_tipo": "referencia_oficial+fuente_secundaria_complementaria",
        "fuente_oficial": "https://aisweb.decea.mil.br/?i=publicacoes&p=aip",
        "fuente_secundaria": "https://davidmegginson.github.io/ourairports-data/airports.csv",
        "nivel_fuente_oficial": "aip_oficial_localizado",
        "servicio_regular_fuente": "OurAirports scheduled_service=yes",
        "fecha_actualizacion_dato": "2026-08-04",
        "observaciones": "Inclusión basada en scheduled_service=yes y código IATA de OurAirports. La existencia, denominación y códigos deben contrastarse con la AIP vigente antes de uso operacional. Coordenadas, elevación y pista proceden de OurAirports; la pista principal es la mayor pista no cerrada registrada. Campos incompletos: entidad operadora no verificada en una fuente oficial abierta. Roles adicionales identificados de forma conservadora: función_internacional.",
        "roles_adicionales": [
          "función_internacional"
        ]
      }
    },
    {
      "type": "Feature",
      "id": "BVB",
      "geometry": {
        "type": "Point",
        "coordinates": [
          -60.690648,
          2.84615
        ]
      },
      "properties": {
        "clave_union": "BVB",
        "nombre_oficial": "Atlas Brasil Cantanhede International Airport",
        "codigo_iata": "BVB",
        "codigo_oaci": "SBBV",
        "pais": "Brasil",
        "provincia_estado_departamento": "Roraima",
        "ciudad": "Boa Vista",
        "tipo": "internacional",
        "elevacion_m": 84,
        "longitud_pista_m": 2700,
        "entidad_operadora": null,
        "fuente": "DECEA AISWEB - AIP Brasil: https://aisweb.decea.mil.br/?i=publicacoes&p=aip | OurAirports: https://davidmegginson.github.io/ourairports-data/airports.csv, https://davidmegginson.github.io/ourairports-data/runways.csv, https://davidmegginson.github.io/ourairports-data/regions.csv",
        "fuente_tipo": "referencia_oficial+fuente_secundaria_complementaria",
        "fuente_oficial": "https://aisweb.decea.mil.br/?i=publicacoes&p=aip",
        "fuente_secundaria": "https://davidmegginson.github.io/ourairports-data/airports.csv",
        "nivel_fuente_oficial": "aip_oficial_localizado",
        "servicio_regular_fuente": "OurAirports scheduled_service=yes",
        "fecha_actualizacion_dato": "2026-08-04",
        "observaciones": "Inclusión basada en scheduled_service=yes y código IATA de OurAirports. La existencia, denominación y códigos deben contrastarse con la AIP vigente antes de uso operacional. Coordenadas, elevación y pista proceden de OurAirports; la pista principal es la mayor pista no cerrada registrada. Campos incompletos: entidad operadora no verificada en una fuente oficial abierta. Roles adicionales identificados de forma conservadora: función_internacional.",
        "roles_adicionales": [
          "función_internacional"
        ]
      }
    },
    {
      "type": "Feature",
      "id": "BVH",
      "geometry": {
        "type": "Point",
        "coordinates": [
          -60.098301,
          -12.6944
        ]
      },
      "properties": {
        "clave_union": "BVH",
        "nombre_oficial": "Brigadeiro Camarão Airport",
        "codigo_iata": "BVH",
        "codigo_oaci": "SBVH",
        "pais": "Brasil",
        "provincia_estado_departamento": "Rondônia",
        "ciudad": "Vilhena",
        "tipo": "doméstico",
        "elevacion_m": 615,
        "longitud_pista_m": 2600,
        "entidad_operadora": null,
        "fuente": "DECEA AISWEB - AIP Brasil: https://aisweb.decea.mil.br/?i=publicacoes&p=aip | OurAirports: https://davidmegginson.github.io/ourairports-data/airports.csv, https://davidmegginson.github.io/ourairports-data/runways.csv, https://davidmegginson.github.io/ourairports-data/regions.csv",
        "fuente_tipo": "referencia_oficial+fuente_secundaria_complementaria",
        "fuente_oficial": "https://aisweb.decea.mil.br/?i=publicacoes&p=aip",
        "fuente_secundaria": "https://davidmegginson.github.io/ourairports-data/airports.csv",
        "nivel_fuente_oficial": "aip_oficial_localizado",
        "servicio_regular_fuente": "OurAirports scheduled_service=yes",
        "fecha_actualizacion_dato": "2026-08-04",
        "observaciones": "Inclusión basada en scheduled_service=yes y código IATA de OurAirports. La existencia, denominación y códigos deben contrastarse con la AIP vigente antes de uso operacional. Coordenadas, elevación y pista proceden de OurAirports; la pista principal es la mayor pista no cerrada registrada. Campos incompletos: entidad operadora no verificada en una fuente oficial abierta.",
        "roles_adicionales": []
      }
    },
    {
      "type": "Feature",
      "id": "BVS",
      "geometry": {
        "type": "Point",
        "coordinates": [
          -50.4436,
          -1.63653
        ]
      },
      "properties": {
        "clave_union": "BVS",
        "nombre_oficial": "Breves Airport",
        "codigo_iata": "BVS",
        "codigo_oaci": "SNVS",
        "pais": "Brasil",
        "provincia_estado_departamento": "Pará",
        "ciudad": "Breves",
        "tipo": "doméstico",
        "elevacion_m": 30,
        "longitud_pista_m": 1600,
        "entidad_operadora": null,
        "fuente": "DECEA AISWEB - AIP Brasil: https://aisweb.decea.mil.br/?i=publicacoes&p=aip | OurAirports: https://davidmegginson.github.io/ourairports-data/airports.csv, https://davidmegginson.github.io/ourairports-data/runways.csv, https://davidmegginson.github.io/ourairports-data/regions.csv",
        "fuente_tipo": "referencia_oficial+fuente_secundaria_complementaria",
        "fuente_oficial": "https://aisweb.decea.mil.br/?i=publicacoes&p=aip",
        "fuente_secundaria": "https://davidmegginson.github.io/ourairports-data/airports.csv",
        "nivel_fuente_oficial": "aip_oficial_localizado",
        "servicio_regular_fuente": "OurAirports scheduled_service=yes",
        "fecha_actualizacion_dato": "2026-08-04",
        "observaciones": "Inclusión basada en scheduled_service=yes y código IATA de OurAirports. La existencia, denominación y códigos deben contrastarse con la AIP vigente antes de uso operacional. Coordenadas, elevación y pista proceden de OurAirports; la pista principal es la mayor pista no cerrada registrada. Campos incompletos: entidad operadora no verificada en una fuente oficial abierta.",
        "roles_adicionales": []
      }
    },
    {
      "type": "Feature",
      "id": "BYO",
      "geometry": {
        "type": "Point",
        "coordinates": [
          -56.452399,
          -21.2473
        ]
      },
      "properties": {
        "clave_union": "BYO",
        "nombre_oficial": "Bonito Airport",
        "codigo_iata": "BYO",
        "codigo_oaci": "SBDB",
        "pais": "Brasil",
        "provincia_estado_departamento": "Mato Grosso do Sul",
        "ciudad": "Bonito",
        "tipo": "doméstico",
        "elevacion_m": 360,
        "longitud_pista_m": 2000,
        "entidad_operadora": null,
        "fuente": "DECEA AISWEB - AIP Brasil: https://aisweb.decea.mil.br/?i=publicacoes&p=aip | OurAirports: https://davidmegginson.github.io/ourairports-data/airports.csv, https://davidmegginson.github.io/ourairports-data/runways.csv, https://davidmegginson.github.io/ourairports-data/regions.csv",
        "fuente_tipo": "referencia_oficial+fuente_secundaria_complementaria",
        "fuente_oficial": "https://aisweb.decea.mil.br/?i=publicacoes&p=aip",
        "fuente_secundaria": "https://davidmegginson.github.io/ourairports-data/airports.csv",
        "nivel_fuente_oficial": "aip_oficial_localizado",
        "servicio_regular_fuente": "OurAirports scheduled_service=yes",
        "fecha_actualizacion_dato": "2026-08-04",
        "observaciones": "Inclusión basada en scheduled_service=yes y código IATA de OurAirports. La existencia, denominación y códigos deben contrastarse con la AIP vigente antes de uso operacional. Coordenadas, elevación y pista proceden de OurAirports; la pista principal es la mayor pista no cerrada registrada. Campos incompletos: entidad operadora no verificada en una fuente oficial abierta.",
        "roles_adicionales": []
      }
    },
    {
      "type": "Feature",
      "id": "CAC",
      "geometry": {
        "type": "Point",
        "coordinates": [
          -53.501208,
          -25.000323
        ]
      },
      "properties": {
        "clave_union": "CAC",
        "nombre_oficial": "Coronel Adalberto Mendes da Silva Airport",
        "codigo_iata": "CAC",
        "codigo_oaci": "SBCA",
        "pais": "Brasil",
        "provincia_estado_departamento": "Paraná",
        "ciudad": "Cascavel",
        "tipo": "doméstico",
        "elevacion_m": 756,
        "longitud_pista_m": 1771,
        "entidad_operadora": null,
        "fuente": "DECEA AISWEB - AIP Brasil: https://aisweb.decea.mil.br/?i=publicacoes&p=aip | OurAirports: https://davidmegginson.github.io/ourairports-data/airports.csv, https://davidmegginson.github.io/ourairports-data/runways.csv, https://davidmegginson.github.io/ourairports-data/regions.csv",
        "fuente_tipo": "referencia_oficial+fuente_secundaria_complementaria",
        "fuente_oficial": "https://aisweb.decea.mil.br/?i=publicacoes&p=aip",
        "fuente_secundaria": "https://davidmegginson.github.io/ourairports-data/airports.csv",
        "nivel_fuente_oficial": "aip_oficial_localizado",
        "servicio_regular_fuente": "OurAirports scheduled_service=yes",
        "fecha_actualizacion_dato": "2026-08-04",
        "observaciones": "Inclusión basada en scheduled_service=yes y código IATA de OurAirports. La existencia, denominación y códigos deben contrastarse con la AIP vigente antes de uso operacional. Coordenadas, elevación y pista proceden de OurAirports; la pista principal es la mayor pista no cerrada registrada. Campos incompletos: entidad operadora no verificada en una fuente oficial abierta.",
        "roles_adicionales": []
      }
    },
    {
      "type": "Feature",
      "id": "CAF",
      "geometry": {
        "type": "Point",
        "coordinates": [
          -66.897552,
          -4.871473
        ]
      },
      "properties": {
        "clave_union": "CAF",
        "nombre_oficial": "Carauari Airport",
        "codigo_iata": "CAF",
        "codigo_oaci": "SWCA",
        "pais": "Brasil",
        "provincia_estado_departamento": "Amazonas",
        "ciudad": "Carauari",
        "tipo": "doméstico",
        "elevacion_m": 108,
        "longitud_pista_m": 1665,
        "entidad_operadora": null,
        "fuente": "DECEA AISWEB - AIP Brasil: https://aisweb.decea.mil.br/?i=publicacoes&p=aip | OurAirports: https://davidmegginson.github.io/ourairports-data/airports.csv, https://davidmegginson.github.io/ourairports-data/runways.csv, https://davidmegginson.github.io/ourairports-data/regions.csv",
        "fuente_tipo": "referencia_oficial+fuente_secundaria_complementaria",
        "fuente_oficial": "https://aisweb.decea.mil.br/?i=publicacoes&p=aip",
        "fuente_secundaria": "https://davidmegginson.github.io/ourairports-data/airports.csv",
        "nivel_fuente_oficial": "aip_oficial_localizado",
        "servicio_regular_fuente": "OurAirports scheduled_service=yes",
        "fecha_actualizacion_dato": "2026-08-04",
        "observaciones": "Inclusión basada en scheduled_service=yes y código IATA de OurAirports. La existencia, denominación y códigos deben contrastarse con la AIP vigente antes de uso operacional. Coordenadas, elevación y pista proceden de OurAirports; la pista principal es la mayor pista no cerrada registrada. Campos incompletos: entidad operadora no verificada en una fuente oficial abierta.",
        "roles_adicionales": []
      }
    },
    {
      "type": "Feature",
      "id": "CAU",
      "geometry": {
        "type": "Point",
        "coordinates": [
          -36.0135,
          -8.28239
        ]
      },
      "properties": {
        "clave_union": "CAU",
        "nombre_oficial": "Caruaru Airport",
        "codigo_iata": "CAU",
        "codigo_oaci": "SNRU",
        "pais": "Brasil",
        "provincia_estado_departamento": "Pernambuco",
        "ciudad": "Caruaru",
        "tipo": "doméstico",
        "elevacion_m": 576,
        "longitud_pista_m": 1800,
        "entidad_operadora": null,
        "fuente": "DECEA AISWEB - AIP Brasil: https://aisweb.decea.mil.br/?i=publicacoes&p=aip | OurAirports: https://davidmegginson.github.io/ourairports-data/airports.csv, https://davidmegginson.github.io/ourairports-data/runways.csv, https://davidmegginson.github.io/ourairports-data/regions.csv",
        "fuente_tipo": "referencia_oficial+fuente_secundaria_complementaria",
        "fuente_oficial": "https://aisweb.decea.mil.br/?i=publicacoes&p=aip",
        "fuente_secundaria": "https://davidmegginson.github.io/ourairports-data/airports.csv",
        "nivel_fuente_oficial": "aip_oficial_localizado",
        "servicio_regular_fuente": "OurAirports scheduled_service=yes",
        "fecha_actualizacion_dato": "2026-08-04",
        "observaciones": "Inclusión basada en scheduled_service=yes y código IATA de OurAirports. La existencia, denominación y códigos deben contrastarse con la AIP vigente antes de uso operacional. Coordenadas, elevación y pista proceden de OurAirports; la pista principal es la mayor pista no cerrada registrada. Campos incompletos: entidad operadora no verificada en una fuente oficial abierta.",
        "roles_adicionales": []
      }
    },
    {
      "type": "Feature",
      "id": "CAW",
      "geometry": {
        "type": "Point",
        "coordinates": [
          -41.301701,
          -21.698299
        ]
      },
      "properties": {
        "clave_union": "CAW",
        "nombre_oficial": "Bartolomeu Lisandro Airport",
        "codigo_iata": "CAW",
        "codigo_oaci": "SBCP",
        "pais": "Brasil",
        "provincia_estado_departamento": "Rio de Janeiro",
        "ciudad": "Campos dos Goytacazes",
        "tipo": "doméstico",
        "elevacion_m": 18,
        "longitud_pista_m": 1544,
        "entidad_operadora": null,
        "fuente": "DECEA AISWEB - AIP Brasil: https://aisweb.decea.mil.br/?i=publicacoes&p=aip | OurAirports: https://davidmegginson.github.io/ourairports-data/airports.csv, https://davidmegginson.github.io/ourairports-data/runways.csv, https://davidmegginson.github.io/ourairports-data/regions.csv",
        "fuente_tipo": "referencia_oficial+fuente_secundaria_complementaria",
        "fuente_oficial": "https://aisweb.decea.mil.br/?i=publicacoes&p=aip",
        "fuente_secundaria": "https://davidmegginson.github.io/ourairports-data/airports.csv",
        "nivel_fuente_oficial": "aip_oficial_localizado",
        "servicio_regular_fuente": "OurAirports scheduled_service=yes",
        "fecha_actualizacion_dato": "2026-08-04",
        "observaciones": "Inclusión basada en scheduled_service=yes y código IATA de OurAirports. La existencia, denominación y códigos deben contrastarse con la AIP vigente antes de uso operacional. Coordenadas, elevación y pista proceden de OurAirports; la pista principal es la mayor pista no cerrada registrada. Campos incompletos: entidad operadora no verificada en una fuente oficial abierta.",
        "roles_adicionales": []
      }
    },
    {
      "type": "Feature",
      "id": "CEL",
      "geometry": {
        "type": "Point",
        "coordinates": [
          -50.831729,
          -29.370091
        ]
      },
      "properties": {
        "clave_union": "CEL",
        "nombre_oficial": "Canela Airport",
        "codigo_iata": "CEL",
        "codigo_oaci": "SSCN",
        "pais": "Brasil",
        "provincia_estado_departamento": "Rio Grande do Sul",
        "ciudad": "Canela",
        "tipo": "doméstico",
        "elevacion_m": 837,
        "longitud_pista_m": 1260,
        "entidad_operadora": null,
        "fuente": "DECEA AISWEB - AIP Brasil: https://aisweb.decea.mil.br/?i=publicacoes&p=aip | OurAirports: https://davidmegginson.github.io/ourairports-data/airports.csv, https://davidmegginson.github.io/ourairports-data/runways.csv, https://davidmegginson.github.io/ourairports-data/regions.csv",
        "fuente_tipo": "referencia_oficial+fuente_secundaria_complementaria",
        "fuente_oficial": "https://aisweb.decea.mil.br/?i=publicacoes&p=aip",
        "fuente_secundaria": "https://davidmegginson.github.io/ourairports-data/airports.csv",
        "nivel_fuente_oficial": "aip_oficial_localizado",
        "servicio_regular_fuente": "OurAirports scheduled_service=yes",
        "fecha_actualizacion_dato": "2026-08-04",
        "observaciones": "Inclusión basada en scheduled_service=yes y código IATA de OurAirports. La existencia, denominación y códigos deben contrastarse con la AIP vigente antes de uso operacional. Coordenadas, elevación y pista proceden de OurAirports; la pista principal es la mayor pista no cerrada registrada. Campos incompletos: entidad operadora no verificada en una fuente oficial abierta.",
        "roles_adicionales": []
      }
    },
    {
      "type": "Feature",
      "id": "CFB",
      "geometry": {
        "type": "Point",
        "coordinates": [
          -42.071874,
          -22.921485
        ]
      },
      "properties": {
        "clave_union": "CFB",
        "nombre_oficial": "Cabo Frio Airport",
        "codigo_iata": "CFB",
        "codigo_oaci": "SBCB",
        "pais": "Brasil",
        "provincia_estado_departamento": "Rio de Janeiro",
        "ciudad": "Cabo Frio",
        "tipo": "doméstico",
        "elevacion_m": 7,
        "longitud_pista_m": 2550,
        "entidad_operadora": null,
        "fuente": "DECEA AISWEB - AIP Brasil: https://aisweb.decea.mil.br/?i=publicacoes&p=aip | OurAirports: https://davidmegginson.github.io/ourairports-data/airports.csv, https://davidmegginson.github.io/ourairports-data/runways.csv, https://davidmegginson.github.io/ourairports-data/regions.csv",
        "fuente_tipo": "referencia_oficial+fuente_secundaria_complementaria",
        "fuente_oficial": "https://aisweb.decea.mil.br/?i=publicacoes&p=aip",
        "fuente_secundaria": "https://davidmegginson.github.io/ourairports-data/airports.csv",
        "nivel_fuente_oficial": "aip_oficial_localizado",
        "servicio_regular_fuente": "OurAirports scheduled_service=yes",
        "fecha_actualizacion_dato": "2026-08-04",
        "observaciones": "Inclusión basada en scheduled_service=yes y código IATA de OurAirports. La existencia, denominación y códigos deben contrastarse con la AIP vigente antes de uso operacional. Coordenadas, elevación y pista proceden de OurAirports; la pista principal es la mayor pista no cerrada registrada. Campos incompletos: entidad operadora no verificada en una fuente oficial abierta.",
        "roles_adicionales": []
      }
    },
    {
      "type": "Feature",
      "id": "CGB",
      "geometry": {
        "type": "Point",
        "coordinates": [
          -56.116699,
          -15.6529
        ]
      },
      "properties": {
        "clave_union": "CGB",
        "nombre_oficial": "Várzea Grande–Marechal Rondon International Airport",
        "codigo_iata": "CGB",
        "codigo_oaci": "SBCY",
        "pais": "Brasil",
        "provincia_estado_departamento": "Mato Grosso",
        "ciudad": "Cuiabá",
        "tipo": "internacional",
        "elevacion_m": 188,
        "longitud_pista_m": 2300,
        "entidad_operadora": null,
        "fuente": "DECEA AISWEB - AIP Brasil: https://aisweb.decea.mil.br/?i=publicacoes&p=aip | OurAirports: https://davidmegginson.github.io/ourairports-data/airports.csv, https://davidmegginson.github.io/ourairports-data/runways.csv, https://davidmegginson.github.io/ourairports-data/regions.csv",
        "fuente_tipo": "referencia_oficial+fuente_secundaria_complementaria",
        "fuente_oficial": "https://aisweb.decea.mil.br/?i=publicacoes&p=aip",
        "fuente_secundaria": "https://davidmegginson.github.io/ourairports-data/airports.csv",
        "nivel_fuente_oficial": "aip_oficial_localizado",
        "servicio_regular_fuente": "OurAirports scheduled_service=yes",
        "fecha_actualizacion_dato": "2026-08-04",
        "observaciones": "Inclusión basada en scheduled_service=yes y código IATA de OurAirports. La existencia, denominación y códigos deben contrastarse con la AIP vigente antes de uso operacional. Coordenadas, elevación y pista proceden de OurAirports; la pista principal es la mayor pista no cerrada registrada. Campos incompletos: entidad operadora no verificada en una fuente oficial abierta. Roles adicionales identificados de forma conservadora: función_internacional.",
        "roles_adicionales": [
          "función_internacional"
        ]
      }
    },
    {
      "type": "Feature",
      "id": "CGH",
      "geometry": {
        "type": "Point",
        "coordinates": [
          -46.654601,
          -23.627657
        ]
      },
      "properties": {
        "clave_union": "CGH",
        "nombre_oficial": "Congonhas–Deputado Freitas Nobre Airport",
        "codigo_iata": "CGH",
        "codigo_oaci": "SBSP",
        "pais": "Brasil",
        "provincia_estado_departamento": "São Paulo",
        "ciudad": "São Paulo",
        "tipo": "doméstico",
        "elevacion_m": 802,
        "longitud_pista_m": 1940,
        "entidad_operadora": null,
        "fuente": "DECEA AISWEB - AIP Brasil: https://aisweb.decea.mil.br/?i=publicacoes&p=aip | OurAirports: https://davidmegginson.github.io/ourairports-data/airports.csv, https://davidmegginson.github.io/ourairports-data/runways.csv, https://davidmegginson.github.io/ourairports-data/regions.csv",
        "fuente_tipo": "referencia_oficial+fuente_secundaria_complementaria",
        "fuente_oficial": "https://aisweb.decea.mil.br/?i=publicacoes&p=aip",
        "fuente_secundaria": "https://davidmegginson.github.io/ourairports-data/airports.csv",
        "nivel_fuente_oficial": "aip_oficial_localizado",
        "servicio_regular_fuente": "OurAirports scheduled_service=yes",
        "fecha_actualizacion_dato": "2026-08-04",
        "observaciones": "Inclusión basada en scheduled_service=yes y código IATA de OurAirports. La existencia, denominación y códigos deben contrastarse con la AIP vigente antes de uso operacional. Coordenadas, elevación y pista proceden de OurAirports; la pista principal es la mayor pista no cerrada registrada. Campos incompletos: entidad operadora no verificada en una fuente oficial abierta.",
        "roles_adicionales": []
      }
    },
    {
      "type": "Feature",
      "id": "CGR",
      "geometry": {
        "type": "Point",
        "coordinates": [
          -54.673988,
          -20.469998
        ]
      },
      "properties": {
        "clave_union": "CGR",
        "nombre_oficial": "Campo Grande Airport",
        "codigo_iata": "CGR",
        "codigo_oaci": "SBCG",
        "pais": "Brasil",
        "provincia_estado_departamento": "Mato Grosso do Sul",
        "ciudad": "Campo Grande",
        "tipo": "internacional",
        "elevacion_m": 559,
        "longitud_pista_m": 2600,
        "entidad_operadora": null,
        "fuente": "DECEA AISWEB - AIP Brasil: https://aisweb.decea.mil.br/?i=publicacoes&p=aip | OurAirports: https://davidmegginson.github.io/ourairports-data/airports.csv, https://davidmegginson.github.io/ourairports-data/runways.csv, https://davidmegginson.github.io/ourairports-data/regions.csv",
        "fuente_tipo": "referencia_oficial+fuente_secundaria_complementaria",
        "fuente_oficial": "https://aisweb.decea.mil.br/?i=publicacoes&p=aip",
        "fuente_secundaria": "https://davidmegginson.github.io/ourairports-data/airports.csv",
        "nivel_fuente_oficial": "aip_oficial_localizado",
        "servicio_regular_fuente": "OurAirports scheduled_service=yes",
        "fecha_actualizacion_dato": "2026-08-04",
        "observaciones": "Inclusión basada en scheduled_service=yes y código IATA de OurAirports. La existencia, denominación y códigos deben contrastarse con la AIP vigente antes de uso operacional. Coordenadas, elevación y pista proceden de OurAirports; la pista principal es la mayor pista no cerrada registrada. Campos incompletos: entidad operadora no verificada en una fuente oficial abierta. Roles adicionales identificados de forma conservadora: función_internacional.",
        "roles_adicionales": [
          "función_internacional"
        ]
      }
    },
    {
      "type": "Feature",
      "id": "CJZ",
      "geometry": {
        "type": "Point",
        "coordinates": [
          -38.61583,
          -6.8827
        ]
      },
      "properties": {
        "clave_union": "CJZ",
        "nombre_oficial": "Pedro Vieira Moreira Airport",
        "codigo_iata": "CJZ",
        "codigo_oaci": "SJZA",
        "pais": "Brasil",
        "provincia_estado_departamento": "Paraíba",
        "ciudad": "Cajazeiras",
        "tipo": "doméstico",
        "elevacion_m": 335,
        "longitud_pista_m": 1600,
        "entidad_operadora": null,
        "fuente": "DECEA AISWEB - AIP Brasil: https://aisweb.decea.mil.br/?i=publicacoes&p=aip | OurAirports: https://davidmegginson.github.io/ourairports-data/airports.csv, https://davidmegginson.github.io/ourairports-data/runways.csv, https://davidmegginson.github.io/ourairports-data/regions.csv",
        "fuente_tipo": "referencia_oficial+fuente_secundaria_complementaria",
        "fuente_oficial": "https://aisweb.decea.mil.br/?i=publicacoes&p=aip",
        "fuente_secundaria": "https://davidmegginson.github.io/ourairports-data/airports.csv",
        "nivel_fuente_oficial": "aip_oficial_localizado",
        "servicio_regular_fuente": "OurAirports scheduled_service=yes",
        "fecha_actualizacion_dato": "2026-08-04",
        "observaciones": "Inclusión basada en scheduled_service=yes y código IATA de OurAirports. La existencia, denominación y códigos deben contrastarse con la AIP vigente antes de uso operacional. Coordenadas, elevación y pista proceden de OurAirports; la pista principal es la mayor pista no cerrada registrada. Campos incompletos: entidad operadora no verificada en una fuente oficial abierta.",
        "roles_adicionales": []
      }
    },
    {
      "type": "Feature",
      "id": "CKS",
      "geometry": {
        "type": "Point",
        "coordinates": [
          -50.003372,
          -6.117841
        ]
      },
      "properties": {
        "clave_union": "CKS",
        "nombre_oficial": "Carajás Airport",
        "codigo_iata": "CKS",
        "codigo_oaci": "SBCJ",
        "pais": "Brasil",
        "provincia_estado_departamento": "Pará",
        "ciudad": "Parauapebas",
        "tipo": "doméstico",
        "elevacion_m": 629,
        "longitud_pista_m": 2000,
        "entidad_operadora": null,
        "fuente": "DECEA AISWEB - AIP Brasil: https://aisweb.decea.mil.br/?i=publicacoes&p=aip | OurAirports: https://davidmegginson.github.io/ourairports-data/airports.csv, https://davidmegginson.github.io/ourairports-data/runways.csv, https://davidmegginson.github.io/ourairports-data/regions.csv",
        "fuente_tipo": "referencia_oficial+fuente_secundaria_complementaria",
        "fuente_oficial": "https://aisweb.decea.mil.br/?i=publicacoes&p=aip",
        "fuente_secundaria": "https://davidmegginson.github.io/ourairports-data/airports.csv",
        "nivel_fuente_oficial": "aip_oficial_localizado",
        "servicio_regular_fuente": "OurAirports scheduled_service=yes",
        "fecha_actualizacion_dato": "2026-08-04",
        "observaciones": "Inclusión basada en scheduled_service=yes y código IATA de OurAirports. La existencia, denominación y códigos deben contrastarse con la AIP vigente antes de uso operacional. Coordenadas, elevación y pista proceden de OurAirports; la pista principal es la mayor pista no cerrada registrada. Campos incompletos: entidad operadora no verificada en una fuente oficial abierta.",
        "roles_adicionales": []
      }
    },
    {
      "type": "Feature",
      "id": "CLV",
      "geometry": {
        "type": "Point",
        "coordinates": [
          -48.606324,
          -17.725096
        ]
      },
      "properties": {
        "clave_union": "CLV",
        "nombre_oficial": "Nelson Ribeiro Guimarães Airport",
        "codigo_iata": "CLV",
        "codigo_oaci": "SBCN",
        "pais": "Brasil",
        "provincia_estado_departamento": "Goiás",
        "ciudad": "Caldas Novas",
        "tipo": "doméstico",
        "elevacion_m": 703,
        "longitud_pista_m": 2100,
        "entidad_operadora": null,
        "fuente": "DECEA AISWEB - AIP Brasil: https://aisweb.decea.mil.br/?i=publicacoes&p=aip | OurAirports: https://davidmegginson.github.io/ourairports-data/airports.csv, https://davidmegginson.github.io/ourairports-data/runways.csv, https://davidmegginson.github.io/ourairports-data/regions.csv",
        "fuente_tipo": "referencia_oficial+fuente_secundaria_complementaria",
        "fuente_oficial": "https://aisweb.decea.mil.br/?i=publicacoes&p=aip",
        "fuente_secundaria": "https://davidmegginson.github.io/ourairports-data/airports.csv",
        "nivel_fuente_oficial": "aip_oficial_localizado",
        "servicio_regular_fuente": "OurAirports scheduled_service=yes",
        "fecha_actualizacion_dato": "2026-08-04",
        "observaciones": "Inclusión basada en scheduled_service=yes y código IATA de OurAirports. La existencia, denominación y códigos deben contrastarse con la AIP vigente antes de uso operacional. Coordenadas, elevación y pista proceden de OurAirports; la pista principal es la mayor pista no cerrada registrada. Campos incompletos: entidad operadora no verificada en una fuente oficial abierta.",
        "roles_adicionales": []
      }
    },
    {
      "type": "Feature",
      "id": "CMG",
      "geometry": {
        "type": "Point",
        "coordinates": [
          -57.672772,
          -19.01193
        ]
      },
      "properties": {
        "clave_union": "CMG",
        "nombre_oficial": "Corumbá International Airport",
        "codigo_iata": "CMG",
        "codigo_oaci": "SBCR",
        "pais": "Brasil",
        "provincia_estado_departamento": "Mato Grosso do Sul",
        "ciudad": "Corumbá",
        "tipo": "internacional",
        "elevacion_m": 141,
        "longitud_pista_m": 1500,
        "entidad_operadora": null,
        "fuente": "DECEA AISWEB - AIP Brasil: https://aisweb.decea.mil.br/?i=publicacoes&p=aip | OurAirports: https://davidmegginson.github.io/ourairports-data/airports.csv, https://davidmegginson.github.io/ourairports-data/runways.csv, https://davidmegginson.github.io/ourairports-data/regions.csv",
        "fuente_tipo": "referencia_oficial+fuente_secundaria_complementaria",
        "fuente_oficial": "https://aisweb.decea.mil.br/?i=publicacoes&p=aip",
        "fuente_secundaria": "https://davidmegginson.github.io/ourairports-data/airports.csv",
        "nivel_fuente_oficial": "aip_oficial_localizado",
        "servicio_regular_fuente": "OurAirports scheduled_service=yes",
        "fecha_actualizacion_dato": "2026-08-04",
        "observaciones": "Inclusión basada en scheduled_service=yes y código IATA de OurAirports. La existencia, denominación y códigos deben contrastarse con la AIP vigente antes de uso operacional. Coordenadas, elevación y pista proceden de OurAirports; la pista principal es la mayor pista no cerrada registrada. Campos incompletos: entidad operadora no verificada en una fuente oficial abierta. Roles adicionales identificados de forma conservadora: función_internacional.",
        "roles_adicionales": [
          "función_internacional"
        ]
      }
    },
    {
      "type": "Feature",
      "id": "CNF",
      "geometry": {
        "type": "Point",
        "coordinates": [
          -43.966928,
          -19.63571
        ]
      },
      "properties": {
        "clave_union": "CNF",
        "nombre_oficial": "Tancredo Neves International Airport",
        "codigo_iata": "CNF",
        "codigo_oaci": "SBCF",
        "pais": "Brasil",
        "provincia_estado_departamento": "Minas Gerais",
        "ciudad": "Belo Horizonte",
        "tipo": "internacional",
        "elevacion_m": 829,
        "longitud_pista_m": 3600,
        "entidad_operadora": null,
        "fuente": "DECEA AISWEB - AIP Brasil: https://aisweb.decea.mil.br/?i=publicacoes&p=aip | OurAirports: https://davidmegginson.github.io/ourairports-data/airports.csv, https://davidmegginson.github.io/ourairports-data/runways.csv, https://davidmegginson.github.io/ourairports-data/regions.csv",
        "fuente_tipo": "referencia_oficial+fuente_secundaria_complementaria",
        "fuente_oficial": "https://aisweb.decea.mil.br/?i=publicacoes&p=aip",
        "fuente_secundaria": "https://davidmegginson.github.io/ourairports-data/airports.csv",
        "nivel_fuente_oficial": "aip_oficial_localizado",
        "servicio_regular_fuente": "OurAirports scheduled_service=yes",
        "fecha_actualizacion_dato": "2026-08-04",
        "observaciones": "Inclusión basada en scheduled_service=yes y código IATA de OurAirports. La existencia, denominación y códigos deben contrastarse con la AIP vigente antes de uso operacional. Coordenadas, elevación y pista proceden de OurAirports; la pista principal es la mayor pista no cerrada registrada. Campos incompletos: entidad operadora no verificada en una fuente oficial abierta. Roles adicionales identificados de forma conservadora: función_internacional.",
        "roles_adicionales": [
          "función_internacional"
        ]
      }
    },
    {
      "type": "Feature",
      "id": "CPV",
      "geometry": {
        "type": "Point",
        "coordinates": [
          -35.896057,
          -7.269662
        ]
      },
      "properties": {
        "clave_union": "CPV",
        "nombre_oficial": "Presidente João Suassuna Airport",
        "codigo_iata": "CPV",
        "codigo_oaci": "SBKG",
        "pais": "Brasil",
        "provincia_estado_departamento": "Paraíba",
        "ciudad": "Campina Grande",
        "tipo": "doméstico",
        "elevacion_m": 502,
        "longitud_pista_m": 1565,
        "entidad_operadora": null,
        "fuente": "DECEA AISWEB - AIP Brasil: https://aisweb.decea.mil.br/?i=publicacoes&p=aip | OurAirports: https://davidmegginson.github.io/ourairports-data/airports.csv, https://davidmegginson.github.io/ourairports-data/runways.csv, https://davidmegginson.github.io/ourairports-data/regions.csv",
        "fuente_tipo": "referencia_oficial+fuente_secundaria_complementaria",
        "fuente_oficial": "https://aisweb.decea.mil.br/?i=publicacoes&p=aip",
        "fuente_secundaria": "https://davidmegginson.github.io/ourairports-data/airports.csv",
        "nivel_fuente_oficial": "aip_oficial_localizado",
        "servicio_regular_fuente": "OurAirports scheduled_service=yes",
        "fecha_actualizacion_dato": "2026-08-04",
        "observaciones": "Inclusión basada en scheduled_service=yes y código IATA de OurAirports. La existencia, denominación y códigos deben contrastarse con la AIP vigente antes de uso operacional. Coordenadas, elevación y pista proceden de OurAirports; la pista principal es la mayor pista no cerrada registrada. Campos incompletos: entidad operadora no verificada en una fuente oficial abierta.",
        "roles_adicionales": []
      }
    },
    {
      "type": "Feature",
      "id": "CWB",
      "geometry": {
        "type": "Point",
        "coordinates": [
          -49.1758,
          -25.5285
        ]
      },
      "properties": {
        "clave_union": "CWB",
        "nombre_oficial": "Curitiba-Afonso Pena International Airport",
        "codigo_iata": "CWB",
        "codigo_oaci": "SBCT",
        "pais": "Brasil",
        "provincia_estado_departamento": "Paraná",
        "ciudad": "Curitiba",
        "tipo": "internacional",
        "elevacion_m": 911,
        "longitud_pista_m": 2218,
        "entidad_operadora": null,
        "fuente": "DECEA AISWEB - AIP Brasil: https://aisweb.decea.mil.br/?i=publicacoes&p=aip | OurAirports: https://davidmegginson.github.io/ourairports-data/airports.csv, https://davidmegginson.github.io/ourairports-data/runways.csv, https://davidmegginson.github.io/ourairports-data/regions.csv",
        "fuente_tipo": "referencia_oficial+fuente_secundaria_complementaria",
        "fuente_oficial": "https://aisweb.decea.mil.br/?i=publicacoes&p=aip",
        "fuente_secundaria": "https://davidmegginson.github.io/ourairports-data/airports.csv",
        "nivel_fuente_oficial": "aip_oficial_localizado",
        "servicio_regular_fuente": "OurAirports scheduled_service=yes",
        "fecha_actualizacion_dato": "2026-08-04",
        "observaciones": "Inclusión basada en scheduled_service=yes y código IATA de OurAirports. La existencia, denominación y códigos deben contrastarse con la AIP vigente antes de uso operacional. Coordenadas, elevación y pista proceden de OurAirports; la pista principal es la mayor pista no cerrada registrada. Campos incompletos: entidad operadora no verificada en una fuente oficial abierta. Roles adicionales identificados de forma conservadora: función_internacional.",
        "roles_adicionales": [
          "función_internacional"
        ]
      }
    },
    {
      "type": "Feature",
      "id": "CXJ",
      "geometry": {
        "type": "Point",
        "coordinates": [
          -51.187647,
          -29.197183
        ]
      },
      "properties": {
        "clave_union": "CXJ",
        "nombre_oficial": "Hugo Cantergiani Regional Airport",
        "codigo_iata": "CXJ",
        "codigo_oaci": "SBCX",
        "pais": "Brasil",
        "provincia_estado_departamento": "Rio Grande do Sul",
        "ciudad": "Caxias Do Sul",
        "tipo": "doméstico",
        "elevacion_m": 753,
        "longitud_pista_m": 1670,
        "entidad_operadora": null,
        "fuente": "DECEA AISWEB - AIP Brasil: https://aisweb.decea.mil.br/?i=publicacoes&p=aip | OurAirports: https://davidmegginson.github.io/ourairports-data/airports.csv, https://davidmegginson.github.io/ourairports-data/runways.csv, https://davidmegginson.github.io/ourairports-data/regions.csv",
        "fuente_tipo": "referencia_oficial+fuente_secundaria_complementaria",
        "fuente_oficial": "https://aisweb.decea.mil.br/?i=publicacoes&p=aip",
        "fuente_secundaria": "https://davidmegginson.github.io/ourairports-data/airports.csv",
        "nivel_fuente_oficial": "aip_oficial_localizado",
        "servicio_regular_fuente": "OurAirports scheduled_service=yes",
        "fecha_actualizacion_dato": "2026-08-04",
        "observaciones": "Inclusión basada en scheduled_service=yes y código IATA de OurAirports. La existencia, denominación y códigos deben contrastarse con la AIP vigente antes de uso operacional. Coordenadas, elevación y pista proceden de OurAirports; la pista principal es la mayor pista no cerrada registrada. Campos incompletos: entidad operadora no verificada en una fuente oficial abierta.",
        "roles_adicionales": []
      }
    },
    {
      "type": "Feature",
      "id": "CZS",
      "geometry": {
        "type": "Point",
        "coordinates": [
          -72.769501,
          -7.59991
        ]
      },
      "properties": {
        "clave_union": "CZS",
        "nombre_oficial": "Cruzeiro do Sul Airport",
        "codigo_iata": "CZS",
        "codigo_oaci": "SBCZ",
        "pais": "Brasil",
        "provincia_estado_departamento": "Acre",
        "ciudad": "Cruzeiro Do Sul",
        "tipo": "doméstico",
        "elevacion_m": 194,
        "longitud_pista_m": 2400,
        "entidad_operadora": null,
        "fuente": "DECEA AISWEB - AIP Brasil: https://aisweb.decea.mil.br/?i=publicacoes&p=aip | OurAirports: https://davidmegginson.github.io/ourairports-data/airports.csv, https://davidmegginson.github.io/ourairports-data/runways.csv, https://davidmegginson.github.io/ourairports-data/regions.csv",
        "fuente_tipo": "referencia_oficial+fuente_secundaria_complementaria",
        "fuente_oficial": "https://aisweb.decea.mil.br/?i=publicacoes&p=aip",
        "fuente_secundaria": "https://davidmegginson.github.io/ourairports-data/airports.csv",
        "nivel_fuente_oficial": "aip_oficial_localizado",
        "servicio_regular_fuente": "OurAirports scheduled_service=yes",
        "fecha_actualizacion_dato": "2026-08-04",
        "observaciones": "Inclusión basada en scheduled_service=yes y código IATA de OurAirports. La existencia, denominación y códigos deben contrastarse con la AIP vigente antes de uso operacional. Coordenadas, elevación y pista proceden de OurAirports; la pista principal es la mayor pista no cerrada registrada. Campos incompletos: entidad operadora no verificada en una fuente oficial abierta.",
        "roles_adicionales": []
      }
    },
    {
      "type": "Feature",
      "id": "FBE",
      "geometry": {
        "type": "Point",
        "coordinates": [
          -53.063827,
          -26.05938
        ]
      },
      "properties": {
        "clave_union": "FBE",
        "nombre_oficial": "Paulo Abdala Airport",
        "codigo_iata": "FBE",
        "codigo_oaci": "SSFB",
        "pais": "Brasil",
        "provincia_estado_departamento": "Paraná",
        "ciudad": "Francisco Beltrão",
        "tipo": "doméstico",
        "elevacion_m": 644,
        "longitud_pista_m": 1320,
        "entidad_operadora": null,
        "fuente": "DECEA AISWEB - AIP Brasil: https://aisweb.decea.mil.br/?i=publicacoes&p=aip | OurAirports: https://davidmegginson.github.io/ourairports-data/airports.csv, https://davidmegginson.github.io/ourairports-data/runways.csv, https://davidmegginson.github.io/ourairports-data/regions.csv",
        "fuente_tipo": "referencia_oficial+fuente_secundaria_complementaria",
        "fuente_oficial": "https://aisweb.decea.mil.br/?i=publicacoes&p=aip",
        "fuente_secundaria": "https://davidmegginson.github.io/ourairports-data/airports.csv",
        "nivel_fuente_oficial": "aip_oficial_localizado",
        "servicio_regular_fuente": "OurAirports scheduled_service=yes",
        "fecha_actualizacion_dato": "2026-08-04",
        "observaciones": "Inclusión basada en scheduled_service=yes y código IATA de OurAirports. La existencia, denominación y códigos deben contrastarse con la AIP vigente antes de uso operacional. Coordenadas, elevación y pista proceden de OurAirports; la pista principal es la mayor pista no cerrada registrada. Campos incompletos: entidad operadora no verificada en una fuente oficial abierta.",
        "roles_adicionales": []
      }
    },
    {
      "type": "Feature",
      "id": "FEN",
      "geometry": {
        "type": "Point",
        "coordinates": [
          -32.423017,
          -3.854534
        ]
      },
      "properties": {
        "clave_union": "FEN",
        "nombre_oficial": "Fernando de Noronha Airport",
        "codigo_iata": "FEN",
        "codigo_oaci": "SBFN",
        "pais": "Brasil",
        "provincia_estado_departamento": "Pernambuco",
        "ciudad": "Fernando de Noronha",
        "tipo": "doméstico",
        "elevacion_m": 59,
        "longitud_pista_m": 1845,
        "entidad_operadora": null,
        "fuente": "DECEA AISWEB - AIP Brasil: https://aisweb.decea.mil.br/?i=publicacoes&p=aip | OurAirports: https://davidmegginson.github.io/ourairports-data/airports.csv, https://davidmegginson.github.io/ourairports-data/runways.csv, https://davidmegginson.github.io/ourairports-data/regions.csv",
        "fuente_tipo": "referencia_oficial+fuente_secundaria_complementaria",
        "fuente_oficial": "https://aisweb.decea.mil.br/?i=publicacoes&p=aip",
        "fuente_secundaria": "https://davidmegginson.github.io/ourairports-data/airports.csv",
        "nivel_fuente_oficial": "aip_oficial_localizado",
        "servicio_regular_fuente": "OurAirports scheduled_service=yes",
        "fecha_actualizacion_dato": "2026-08-04",
        "observaciones": "Inclusión basada en scheduled_service=yes y código IATA de OurAirports. La existencia, denominación y códigos deben contrastarse con la AIP vigente antes de uso operacional. Coordenadas, elevación y pista proceden de OurAirports; la pista principal es la mayor pista no cerrada registrada. Campos incompletos: entidad operadora no verificada en una fuente oficial abierta.",
        "roles_adicionales": []
      }
    },
    {
      "type": "Feature",
      "id": "FLN",
      "geometry": {
        "type": "Point",
        "coordinates": [
          -48.552502,
          -27.670279
        ]
      },
      "properties": {
        "clave_union": "FLN",
        "nombre_oficial": "Hercílio Luz International Airport",
        "codigo_iata": "FLN",
        "codigo_oaci": "SBFL",
        "pais": "Brasil",
        "provincia_estado_departamento": "Santa Catarina",
        "ciudad": "Florianópolis",
        "tipo": "internacional",
        "elevacion_m": 5,
        "longitud_pista_m": 2400,
        "entidad_operadora": null,
        "fuente": "DECEA AISWEB - AIP Brasil: https://aisweb.decea.mil.br/?i=publicacoes&p=aip | OurAirports: https://davidmegginson.github.io/ourairports-data/airports.csv, https://davidmegginson.github.io/ourairports-data/runways.csv, https://davidmegginson.github.io/ourairports-data/regions.csv",
        "fuente_tipo": "referencia_oficial+fuente_secundaria_complementaria",
        "fuente_oficial": "https://aisweb.decea.mil.br/?i=publicacoes&p=aip",
        "fuente_secundaria": "https://davidmegginson.github.io/ourairports-data/airports.csv",
        "nivel_fuente_oficial": "aip_oficial_localizado",
        "servicio_regular_fuente": "OurAirports scheduled_service=yes",
        "fecha_actualizacion_dato": "2026-08-04",
        "observaciones": "Inclusión basada en scheduled_service=yes y código IATA de OurAirports. La existencia, denominación y códigos deben contrastarse con la AIP vigente antes de uso operacional. Coordenadas, elevación y pista proceden de OurAirports; la pista principal es la mayor pista no cerrada registrada. Campos incompletos: entidad operadora no verificada en una fuente oficial abierta. Roles adicionales identificados de forma conservadora: función_internacional.",
        "roles_adicionales": [
          "función_internacional"
        ]
      }
    },
    {
      "type": "Feature",
      "id": "FOR",
      "geometry": {
        "type": "Point",
        "coordinates": [
          -38.532222,
          -3.775833
        ]
      },
      "properties": {
        "clave_union": "FOR",
        "nombre_oficial": "Pinto Martins International Airport",
        "codigo_iata": "FOR",
        "codigo_oaci": "SBFZ",
        "pais": "Brasil",
        "provincia_estado_departamento": "Ceará",
        "ciudad": "Fortaleza",
        "tipo": "internacional",
        "elevacion_m": 25,
        "longitud_pista_m": 2755,
        "entidad_operadora": null,
        "fuente": "DECEA AISWEB - AIP Brasil: https://aisweb.decea.mil.br/?i=publicacoes&p=aip | OurAirports: https://davidmegginson.github.io/ourairports-data/airports.csv, https://davidmegginson.github.io/ourairports-data/runways.csv, https://davidmegginson.github.io/ourairports-data/regions.csv",
        "fuente_tipo": "referencia_oficial+fuente_secundaria_complementaria",
        "fuente_oficial": "https://aisweb.decea.mil.br/?i=publicacoes&p=aip",
        "fuente_secundaria": "https://davidmegginson.github.io/ourairports-data/airports.csv",
        "nivel_fuente_oficial": "aip_oficial_localizado",
        "servicio_regular_fuente": "OurAirports scheduled_service=yes",
        "fecha_actualizacion_dato": "2026-08-04",
        "observaciones": "Inclusión basada en scheduled_service=yes y código IATA de OurAirports. La existencia, denominación y códigos deben contrastarse con la AIP vigente antes de uso operacional. Coordenadas, elevación y pista proceden de OurAirports; la pista principal es la mayor pista no cerrada registrada. Campos incompletos: entidad operadora no verificada en una fuente oficial abierta. Roles adicionales identificados de forma conservadora: función_internacional.",
        "roles_adicionales": [
          "función_internacional"
        ]
      }
    },
    {
      "type": "Feature",
      "id": "GEL",
      "geometry": {
        "type": "Point",
        "coordinates": [
          -54.169623,
          -28.282503
        ]
      },
      "properties": {
        "clave_union": "GEL",
        "nombre_oficial": "Santo Ângelo Airport",
        "codigo_iata": "GEL",
        "codigo_oaci": "SBNM",
        "pais": "Brasil",
        "provincia_estado_departamento": "Rio Grande do Sul",
        "ciudad": "Santo Ângelo",
        "tipo": "doméstico",
        "elevacion_m": 322,
        "longitud_pista_m": 1625,
        "entidad_operadora": null,
        "fuente": "DECEA AISWEB - AIP Brasil: https://aisweb.decea.mil.br/?i=publicacoes&p=aip | OurAirports: https://davidmegginson.github.io/ourairports-data/airports.csv, https://davidmegginson.github.io/ourairports-data/runways.csv, https://davidmegginson.github.io/ourairports-data/regions.csv",
        "fuente_tipo": "referencia_oficial+fuente_secundaria_complementaria",
        "fuente_oficial": "https://aisweb.decea.mil.br/?i=publicacoes&p=aip",
        "fuente_secundaria": "https://davidmegginson.github.io/ourairports-data/airports.csv",
        "nivel_fuente_oficial": "aip_oficial_localizado",
        "servicio_regular_fuente": "OurAirports scheduled_service=yes",
        "fecha_actualizacion_dato": "2026-08-04",
        "observaciones": "Inclusión basada en scheduled_service=yes y código IATA de OurAirports. La existencia, denominación y códigos deben contrastarse con la AIP vigente antes de uso operacional. Coordenadas, elevación y pista proceden de OurAirports; la pista principal es la mayor pista no cerrada registrada. Campos incompletos: entidad operadora no verificada en una fuente oficial abierta.",
        "roles_adicionales": []
      }
    },
    {
      "type": "Feature",
      "id": "GGF",
      "geometry": {
        "type": "Point",
        "coordinates": [
          -52.578214,
          -1.479524
        ]
      },
      "properties": {
        "clave_union": "GGF",
        "nombre_oficial": "Almeirim Airport",
        "codigo_iata": "GGF",
        "codigo_oaci": "SNYA",
        "pais": "Brasil",
        "provincia_estado_departamento": "Pará",
        "ciudad": "Almeirim",
        "tipo": "doméstico",
        "elevacion_m": 178,
        "longitud_pista_m": 1200,
        "entidad_operadora": null,
        "fuente": "DECEA AISWEB - AIP Brasil: https://aisweb.decea.mil.br/?i=publicacoes&p=aip | OurAirports: https://davidmegginson.github.io/ourairports-data/airports.csv, https://davidmegginson.github.io/ourairports-data/runways.csv, https://davidmegginson.github.io/ourairports-data/regions.csv",
        "fuente_tipo": "referencia_oficial+fuente_secundaria_complementaria",
        "fuente_oficial": "https://aisweb.decea.mil.br/?i=publicacoes&p=aip",
        "fuente_secundaria": "https://davidmegginson.github.io/ourairports-data/airports.csv",
        "nivel_fuente_oficial": "aip_oficial_localizado",
        "servicio_regular_fuente": "OurAirports scheduled_service=yes",
        "fecha_actualizacion_dato": "2026-08-04",
        "observaciones": "Inclusión basada en scheduled_service=yes y código IATA de OurAirports. La existencia, denominación y códigos deben contrastarse con la AIP vigente antes de uso operacional. Coordenadas, elevación y pista proceden de OurAirports; la pista principal es la mayor pista no cerrada registrada. Campos incompletos: entidad operadora no verificada en una fuente oficial abierta.",
        "roles_adicionales": []
      }
    },
    {
      "type": "Feature",
      "id": "GGJ",
      "geometry": {
        "type": "Point",
        "coordinates": [
          -54.1917,
          -24.0811
        ]
      },
      "properties": {
        "clave_union": "GGJ",
        "nombre_oficial": "Guaíra Airport",
        "codigo_iata": "GGJ",
        "codigo_oaci": "SSGY",
        "pais": "Brasil",
        "provincia_estado_departamento": "Paraná",
        "ciudad": "Guaíra",
        "tipo": "doméstico",
        "elevacion_m": 271,
        "longitud_pista_m": 1300,
        "entidad_operadora": null,
        "fuente": "DECEA AISWEB - AIP Brasil: https://aisweb.decea.mil.br/?i=publicacoes&p=aip | OurAirports: https://davidmegginson.github.io/ourairports-data/airports.csv, https://davidmegginson.github.io/ourairports-data/runways.csv, https://davidmegginson.github.io/ourairports-data/regions.csv",
        "fuente_tipo": "referencia_oficial+fuente_secundaria_complementaria",
        "fuente_oficial": "https://aisweb.decea.mil.br/?i=publicacoes&p=aip",
        "fuente_secundaria": "https://davidmegginson.github.io/ourairports-data/airports.csv",
        "nivel_fuente_oficial": "aip_oficial_localizado",
        "servicio_regular_fuente": "OurAirports scheduled_service=yes",
        "fecha_actualizacion_dato": "2026-08-04",
        "observaciones": "Inclusión basada en scheduled_service=yes y código IATA de OurAirports. La existencia, denominación y códigos deben contrastarse con la AIP vigente antes de uso operacional. Coordenadas, elevación y pista proceden de OurAirports; la pista principal es la mayor pista no cerrada registrada. Campos incompletos: entidad operadora no verificada en una fuente oficial abierta.",
        "roles_adicionales": []
      }
    },
    {
      "type": "Feature",
      "id": "GIG",
      "geometry": {
        "type": "Point",
        "coordinates": [
          -43.250557,
          -22.809999
        ]
      },
      "properties": {
        "clave_union": "GIG",
        "nombre_oficial": "Rio Galeão – Tom Jobim International Airport",
        "codigo_iata": "GIG",
        "codigo_oaci": "SBGL",
        "pais": "Brasil",
        "provincia_estado_departamento": "Rio de Janeiro",
        "ciudad": "Rio De Janeiro",
        "tipo": "internacional",
        "elevacion_m": 9,
        "longitud_pista_m": 4000,
        "entidad_operadora": null,
        "fuente": "DECEA AISWEB - AIP Brasil: https://aisweb.decea.mil.br/?i=publicacoes&p=aip | OurAirports: https://davidmegginson.github.io/ourairports-data/airports.csv, https://davidmegginson.github.io/ourairports-data/runways.csv, https://davidmegginson.github.io/ourairports-data/regions.csv",
        "fuente_tipo": "referencia_oficial+fuente_secundaria_complementaria",
        "fuente_oficial": "https://aisweb.decea.mil.br/?i=publicacoes&p=aip",
        "fuente_secundaria": "https://davidmegginson.github.io/ourairports-data/airports.csv",
        "nivel_fuente_oficial": "aip_oficial_localizado",
        "servicio_regular_fuente": "OurAirports scheduled_service=yes",
        "fecha_actualizacion_dato": "2026-08-04",
        "observaciones": "Inclusión basada en scheduled_service=yes y código IATA de OurAirports. La existencia, denominación y códigos deben contrastarse con la AIP vigente antes de uso operacional. Coordenadas, elevación y pista proceden de OurAirports; la pista principal es la mayor pista no cerrada registrada. Campos incompletos: entidad operadora no verificada en una fuente oficial abierta. Roles adicionales identificados de forma conservadora: carga_relevante, función_internacional.",
        "roles_adicionales": [
          "carga_relevante",
          "función_internacional"
        ]
      }
    },
    {
      "type": "Feature",
      "id": "GRU",
      "geometry": {
        "type": "Point",
        "coordinates": [
          -46.469954,
          -23.431274
        ]
      },
      "properties": {
        "clave_union": "GRU",
        "nombre_oficial": "São Paulo/Guarulhos–Governor André Franco Montoro International Airport",
        "codigo_iata": "GRU",
        "codigo_oaci": "SBGR",
        "pais": "Brasil",
        "provincia_estado_departamento": "São Paulo",
        "ciudad": "São Paulo",
        "tipo": "internacional",
        "elevacion_m": 750,
        "longitud_pista_m": 3700,
        "entidad_operadora": null,
        "fuente": "DECEA AISWEB - AIP Brasil: https://aisweb.decea.mil.br/?i=publicacoes&p=aip | OurAirports: https://davidmegginson.github.io/ourairports-data/airports.csv, https://davidmegginson.github.io/ourairports-data/runways.csv, https://davidmegginson.github.io/ourairports-data/regions.csv",
        "fuente_tipo": "referencia_oficial+fuente_secundaria_complementaria",
        "fuente_oficial": "https://aisweb.decea.mil.br/?i=publicacoes&p=aip",
        "fuente_secundaria": "https://davidmegginson.github.io/ourairports-data/airports.csv",
        "nivel_fuente_oficial": "aip_oficial_localizado",
        "servicio_regular_fuente": "OurAirports scheduled_service=yes",
        "fecha_actualizacion_dato": "2026-08-04",
        "observaciones": "Inclusión basada en scheduled_service=yes y código IATA de OurAirports. La existencia, denominación y códigos deben contrastarse con la AIP vigente antes de uso operacional. Coordenadas, elevación y pista proceden de OurAirports; la pista principal es la mayor pista no cerrada registrada. Campos incompletos: entidad operadora no verificada en una fuente oficial abierta. Roles adicionales identificados de forma conservadora: carga_relevante, función_internacional.",
        "roles_adicionales": [
          "carga_relevante",
          "función_internacional"
        ]
      }
    },
    {
      "type": "Feature",
      "id": "GUZ",
      "geometry": {
        "type": "Point",
        "coordinates": [
          -40.491901,
          -20.6465
        ]
      },
      "properties": {
        "clave_union": "GUZ",
        "nombre_oficial": "Guarapari Airport",
        "codigo_iata": "GUZ",
        "codigo_oaci": "SNGA",
        "pais": "Brasil",
        "provincia_estado_departamento": "Espírito Santo",
        "ciudad": "Guarapari",
        "tipo": "doméstico",
        "elevacion_m": 9,
        "longitud_pista_m": 1088,
        "entidad_operadora": null,
        "fuente": "DECEA AISWEB - AIP Brasil: https://aisweb.decea.mil.br/?i=publicacoes&p=aip | OurAirports: https://davidmegginson.github.io/ourairports-data/airports.csv, https://davidmegginson.github.io/ourairports-data/runways.csv, https://davidmegginson.github.io/ourairports-data/regions.csv",
        "fuente_tipo": "referencia_oficial+fuente_secundaria_complementaria",
        "fuente_oficial": "https://aisweb.decea.mil.br/?i=publicacoes&p=aip",
        "fuente_secundaria": "https://davidmegginson.github.io/ourairports-data/airports.csv",
        "nivel_fuente_oficial": "aip_oficial_localizado",
        "servicio_regular_fuente": "OurAirports scheduled_service=yes",
        "fecha_actualizacion_dato": "2026-08-04",
        "observaciones": "Inclusión basada en scheduled_service=yes y código IATA de OurAirports. La existencia, denominación y códigos deben contrastarse con la AIP vigente antes de uso operacional. Coordenadas, elevación y pista proceden de OurAirports; la pista principal es la mayor pista no cerrada registrada. Campos incompletos: entidad operadora no verificada en una fuente oficial abierta.",
        "roles_adicionales": []
      }
    },
    {
      "type": "Feature",
      "id": "GVR",
      "geometry": {
        "type": "Point",
        "coordinates": [
          -41.982869,
          -18.895882
        ]
      },
      "properties": {
        "clave_union": "GVR",
        "nombre_oficial": "Coronel Altino Machado Airport",
        "codigo_iata": "GVR",
        "codigo_oaci": "SBGV",
        "pais": "Brasil",
        "provincia_estado_departamento": "Minas Gerais",
        "ciudad": "Governador Valadares",
        "tipo": "doméstico",
        "elevacion_m": 171,
        "longitud_pista_m": 1701,
        "entidad_operadora": null,
        "fuente": "DECEA AISWEB - AIP Brasil: https://aisweb.decea.mil.br/?i=publicacoes&p=aip | OurAirports: https://davidmegginson.github.io/ourairports-data/airports.csv, https://davidmegginson.github.io/ourairports-data/runways.csv, https://davidmegginson.github.io/ourairports-data/regions.csv",
        "fuente_tipo": "referencia_oficial+fuente_secundaria_complementaria",
        "fuente_oficial": "https://aisweb.decea.mil.br/?i=publicacoes&p=aip",
        "fuente_secundaria": "https://davidmegginson.github.io/ourairports-data/airports.csv",
        "nivel_fuente_oficial": "aip_oficial_localizado",
        "servicio_regular_fuente": "OurAirports scheduled_service=yes",
        "fecha_actualizacion_dato": "2026-08-04",
        "observaciones": "Inclusión basada en scheduled_service=yes y código IATA de OurAirports. La existencia, denominación y códigos deben contrastarse con la AIP vigente antes de uso operacional. Coordenadas, elevación y pista proceden de OurAirports; la pista principal es la mayor pista no cerrada registrada. Campos incompletos: entidad operadora no verificada en una fuente oficial abierta.",
        "roles_adicionales": []
      }
    },
    {
      "type": "Feature",
      "id": "GYN",
      "geometry": {
        "type": "Point",
        "coordinates": [
          -49.220699,
          -16.632
        ]
      },
      "properties": {
        "clave_union": "GYN",
        "nombre_oficial": "Santa Genoveva International Airport",
        "codigo_iata": "GYN",
        "codigo_oaci": "SBGO",
        "pais": "Brasil",
        "provincia_estado_departamento": "Goiás",
        "ciudad": "Goiânia",
        "tipo": "internacional",
        "elevacion_m": 747,
        "longitud_pista_m": 2286,
        "entidad_operadora": null,
        "fuente": "DECEA AISWEB - AIP Brasil: https://aisweb.decea.mil.br/?i=publicacoes&p=aip | OurAirports: https://davidmegginson.github.io/ourairports-data/airports.csv, https://davidmegginson.github.io/ourairports-data/runways.csv, https://davidmegginson.github.io/ourairports-data/regions.csv",
        "fuente_tipo": "referencia_oficial+fuente_secundaria_complementaria",
        "fuente_oficial": "https://aisweb.decea.mil.br/?i=publicacoes&p=aip",
        "fuente_secundaria": "https://davidmegginson.github.io/ourairports-data/airports.csv",
        "nivel_fuente_oficial": "aip_oficial_localizado",
        "servicio_regular_fuente": "OurAirports scheduled_service=yes",
        "fecha_actualizacion_dato": "2026-08-04",
        "observaciones": "Inclusión basada en scheduled_service=yes y código IATA de OurAirports. La existencia, denominación y códigos deben contrastarse con la AIP vigente antes de uso operacional. Coordenadas, elevación y pista proceden de OurAirports; la pista principal es la mayor pista no cerrada registrada. Campos incompletos: entidad operadora no verificada en una fuente oficial abierta. Roles adicionales identificados de forma conservadora: función_internacional.",
        "roles_adicionales": [
          "función_internacional"
        ]
      }
    },
    {
      "type": "Feature",
      "id": "IGU",
      "geometry": {
        "type": "Point",
        "coordinates": [
          -54.489444,
          -25.594167
        ]
      },
      "properties": {
        "clave_union": "IGU",
        "nombre_oficial": "Cataratas International Airport",
        "codigo_iata": "IGU",
        "codigo_oaci": "SBFI",
        "pais": "Brasil",
        "provincia_estado_departamento": "Paraná",
        "ciudad": "Foz do Iguaçu",
        "tipo": "internacional",
        "elevacion_m": 240,
        "longitud_pista_m": 2705,
        "entidad_operadora": null,
        "fuente": "DECEA AISWEB - AIP Brasil: https://aisweb.decea.mil.br/?i=publicacoes&p=aip | OurAirports: https://davidmegginson.github.io/ourairports-data/airports.csv, https://davidmegginson.github.io/ourairports-data/runways.csv, https://davidmegginson.github.io/ourairports-data/regions.csv",
        "fuente_tipo": "referencia_oficial+fuente_secundaria_complementaria",
        "fuente_oficial": "https://aisweb.decea.mil.br/?i=publicacoes&p=aip",
        "fuente_secundaria": "https://davidmegginson.github.io/ourairports-data/airports.csv",
        "nivel_fuente_oficial": "aip_oficial_localizado",
        "servicio_regular_fuente": "OurAirports scheduled_service=yes",
        "fecha_actualizacion_dato": "2026-08-04",
        "observaciones": "Inclusión basada en scheduled_service=yes y código IATA de OurAirports. La existencia, denominación y códigos deben contrastarse con la AIP vigente antes de uso operacional. Coordenadas, elevación y pista proceden de OurAirports; la pista principal es la mayor pista no cerrada registrada. Campos incompletos: entidad operadora no verificada en una fuente oficial abierta. Roles adicionales identificados de forma conservadora: función_internacional.",
        "roles_adicionales": [
          "función_internacional"
        ]
      }
    },
    {
      "type": "Feature",
      "id": "IMP",
      "geometry": {
        "type": "Point",
        "coordinates": [
          -47.459999,
          -5.53129
        ]
      },
      "properties": {
        "clave_union": "IMP",
        "nombre_oficial": "Prefeito Renato Moreira Airport",
        "codigo_iata": "IMP",
        "codigo_oaci": "SBIZ",
        "pais": "Brasil",
        "provincia_estado_departamento": "Maranhão",
        "ciudad": "Imperatriz",
        "tipo": "internacional",
        "elevacion_m": 131,
        "longitud_pista_m": 1798,
        "entidad_operadora": null,
        "fuente": "DECEA AISWEB - AIP Brasil: https://aisweb.decea.mil.br/?i=publicacoes&p=aip | OurAirports: https://davidmegginson.github.io/ourairports-data/airports.csv, https://davidmegginson.github.io/ourairports-data/runways.csv, https://davidmegginson.github.io/ourairports-data/regions.csv",
        "fuente_tipo": "referencia_oficial+fuente_secundaria_complementaria",
        "fuente_oficial": "https://aisweb.decea.mil.br/?i=publicacoes&p=aip",
        "fuente_secundaria": "https://davidmegginson.github.io/ourairports-data/airports.csv",
        "nivel_fuente_oficial": "aip_oficial_localizado",
        "servicio_regular_fuente": "OurAirports scheduled_service=yes",
        "fecha_actualizacion_dato": "2026-08-04",
        "observaciones": "Inclusión basada en scheduled_service=yes y código IATA de OurAirports. La existencia, denominación y códigos deben contrastarse con la AIP vigente antes de uso operacional. Coordenadas, elevación y pista proceden de OurAirports; la pista principal es la mayor pista no cerrada registrada. Campos incompletos: entidad operadora no verificada en una fuente oficial abierta. Roles adicionales identificados de forma conservadora: función_internacional.",
        "roles_adicionales": [
          "función_internacional"
        ]
      }
    },
    {
      "type": "Feature",
      "id": "IOS",
      "geometry": {
        "type": "Point",
        "coordinates": [
          -39.033458,
          -14.815929
        ]
      },
      "properties": {
        "clave_union": "IOS",
        "nombre_oficial": "Bahia - Jorge Amado Airport",
        "codigo_iata": "IOS",
        "codigo_oaci": "SBIL",
        "pais": "Brasil",
        "provincia_estado_departamento": "Bahia",
        "ciudad": "Ilhéus",
        "tipo": "doméstico",
        "elevacion_m": 5,
        "longitud_pista_m": 1577,
        "entidad_operadora": null,
        "fuente": "DECEA AISWEB - AIP Brasil: https://aisweb.decea.mil.br/?i=publicacoes&p=aip | OurAirports: https://davidmegginson.github.io/ourairports-data/airports.csv, https://davidmegginson.github.io/ourairports-data/runways.csv, https://davidmegginson.github.io/ourairports-data/regions.csv",
        "fuente_tipo": "referencia_oficial+fuente_secundaria_complementaria",
        "fuente_oficial": "https://aisweb.decea.mil.br/?i=publicacoes&p=aip",
        "fuente_secundaria": "https://davidmegginson.github.io/ourairports-data/airports.csv",
        "nivel_fuente_oficial": "aip_oficial_localizado",
        "servicio_regular_fuente": "OurAirports scheduled_service=yes",
        "fecha_actualizacion_dato": "2026-08-04",
        "observaciones": "Inclusión basada en scheduled_service=yes y código IATA de OurAirports. La existencia, denominación y códigos deben contrastarse con la AIP vigente antes de uso operacional. Coordenadas, elevación y pista proceden de OurAirports; la pista principal es la mayor pista no cerrada registrada. Campos incompletos: entidad operadora no verificada en una fuente oficial abierta.",
        "roles_adicionales": []
      }
    },
    {
      "type": "Feature",
      "id": "IPN",
      "geometry": {
        "type": "Point",
        "coordinates": [
          -42.487598,
          -19.470699
        ]
      },
      "properties": {
        "clave_union": "IPN",
        "nombre_oficial": "Usiminas Airport",
        "codigo_iata": "IPN",
        "codigo_oaci": "SBIP",
        "pais": "Brasil",
        "provincia_estado_departamento": "Minas Gerais",
        "ciudad": "Ipatinga",
        "tipo": "doméstico",
        "elevacion_m": 240,
        "longitud_pista_m": 2004,
        "entidad_operadora": null,
        "fuente": "DECEA AISWEB - AIP Brasil: https://aisweb.decea.mil.br/?i=publicacoes&p=aip | OurAirports: https://davidmegginson.github.io/ourairports-data/airports.csv, https://davidmegginson.github.io/ourairports-data/runways.csv, https://davidmegginson.github.io/ourairports-data/regions.csv",
        "fuente_tipo": "referencia_oficial+fuente_secundaria_complementaria",
        "fuente_oficial": "https://aisweb.decea.mil.br/?i=publicacoes&p=aip",
        "fuente_secundaria": "https://davidmegginson.github.io/ourairports-data/airports.csv",
        "nivel_fuente_oficial": "aip_oficial_localizado",
        "servicio_regular_fuente": "OurAirports scheduled_service=yes",
        "fecha_actualizacion_dato": "2026-08-04",
        "observaciones": "Inclusión basada en scheduled_service=yes y código IATA de OurAirports. La existencia, denominación y códigos deben contrastarse con la AIP vigente antes de uso operacional. Coordenadas, elevación y pista proceden de OurAirports; la pista principal es la mayor pista no cerrada registrada. Campos incompletos: entidad operadora no verificada en una fuente oficial abierta.",
        "roles_adicionales": []
      }
    },
    {
      "type": "Feature",
      "id": "IRZ",
      "geometry": {
        "type": "Point",
        "coordinates": [
          -64.992558,
          -0.378604
        ]
      },
      "properties": {
        "clave_union": "IRZ",
        "nombre_oficial": "Tapuruquara Airport",
        "codigo_iata": "IRZ",
        "codigo_oaci": "SWTP",
        "pais": "Brasil",
        "provincia_estado_departamento": "Amazonas",
        "ciudad": "Santa Isabel do Rio Negro",
        "tipo": "doméstico",
        "elevacion_m": 43,
        "longitud_pista_m": 1200,
        "entidad_operadora": null,
        "fuente": "DECEA AISWEB - AIP Brasil: https://aisweb.decea.mil.br/?i=publicacoes&p=aip | OurAirports: https://davidmegginson.github.io/ourairports-data/airports.csv, https://davidmegginson.github.io/ourairports-data/runways.csv, https://davidmegginson.github.io/ourairports-data/regions.csv",
        "fuente_tipo": "referencia_oficial+fuente_secundaria_complementaria",
        "fuente_oficial": "https://aisweb.decea.mil.br/?i=publicacoes&p=aip",
        "fuente_secundaria": "https://davidmegginson.github.io/ourairports-data/airports.csv",
        "nivel_fuente_oficial": "aip_oficial_localizado",
        "servicio_regular_fuente": "OurAirports scheduled_service=yes",
        "fecha_actualizacion_dato": "2026-08-04",
        "observaciones": "Inclusión basada en scheduled_service=yes y código IATA de OurAirports. La existencia, denominación y códigos deben contrastarse con la AIP vigente antes de uso operacional. Coordenadas, elevación y pista proceden de OurAirports; la pista principal es la mayor pista no cerrada registrada. Campos incompletos: entidad operadora no verificada en una fuente oficial abierta.",
        "roles_adicionales": []
      }
    },
    {
      "type": "Feature",
      "id": "ITB",
      "geometry": {
        "type": "Point",
        "coordinates": [
          -56.000651,
          -4.242131
        ]
      },
      "properties": {
        "clave_union": "ITB",
        "nombre_oficial": "Itaituba Airport",
        "codigo_iata": "ITB",
        "codigo_oaci": "SBIH",
        "pais": "Brasil",
        "provincia_estado_departamento": "Pará",
        "ciudad": "Itaituba",
        "tipo": "doméstico",
        "elevacion_m": 34,
        "longitud_pista_m": 1700,
        "entidad_operadora": null,
        "fuente": "DECEA AISWEB - AIP Brasil: https://aisweb.decea.mil.br/?i=publicacoes&p=aip | OurAirports: https://davidmegginson.github.io/ourairports-data/airports.csv, https://davidmegginson.github.io/ourairports-data/runways.csv, https://davidmegginson.github.io/ourairports-data/regions.csv",
        "fuente_tipo": "referencia_oficial+fuente_secundaria_complementaria",
        "fuente_oficial": "https://aisweb.decea.mil.br/?i=publicacoes&p=aip",
        "fuente_secundaria": "https://davidmegginson.github.io/ourairports-data/airports.csv",
        "nivel_fuente_oficial": "aip_oficial_localizado",
        "servicio_regular_fuente": "OurAirports scheduled_service=yes",
        "fecha_actualizacion_dato": "2026-08-04",
        "observaciones": "Inclusión basada en scheduled_service=yes y código IATA de OurAirports. La existencia, denominación y códigos deben contrastarse con la AIP vigente antes de uso operacional. Coordenadas, elevación y pista proceden de OurAirports; la pista principal es la mayor pista no cerrada registrada. Campos incompletos: entidad operadora no verificada en una fuente oficial abierta.",
        "roles_adicionales": []
      }
    },
    {
      "type": "Feature",
      "id": "IZA",
      "geometry": {
        "type": "Point",
        "coordinates": [
          -43.173069,
          -21.513086
        ]
      },
      "properties": {
        "clave_union": "IZA",
        "nombre_oficial": "Presidente Itamar Franco Airport",
        "codigo_iata": "IZA",
        "codigo_oaci": "SBZM",
        "pais": "Brasil",
        "provincia_estado_departamento": "Minas Gerais",
        "ciudad": "Juiz de Fora",
        "tipo": "doméstico",
        "elevacion_m": 411,
        "longitud_pista_m": 2525,
        "entidad_operadora": null,
        "fuente": "DECEA AISWEB - AIP Brasil: https://aisweb.decea.mil.br/?i=publicacoes&p=aip | OurAirports: https://davidmegginson.github.io/ourairports-data/airports.csv, https://davidmegginson.github.io/ourairports-data/runways.csv, https://davidmegginson.github.io/ourairports-data/regions.csv",
        "fuente_tipo": "referencia_oficial+fuente_secundaria_complementaria",
        "fuente_oficial": "https://aisweb.decea.mil.br/?i=publicacoes&p=aip",
        "fuente_secundaria": "https://davidmegginson.github.io/ourairports-data/airports.csv",
        "nivel_fuente_oficial": "aip_oficial_localizado",
        "servicio_regular_fuente": "OurAirports scheduled_service=yes",
        "fecha_actualizacion_dato": "2026-08-04",
        "observaciones": "Inclusión basada en scheduled_service=yes y código IATA de OurAirports. La existencia, denominación y códigos deben contrastarse con la AIP vigente antes de uso operacional. Coordenadas, elevación y pista proceden de OurAirports; la pista principal es la mayor pista no cerrada registrada. Campos incompletos: entidad operadora no verificada en una fuente oficial abierta.",
        "roles_adicionales": []
      }
    },
    {
      "type": "Feature",
      "id": "JDF",
      "geometry": {
        "type": "Point",
        "coordinates": [
          -43.386072,
          -21.791482
        ]
      },
      "properties": {
        "clave_union": "JDF",
        "nombre_oficial": "Francisco de Assis Airport",
        "codigo_iata": "JDF",
        "codigo_oaci": "SBJF",
        "pais": "Brasil",
        "provincia_estado_departamento": "Minas Gerais",
        "ciudad": "Juiz de Fora",
        "tipo": "doméstico",
        "elevacion_m": 911,
        "longitud_pista_m": 1535,
        "entidad_operadora": null,
        "fuente": "DECEA AISWEB - AIP Brasil: https://aisweb.decea.mil.br/?i=publicacoes&p=aip | OurAirports: https://davidmegginson.github.io/ourairports-data/airports.csv, https://davidmegginson.github.io/ourairports-data/runways.csv, https://davidmegginson.github.io/ourairports-data/regions.csv",
        "fuente_tipo": "referencia_oficial+fuente_secundaria_complementaria",
        "fuente_oficial": "https://aisweb.decea.mil.br/?i=publicacoes&p=aip",
        "fuente_secundaria": "https://davidmegginson.github.io/ourairports-data/airports.csv",
        "nivel_fuente_oficial": "aip_oficial_localizado",
        "servicio_regular_fuente": "OurAirports scheduled_service=yes",
        "fecha_actualizacion_dato": "2026-08-04",
        "observaciones": "Inclusión basada en scheduled_service=yes y código IATA de OurAirports. La existencia, denominación y códigos deben contrastarse con la AIP vigente antes de uso operacional. Coordenadas, elevación y pista proceden de OurAirports; la pista principal es la mayor pista no cerrada registrada. Campos incompletos: entidad operadora no verificada en una fuente oficial abierta.",
        "roles_adicionales": []
      }
    },
    {
      "type": "Feature",
      "id": "JDO",
      "geometry": {
        "type": "Point",
        "coordinates": [
          -39.269096,
          -7.21932
        ]
      },
      "properties": {
        "clave_union": "JDO",
        "nombre_oficial": "Orlando Bezerra de Menezes Airport",
        "codigo_iata": "JDO",
        "codigo_oaci": "SBJU",
        "pais": "Brasil",
        "provincia_estado_departamento": "Ceará",
        "ciudad": "Juazeiro do Norte",
        "tipo": "doméstico",
        "elevacion_m": 409,
        "longitud_pista_m": 1940,
        "entidad_operadora": null,
        "fuente": "DECEA AISWEB - AIP Brasil: https://aisweb.decea.mil.br/?i=publicacoes&p=aip | OurAirports: https://davidmegginson.github.io/ourairports-data/airports.csv, https://davidmegginson.github.io/ourairports-data/runways.csv, https://davidmegginson.github.io/ourairports-data/regions.csv",
        "fuente_tipo": "referencia_oficial+fuente_secundaria_complementaria",
        "fuente_oficial": "https://aisweb.decea.mil.br/?i=publicacoes&p=aip",
        "fuente_secundaria": "https://davidmegginson.github.io/ourairports-data/airports.csv",
        "nivel_fuente_oficial": "aip_oficial_localizado",
        "servicio_regular_fuente": "OurAirports scheduled_service=yes",
        "fecha_actualizacion_dato": "2026-08-04",
        "observaciones": "Inclusión basada en scheduled_service=yes y código IATA de OurAirports. La existencia, denominación y códigos deben contrastarse con la AIP vigente antes de uso operacional. Coordenadas, elevación y pista proceden de OurAirports; la pista principal es la mayor pista no cerrada registrada. Campos incompletos: entidad operadora no verificada en una fuente oficial abierta.",
        "roles_adicionales": []
      }
    },
    {
      "type": "Feature",
      "id": "JJD",
      "geometry": {
        "type": "Point",
        "coordinates": [
          -40.357338,
          -2.906425
        ]
      },
      "properties": {
        "clave_union": "JJD",
        "nombre_oficial": "Comandante Ariston Pessoa Airport",
        "codigo_iata": "JJD",
        "codigo_oaci": "SBJE",
        "pais": "Brasil",
        "provincia_estado_departamento": "Ceará",
        "ciudad": "Cruz",
        "tipo": "doméstico",
        "elevacion_m": 27,
        "longitud_pista_m": 2200,
        "entidad_operadora": null,
        "fuente": "DECEA AISWEB - AIP Brasil: https://aisweb.decea.mil.br/?i=publicacoes&p=aip | OurAirports: https://davidmegginson.github.io/ourairports-data/airports.csv, https://davidmegginson.github.io/ourairports-data/runways.csv, https://davidmegginson.github.io/ourairports-data/regions.csv",
        "fuente_tipo": "referencia_oficial+fuente_secundaria_complementaria",
        "fuente_oficial": "https://aisweb.decea.mil.br/?i=publicacoes&p=aip",
        "fuente_secundaria": "https://davidmegginson.github.io/ourairports-data/airports.csv",
        "nivel_fuente_oficial": "aip_oficial_localizado",
        "servicio_regular_fuente": "OurAirports scheduled_service=yes",
        "fecha_actualizacion_dato": "2026-08-04",
        "observaciones": "Inclusión basada en scheduled_service=yes y código IATA de OurAirports. La existencia, denominación y códigos deben contrastarse con la AIP vigente antes de uso operacional. Coordenadas, elevación y pista proceden de OurAirports; la pista principal es la mayor pista no cerrada registrada. Campos incompletos: entidad operadora no verificada en una fuente oficial abierta.",
        "roles_adicionales": []
      }
    },
    {
      "type": "Feature",
      "id": "JJG",
      "geometry": {
        "type": "Point",
        "coordinates": [
          -49.0596,
          -28.6753
        ]
      },
      "properties": {
        "clave_union": "JJG",
        "nombre_oficial": "Humberto Ghizzo Bortoluzzi Regional Airport",
        "codigo_iata": "JJG",
        "codigo_oaci": "SBJA",
        "pais": "Brasil",
        "provincia_estado_departamento": "Santa Catarina",
        "ciudad": "Jaguaruna",
        "tipo": "doméstico",
        "elevacion_m": 37,
        "longitud_pista_m": 2499,
        "entidad_operadora": null,
        "fuente": "DECEA AISWEB - AIP Brasil: https://aisweb.decea.mil.br/?i=publicacoes&p=aip | OurAirports: https://davidmegginson.github.io/ourairports-data/airports.csv, https://davidmegginson.github.io/ourairports-data/runways.csv, https://davidmegginson.github.io/ourairports-data/regions.csv",
        "fuente_tipo": "referencia_oficial+fuente_secundaria_complementaria",
        "fuente_oficial": "https://aisweb.decea.mil.br/?i=publicacoes&p=aip",
        "fuente_secundaria": "https://davidmegginson.github.io/ourairports-data/airports.csv",
        "nivel_fuente_oficial": "aip_oficial_localizado",
        "servicio_regular_fuente": "OurAirports scheduled_service=yes",
        "fecha_actualizacion_dato": "2026-08-04",
        "observaciones": "Inclusión basada en scheduled_service=yes y código IATA de OurAirports. La existencia, denominación y códigos deben contrastarse con la AIP vigente antes de uso operacional. Coordenadas, elevación y pista proceden de OurAirports; la pista principal es la mayor pista no cerrada registrada. Campos incompletos: entidad operadora no verificada en una fuente oficial abierta.",
        "roles_adicionales": []
      }
    },
    {
      "type": "Feature",
      "id": "JOI",
      "geometry": {
        "type": "Point",
        "coordinates": [
          -48.797401,
          -26.224501
        ]
      },
      "properties": {
        "clave_union": "JOI",
        "nombre_oficial": "Lauro Carneiro de Loyola Airport",
        "codigo_iata": "JOI",
        "codigo_oaci": "SBJV",
        "pais": "Brasil",
        "provincia_estado_departamento": "Santa Catarina",
        "ciudad": "Joinville",
        "tipo": "doméstico",
        "elevacion_m": 5,
        "longitud_pista_m": 1640,
        "entidad_operadora": null,
        "fuente": "DECEA AISWEB - AIP Brasil: https://aisweb.decea.mil.br/?i=publicacoes&p=aip | OurAirports: https://davidmegginson.github.io/ourairports-data/airports.csv, https://davidmegginson.github.io/ourairports-data/runways.csv, https://davidmegginson.github.io/ourairports-data/regions.csv",
        "fuente_tipo": "referencia_oficial+fuente_secundaria_complementaria",
        "fuente_oficial": "https://aisweb.decea.mil.br/?i=publicacoes&p=aip",
        "fuente_secundaria": "https://davidmegginson.github.io/ourairports-data/airports.csv",
        "nivel_fuente_oficial": "aip_oficial_localizado",
        "servicio_regular_fuente": "OurAirports scheduled_service=yes",
        "fecha_actualizacion_dato": "2026-08-04",
        "observaciones": "Inclusión basada en scheduled_service=yes y código IATA de OurAirports. La existencia, denominación y códigos deben contrastarse con la AIP vigente antes de uso operacional. Coordenadas, elevación y pista proceden de OurAirports; la pista principal es la mayor pista no cerrada registrada. Campos incompletos: entidad operadora no verificada en una fuente oficial abierta.",
        "roles_adicionales": []
      }
    },
    {
      "type": "Feature",
      "id": "JPA",
      "geometry": {
        "type": "Point",
        "coordinates": [
          -34.950554,
          -7.148691
        ]
      },
      "properties": {
        "clave_union": "JPA",
        "nombre_oficial": "Presidente Castro Pinto International Airport",
        "codigo_iata": "JPA",
        "codigo_oaci": "SBJP",
        "pais": "Brasil",
        "provincia_estado_departamento": "Paraíba",
        "ciudad": "João Pessoa",
        "tipo": "internacional",
        "elevacion_m": 66,
        "longitud_pista_m": 2515,
        "entidad_operadora": null,
        "fuente": "DECEA AISWEB - AIP Brasil: https://aisweb.decea.mil.br/?i=publicacoes&p=aip | OurAirports: https://davidmegginson.github.io/ourairports-data/airports.csv, https://davidmegginson.github.io/ourairports-data/runways.csv, https://davidmegginson.github.io/ourairports-data/regions.csv",
        "fuente_tipo": "referencia_oficial+fuente_secundaria_complementaria",
        "fuente_oficial": "https://aisweb.decea.mil.br/?i=publicacoes&p=aip",
        "fuente_secundaria": "https://davidmegginson.github.io/ourairports-data/airports.csv",
        "nivel_fuente_oficial": "aip_oficial_localizado",
        "servicio_regular_fuente": "OurAirports scheduled_service=yes",
        "fecha_actualizacion_dato": "2026-08-04",
        "observaciones": "Inclusión basada en scheduled_service=yes y código IATA de OurAirports. La existencia, denominación y códigos deben contrastarse con la AIP vigente antes de uso operacional. Coordenadas, elevación y pista proceden de OurAirports; la pista principal es la mayor pista no cerrada registrada. Campos incompletos: entidad operadora no verificada en una fuente oficial abierta. Roles adicionales identificados de forma conservadora: función_internacional.",
        "roles_adicionales": [
          "función_internacional"
        ]
      }
    },
    {
      "type": "Feature",
      "id": "JPE",
      "geometry": {
        "type": "Point",
        "coordinates": [
          -47.316474,
          -3.019798
        ]
      },
      "properties": {
        "clave_union": "JPE",
        "nombre_oficial": "Nagib Demachki Airport",
        "codigo_iata": "JPE",
        "codigo_oaci": "SNEB",
        "pais": "Brasil",
        "provincia_estado_departamento": "Pará",
        "ciudad": "Paragominas",
        "tipo": "doméstico",
        "elevacion_m": 135,
        "longitud_pista_m": 1300,
        "entidad_operadora": null,
        "fuente": "DECEA AISWEB - AIP Brasil: https://aisweb.decea.mil.br/?i=publicacoes&p=aip | OurAirports: https://davidmegginson.github.io/ourairports-data/airports.csv, https://davidmegginson.github.io/ourairports-data/runways.csv, https://davidmegginson.github.io/ourairports-data/regions.csv",
        "fuente_tipo": "referencia_oficial+fuente_secundaria_complementaria",
        "fuente_oficial": "https://aisweb.decea.mil.br/?i=publicacoes&p=aip",
        "fuente_secundaria": "https://davidmegginson.github.io/ourairports-data/airports.csv",
        "nivel_fuente_oficial": "aip_oficial_localizado",
        "servicio_regular_fuente": "OurAirports scheduled_service=yes",
        "fecha_actualizacion_dato": "2026-08-04",
        "observaciones": "Inclusión basada en scheduled_service=yes y código IATA de OurAirports. La existencia, denominación y códigos deben contrastarse con la AIP vigente antes de uso operacional. Coordenadas, elevación y pista proceden de OurAirports; la pista principal es la mayor pista no cerrada registrada. Campos incompletos: entidad operadora no verificada en una fuente oficial abierta.",
        "roles_adicionales": []
      }
    },
    {
      "type": "Feature",
      "id": "JPR",
      "geometry": {
        "type": "Point",
        "coordinates": [
          -61.846675,
          -10.870743
        ]
      },
      "properties": {
        "clave_union": "JPR",
        "nombre_oficial": "Ji-Paraná Airport",
        "codigo_iata": "JPR",
        "codigo_oaci": "SBJI",
        "pais": "Brasil",
        "provincia_estado_departamento": "Rondônia",
        "ciudad": "Ji-Paraná",
        "tipo": "doméstico",
        "elevacion_m": 182,
        "longitud_pista_m": 1800,
        "entidad_operadora": null,
        "fuente": "DECEA AISWEB - AIP Brasil: https://aisweb.decea.mil.br/?i=publicacoes&p=aip | OurAirports: https://davidmegginson.github.io/ourairports-data/airports.csv, https://davidmegginson.github.io/ourairports-data/runways.csv, https://davidmegginson.github.io/ourairports-data/regions.csv",
        "fuente_tipo": "referencia_oficial+fuente_secundaria_complementaria",
        "fuente_oficial": "https://aisweb.decea.mil.br/?i=publicacoes&p=aip",
        "fuente_secundaria": "https://davidmegginson.github.io/ourairports-data/airports.csv",
        "nivel_fuente_oficial": "aip_oficial_localizado",
        "servicio_regular_fuente": "OurAirports scheduled_service=yes",
        "fecha_actualizacion_dato": "2026-08-04",
        "observaciones": "Inclusión basada en scheduled_service=yes y código IATA de OurAirports. La existencia, denominación y códigos deben contrastarse con la AIP vigente antes de uso operacional. Coordenadas, elevación y pista proceden de OurAirports; la pista principal es la mayor pista no cerrada registrada. Campos incompletos: entidad operadora no verificada en una fuente oficial abierta.",
        "roles_adicionales": []
      }
    },
    {
      "type": "Feature",
      "id": "JTC",
      "geometry": {
        "type": "Point",
        "coordinates": [
          -49.070325,
          -22.160755
        ]
      },
      "properties": {
        "clave_union": "JTC",
        "nombre_oficial": "Bauru/Arealva–Moussa Nakhal Tobias State Airport",
        "codigo_iata": "JTC",
        "codigo_oaci": "SBAE",
        "pais": "Brasil",
        "provincia_estado_departamento": "São Paulo",
        "ciudad": "Bauru",
        "tipo": "doméstico",
        "elevacion_m": 598,
        "longitud_pista_m": 2010,
        "entidad_operadora": null,
        "fuente": "DECEA AISWEB - AIP Brasil: https://aisweb.decea.mil.br/?i=publicacoes&p=aip | OurAirports: https://davidmegginson.github.io/ourairports-data/airports.csv, https://davidmegginson.github.io/ourairports-data/runways.csv, https://davidmegginson.github.io/ourairports-data/regions.csv",
        "fuente_tipo": "referencia_oficial+fuente_secundaria_complementaria",
        "fuente_oficial": "https://aisweb.decea.mil.br/?i=publicacoes&p=aip",
        "fuente_secundaria": "https://davidmegginson.github.io/ourairports-data/airports.csv",
        "nivel_fuente_oficial": "aip_oficial_localizado",
        "servicio_regular_fuente": "OurAirports scheduled_service=yes",
        "fecha_actualizacion_dato": "2026-08-04",
        "observaciones": "Inclusión basada en scheduled_service=yes y código IATA de OurAirports. La existencia, denominación y códigos deben contrastarse con la AIP vigente antes de uso operacional. Coordenadas, elevación y pista proceden de OurAirports; la pista principal es la mayor pista no cerrada registrada. Campos incompletos: entidad operadora no verificada en una fuente oficial abierta.",
        "roles_adicionales": []
      }
    },
    {
      "type": "Feature",
      "id": "LAJ",
      "geometry": {
        "type": "Point",
        "coordinates": [
          -50.281502,
          -27.782101
        ]
      },
      "properties": {
        "clave_union": "LAJ",
        "nombre_oficial": "Lages Airport",
        "codigo_iata": "LAJ",
        "codigo_oaci": "SBLJ",
        "pais": "Brasil",
        "provincia_estado_departamento": "Santa Catarina",
        "ciudad": "Lages",
        "tipo": "doméstico",
        "elevacion_m": 934,
        "longitud_pista_m": 1530,
        "entidad_operadora": null,
        "fuente": "DECEA AISWEB - AIP Brasil: https://aisweb.decea.mil.br/?i=publicacoes&p=aip | OurAirports: https://davidmegginson.github.io/ourairports-data/airports.csv, https://davidmegginson.github.io/ourairports-data/runways.csv, https://davidmegginson.github.io/ourairports-data/regions.csv",
        "fuente_tipo": "referencia_oficial+fuente_secundaria_complementaria",
        "fuente_oficial": "https://aisweb.decea.mil.br/?i=publicacoes&p=aip",
        "fuente_secundaria": "https://davidmegginson.github.io/ourairports-data/airports.csv",
        "nivel_fuente_oficial": "aip_oficial_localizado",
        "servicio_regular_fuente": "OurAirports scheduled_service=yes",
        "fecha_actualizacion_dato": "2026-08-04",
        "observaciones": "Inclusión basada en scheduled_service=yes y código IATA de OurAirports. La existencia, denominación y códigos deben contrastarse con la AIP vigente antes de uso operacional. Coordenadas, elevación y pista proceden de OurAirports; la pista principal es la mayor pista no cerrada registrada. Campos incompletos: entidad operadora no verificada en una fuente oficial abierta.",
        "roles_adicionales": []
      }
    },
    {
      "type": "Feature",
      "id": "LBR",
      "geometry": {
        "type": "Point",
        "coordinates": [
          -64.769501,
          -7.27897
        ]
      },
      "properties": {
        "clave_union": "LBR",
        "nombre_oficial": "Lábrea Airport",
        "codigo_iata": "LBR",
        "codigo_oaci": "SWLB",
        "pais": "Brasil",
        "provincia_estado_departamento": "Amazonas",
        "ciudad": "Lábrea",
        "tipo": "doméstico",
        "elevacion_m": 74,
        "longitud_pista_m": 1200,
        "entidad_operadora": null,
        "fuente": "DECEA AISWEB - AIP Brasil: https://aisweb.decea.mil.br/?i=publicacoes&p=aip | OurAirports: https://davidmegginson.github.io/ourairports-data/airports.csv, https://davidmegginson.github.io/ourairports-data/runways.csv, https://davidmegginson.github.io/ourairports-data/regions.csv",
        "fuente_tipo": "referencia_oficial+fuente_secundaria_complementaria",
        "fuente_oficial": "https://aisweb.decea.mil.br/?i=publicacoes&p=aip",
        "fuente_secundaria": "https://davidmegginson.github.io/ourairports-data/airports.csv",
        "nivel_fuente_oficial": "aip_oficial_localizado",
        "servicio_regular_fuente": "OurAirports scheduled_service=yes",
        "fecha_actualizacion_dato": "2026-08-04",
        "observaciones": "Inclusión basada en scheduled_service=yes y código IATA de OurAirports. La existencia, denominación y códigos deben contrastarse con la AIP vigente antes de uso operacional. Coordenadas, elevación y pista proceden de OurAirports; la pista principal es la mayor pista no cerrada registrada. Campos incompletos: entidad operadora no verificada en una fuente oficial abierta.",
        "roles_adicionales": []
      }
    },
    {
      "type": "Feature",
      "id": "LDB",
      "geometry": {
        "type": "Point",
        "coordinates": [
          -51.128365,
          -23.334375
        ]
      },
      "properties": {
        "clave_union": "LDB",
        "nombre_oficial": "Governor José Richa Airport",
        "codigo_iata": "LDB",
        "codigo_oaci": "SBLO",
        "pais": "Brasil",
        "provincia_estado_departamento": "Paraná",
        "ciudad": "Londrina",
        "tipo": "doméstico",
        "elevacion_m": 569,
        "longitud_pista_m": 2100,
        "entidad_operadora": null,
        "fuente": "DECEA AISWEB - AIP Brasil: https://aisweb.decea.mil.br/?i=publicacoes&p=aip | OurAirports: https://davidmegginson.github.io/ourairports-data/airports.csv, https://davidmegginson.github.io/ourairports-data/runways.csv, https://davidmegginson.github.io/ourairports-data/regions.csv",
        "fuente_tipo": "referencia_oficial+fuente_secundaria_complementaria",
        "fuente_oficial": "https://aisweb.decea.mil.br/?i=publicacoes&p=aip",
        "fuente_secundaria": "https://davidmegginson.github.io/ourairports-data/airports.csv",
        "nivel_fuente_oficial": "aip_oficial_localizado",
        "servicio_regular_fuente": "OurAirports scheduled_service=yes",
        "fecha_actualizacion_dato": "2026-08-04",
        "observaciones": "Inclusión basada en scheduled_service=yes y código IATA de OurAirports. La existencia, denominación y códigos deben contrastarse con la AIP vigente antes de uso operacional. Coordenadas, elevación y pista proceden de OurAirports; la pista principal es la mayor pista no cerrada registrada. Campos incompletos: entidad operadora no verificada en una fuente oficial abierta.",
        "roles_adicionales": []
      }
    },
    {
      "type": "Feature",
      "id": "LEC",
      "geometry": {
        "type": "Point",
        "coordinates": [
          -41.277,
          -12.4823
        ]
      },
      "properties": {
        "clave_union": "LEC",
        "nombre_oficial": "Coronel Horácio de Mattos Airport",
        "codigo_iata": "LEC",
        "codigo_oaci": "SBLE",
        "pais": "Brasil",
        "provincia_estado_departamento": "Bahia",
        "ciudad": "Lençóis",
        "tipo": "doméstico",
        "elevacion_m": 511,
        "longitud_pista_m": 2082,
        "entidad_operadora": null,
        "fuente": "DECEA AISWEB - AIP Brasil: https://aisweb.decea.mil.br/?i=publicacoes&p=aip | OurAirports: https://davidmegginson.github.io/ourairports-data/airports.csv, https://davidmegginson.github.io/ourairports-data/runways.csv, https://davidmegginson.github.io/ourairports-data/regions.csv",
        "fuente_tipo": "referencia_oficial+fuente_secundaria_complementaria",
        "fuente_oficial": "https://aisweb.decea.mil.br/?i=publicacoes&p=aip",
        "fuente_secundaria": "https://davidmegginson.github.io/ourairports-data/airports.csv",
        "nivel_fuente_oficial": "aip_oficial_localizado",
        "servicio_regular_fuente": "OurAirports scheduled_service=yes",
        "fecha_actualizacion_dato": "2026-08-04",
        "observaciones": "Inclusión basada en scheduled_service=yes y código IATA de OurAirports. La existencia, denominación y códigos deben contrastarse con la AIP vigente antes de uso operacional. Coordenadas, elevación y pista proceden de OurAirports; la pista principal es la mayor pista no cerrada registrada. Campos incompletos: entidad operadora no verificada en una fuente oficial abierta.",
        "roles_adicionales": []
      }
    },
    {
      "type": "Feature",
      "id": "MAB",
      "geometry": {
        "type": "Point",
        "coordinates": [
          -49.138,
          -5.36859
        ]
      },
      "properties": {
        "clave_union": "MAB",
        "nombre_oficial": "João Correa da Rocha Airport",
        "codigo_iata": "MAB",
        "codigo_oaci": "SBMA",
        "pais": "Brasil",
        "provincia_estado_departamento": "Pará",
        "ciudad": "Marabá",
        "tipo": "doméstico",
        "elevacion_m": 109,
        "longitud_pista_m": 2000,
        "entidad_operadora": null,
        "fuente": "DECEA AISWEB - AIP Brasil: https://aisweb.decea.mil.br/?i=publicacoes&p=aip | OurAirports: https://davidmegginson.github.io/ourairports-data/airports.csv, https://davidmegginson.github.io/ourairports-data/runways.csv, https://davidmegginson.github.io/ourairports-data/regions.csv",
        "fuente_tipo": "referencia_oficial+fuente_secundaria_complementaria",
        "fuente_oficial": "https://aisweb.decea.mil.br/?i=publicacoes&p=aip",
        "fuente_secundaria": "https://davidmegginson.github.io/ourairports-data/airports.csv",
        "nivel_fuente_oficial": "aip_oficial_localizado",
        "servicio_regular_fuente": "OurAirports scheduled_service=yes",
        "fecha_actualizacion_dato": "2026-08-04",
        "observaciones": "Inclusión basada en scheduled_service=yes y código IATA de OurAirports. La existencia, denominación y códigos deben contrastarse con la AIP vigente antes de uso operacional. Coordenadas, elevación y pista proceden de OurAirports; la pista principal es la mayor pista no cerrada registrada. Campos incompletos: entidad operadora no verificada en una fuente oficial abierta.",
        "roles_adicionales": []
      }
    },
    {
      "type": "Feature",
      "id": "MAO",
      "geometry": {
        "type": "Point",
        "coordinates": [
          -60.049702,
          -3.03861
        ]
      },
      "properties": {
        "clave_union": "MAO",
        "nombre_oficial": "Eduardo Gomes International Airport",
        "codigo_iata": "MAO",
        "codigo_oaci": "SBEG",
        "pais": "Brasil",
        "provincia_estado_departamento": "Amazonas",
        "ciudad": "Manaus",
        "tipo": "internacional",
        "elevacion_m": 80,
        "longitud_pista_m": 2700,
        "entidad_operadora": null,
        "fuente": "DECEA AISWEB - AIP Brasil: https://aisweb.decea.mil.br/?i=publicacoes&p=aip | OurAirports: https://davidmegginson.github.io/ourairports-data/airports.csv, https://davidmegginson.github.io/ourairports-data/runways.csv, https://davidmegginson.github.io/ourairports-data/regions.csv",
        "fuente_tipo": "referencia_oficial+fuente_secundaria_complementaria",
        "fuente_oficial": "https://aisweb.decea.mil.br/?i=publicacoes&p=aip",
        "fuente_secundaria": "https://davidmegginson.github.io/ourairports-data/airports.csv",
        "nivel_fuente_oficial": "aip_oficial_localizado",
        "servicio_regular_fuente": "OurAirports scheduled_service=yes",
        "fecha_actualizacion_dato": "2026-08-04",
        "observaciones": "Inclusión basada en scheduled_service=yes y código IATA de OurAirports. La existencia, denominación y códigos deben contrastarse con la AIP vigente antes de uso operacional. Coordenadas, elevación y pista proceden de OurAirports; la pista principal es la mayor pista no cerrada registrada. Campos incompletos: entidad operadora no verificada en una fuente oficial abierta. Roles adicionales identificados de forma conservadora: carga_relevante, función_internacional.",
        "roles_adicionales": [
          "carga_relevante",
          "función_internacional"
        ]
      }
    },
    {
      "type": "Feature",
      "id": "MCP",
      "geometry": {
        "type": "Point",
        "coordinates": [
          -51.072201,
          0.050664
        ]
      },
      "properties": {
        "clave_union": "MCP",
        "nombre_oficial": "Macapá - Alberto Alcolumbre International Airport",
        "codigo_iata": "MCP",
        "codigo_oaci": "SBMQ",
        "pais": "Brasil",
        "provincia_estado_departamento": "Amapá",
        "ciudad": "Macapá",
        "tipo": "internacional",
        "elevacion_m": 17,
        "longitud_pista_m": 2100,
        "entidad_operadora": null,
        "fuente": "DECEA AISWEB - AIP Brasil: https://aisweb.decea.mil.br/?i=publicacoes&p=aip | OurAirports: https://davidmegginson.github.io/ourairports-data/airports.csv, https://davidmegginson.github.io/ourairports-data/runways.csv, https://davidmegginson.github.io/ourairports-data/regions.csv",
        "fuente_tipo": "referencia_oficial+fuente_secundaria_complementaria",
        "fuente_oficial": "https://aisweb.decea.mil.br/?i=publicacoes&p=aip",
        "fuente_secundaria": "https://davidmegginson.github.io/ourairports-data/airports.csv",
        "nivel_fuente_oficial": "aip_oficial_localizado",
        "servicio_regular_fuente": "OurAirports scheduled_service=yes",
        "fecha_actualizacion_dato": "2026-08-04",
        "observaciones": "Inclusión basada en scheduled_service=yes y código IATA de OurAirports. La existencia, denominación y códigos deben contrastarse con la AIP vigente antes de uso operacional. Coordenadas, elevación y pista proceden de OurAirports; la pista principal es la mayor pista no cerrada registrada. Campos incompletos: entidad operadora no verificada en una fuente oficial abierta. Roles adicionales identificados de forma conservadora: función_internacional.",
        "roles_adicionales": [
          "función_internacional"
        ]
      }
    },
    {
      "type": "Feature",
      "id": "MCZ",
      "geometry": {
        "type": "Point",
        "coordinates": [
          -35.791839,
          -9.512559
        ]
      },
      "properties": {
        "clave_union": "MCZ",
        "nombre_oficial": "Zumbi dos Palmares International Airport",
        "codigo_iata": "MCZ",
        "codigo_oaci": "SBMO",
        "pais": "Brasil",
        "provincia_estado_departamento": "Alagoas",
        "ciudad": "Maceió",
        "tipo": "internacional",
        "elevacion_m": 118,
        "longitud_pista_m": 2602,
        "entidad_operadora": null,
        "fuente": "DECEA AISWEB - AIP Brasil: https://aisweb.decea.mil.br/?i=publicacoes&p=aip | OurAirports: https://davidmegginson.github.io/ourairports-data/airports.csv, https://davidmegginson.github.io/ourairports-data/runways.csv, https://davidmegginson.github.io/ourairports-data/regions.csv",
        "fuente_tipo": "referencia_oficial+fuente_secundaria_complementaria",
        "fuente_oficial": "https://aisweb.decea.mil.br/?i=publicacoes&p=aip",
        "fuente_secundaria": "https://davidmegginson.github.io/ourairports-data/airports.csv",
        "nivel_fuente_oficial": "aip_oficial_localizado",
        "servicio_regular_fuente": "OurAirports scheduled_service=yes",
        "fecha_actualizacion_dato": "2026-08-04",
        "observaciones": "Inclusión basada en scheduled_service=yes y código IATA de OurAirports. La existencia, denominación y códigos deben contrastarse con la AIP vigente antes de uso operacional. Coordenadas, elevación y pista proceden de OurAirports; la pista principal es la mayor pista no cerrada registrada. Campos incompletos: entidad operadora no verificada en una fuente oficial abierta. Roles adicionales identificados de forma conservadora: función_internacional.",
        "roles_adicionales": [
          "función_internacional"
        ]
      }
    },
    {
      "type": "Feature",
      "id": "MGF",
      "geometry": {
        "type": "Point",
        "coordinates": [
          -52.016187,
          -23.47606
        ]
      },
      "properties": {
        "clave_union": "MGF",
        "nombre_oficial": "Regional de Maringá - Sílvio Name Júnior Airport",
        "codigo_iata": "MGF",
        "codigo_oaci": "SBMG",
        "pais": "Brasil",
        "provincia_estado_departamento": "Paraná",
        "ciudad": "Maringá",
        "tipo": "doméstico",
        "elevacion_m": 549,
        "longitud_pista_m": 2372,
        "entidad_operadora": null,
        "fuente": "DECEA AISWEB - AIP Brasil: https://aisweb.decea.mil.br/?i=publicacoes&p=aip | OurAirports: https://davidmegginson.github.io/ourairports-data/airports.csv, https://davidmegginson.github.io/ourairports-data/runways.csv, https://davidmegginson.github.io/ourairports-data/regions.csv",
        "fuente_tipo": "referencia_oficial+fuente_secundaria_complementaria",
        "fuente_oficial": "https://aisweb.decea.mil.br/?i=publicacoes&p=aip",
        "fuente_secundaria": "https://davidmegginson.github.io/ourairports-data/airports.csv",
        "nivel_fuente_oficial": "aip_oficial_localizado",
        "servicio_regular_fuente": "OurAirports scheduled_service=yes",
        "fecha_actualizacion_dato": "2026-08-04",
        "observaciones": "Inclusión basada en scheduled_service=yes y código IATA de OurAirports. La existencia, denominación y códigos deben contrastarse con la AIP vigente antes de uso operacional. Coordenadas, elevación y pista proceden de OurAirports; la pista principal es la mayor pista no cerrada registrada. Campos incompletos: entidad operadora no verificada en una fuente oficial abierta.",
        "roles_adicionales": []
      }
    },
    {
      "type": "Feature",
      "id": "MII",
      "geometry": {
        "type": "Point",
        "coordinates": [
          -49.926485,
          -22.196899
        ]
      },
      "properties": {
        "clave_union": "MII",
        "nombre_oficial": "Frank Miloye Milenkowichi–Marília State Airport",
        "codigo_iata": "MII",
        "codigo_oaci": "SBML",
        "pais": "Brasil",
        "provincia_estado_departamento": "São Paulo",
        "ciudad": "Marília",
        "tipo": "doméstico",
        "elevacion_m": 650,
        "longitud_pista_m": 1500,
        "entidad_operadora": null,
        "fuente": "DECEA AISWEB - AIP Brasil: https://aisweb.decea.mil.br/?i=publicacoes&p=aip | OurAirports: https://davidmegginson.github.io/ourairports-data/airports.csv, https://davidmegginson.github.io/ourairports-data/runways.csv, https://davidmegginson.github.io/ourairports-data/regions.csv",
        "fuente_tipo": "referencia_oficial+fuente_secundaria_complementaria",
        "fuente_oficial": "https://aisweb.decea.mil.br/?i=publicacoes&p=aip",
        "fuente_secundaria": "https://davidmegginson.github.io/ourairports-data/airports.csv",
        "nivel_fuente_oficial": "aip_oficial_localizado",
        "servicio_regular_fuente": "OurAirports scheduled_service=yes",
        "fecha_actualizacion_dato": "2026-08-04",
        "observaciones": "Inclusión basada en scheduled_service=yes y código IATA de OurAirports. La existencia, denominación y códigos deben contrastarse con la AIP vigente antes de uso operacional. Coordenadas, elevación y pista proceden de OurAirports; la pista principal es la mayor pista no cerrada registrada. Campos incompletos: entidad operadora no verificada en una fuente oficial abierta.",
        "roles_adicionales": []
      }
    },
    {
      "type": "Feature",
      "id": "MNX",
      "geometry": {
        "type": "Point",
        "coordinates": [
          -61.278301,
          -5.81138
        ]
      },
      "properties": {
        "clave_union": "MNX",
        "nombre_oficial": "Manicoré Airport",
        "codigo_iata": "MNX",
        "codigo_oaci": "SBMY",
        "pais": "Brasil",
        "provincia_estado_departamento": "Amazonas",
        "ciudad": "Manicoré",
        "tipo": "doméstico",
        "elevacion_m": 53,
        "longitud_pista_m": 1280,
        "entidad_operadora": null,
        "fuente": "DECEA AISWEB - AIP Brasil: https://aisweb.decea.mil.br/?i=publicacoes&p=aip | OurAirports: https://davidmegginson.github.io/ourairports-data/airports.csv, https://davidmegginson.github.io/ourairports-data/runways.csv, https://davidmegginson.github.io/ourairports-data/regions.csv",
        "fuente_tipo": "referencia_oficial+fuente_secundaria_complementaria",
        "fuente_oficial": "https://aisweb.decea.mil.br/?i=publicacoes&p=aip",
        "fuente_secundaria": "https://davidmegginson.github.io/ourairports-data/airports.csv",
        "nivel_fuente_oficial": "aip_oficial_localizado",
        "servicio_regular_fuente": "OurAirports scheduled_service=yes",
        "fecha_actualizacion_dato": "2026-08-04",
        "observaciones": "Inclusión basada en scheduled_service=yes y código IATA de OurAirports. La existencia, denominación y códigos deben contrastarse con la AIP vigente antes de uso operacional. Coordenadas, elevación y pista proceden de OurAirports; la pista principal es la mayor pista no cerrada registrada. Campos incompletos: entidad operadora no verificada en una fuente oficial abierta.",
        "roles_adicionales": []
      }
    },
    {
      "type": "Feature",
      "id": "MOC",
      "geometry": {
        "type": "Point",
        "coordinates": [
          -43.818901,
          -16.706919
        ]
      },
      "properties": {
        "clave_union": "MOC",
        "nombre_oficial": "Mário Ribeiro Airport",
        "codigo_iata": "MOC",
        "codigo_oaci": "SBMK",
        "pais": "Brasil",
        "provincia_estado_departamento": "Minas Gerais",
        "ciudad": "Montes Claros",
        "tipo": "doméstico",
        "elevacion_m": 668,
        "longitud_pista_m": 2100,
        "entidad_operadora": null,
        "fuente": "DECEA AISWEB - AIP Brasil: https://aisweb.decea.mil.br/?i=publicacoes&p=aip | OurAirports: https://davidmegginson.github.io/ourairports-data/airports.csv, https://davidmegginson.github.io/ourairports-data/runways.csv, https://davidmegginson.github.io/ourairports-data/regions.csv",
        "fuente_tipo": "referencia_oficial+fuente_secundaria_complementaria",
        "fuente_oficial": "https://aisweb.decea.mil.br/?i=publicacoes&p=aip",
        "fuente_secundaria": "https://davidmegginson.github.io/ourairports-data/airports.csv",
        "nivel_fuente_oficial": "aip_oficial_localizado",
        "servicio_regular_fuente": "OurAirports scheduled_service=yes",
        "fecha_actualizacion_dato": "2026-08-04",
        "observaciones": "Inclusión basada en scheduled_service=yes y código IATA de OurAirports. La existencia, denominación y códigos deben contrastarse con la AIP vigente antes de uso operacional. Coordenadas, elevación y pista proceden de OurAirports; la pista principal es la mayor pista no cerrada registrada. Campos incompletos: entidad operadora no verificada en una fuente oficial abierta.",
        "roles_adicionales": []
      }
    },
    {
      "type": "Feature",
      "id": "MVF",
      "geometry": {
        "type": "Point",
        "coordinates": [
          -37.3643,
          -5.20192
        ]
      },
      "properties": {
        "clave_union": "MVF",
        "nombre_oficial": "Dix-Sept Rosado Airport",
        "codigo_iata": "MVF",
        "codigo_oaci": "SBMS",
        "pais": "Brasil",
        "provincia_estado_departamento": "Rio Grande do Norte",
        "ciudad": "Mossoró",
        "tipo": "doméstico",
        "elevacion_m": 23,
        "longitud_pista_m": 2000,
        "entidad_operadora": null,
        "fuente": "DECEA AISWEB - AIP Brasil: https://aisweb.decea.mil.br/?i=publicacoes&p=aip | OurAirports: https://davidmegginson.github.io/ourairports-data/airports.csv, https://davidmegginson.github.io/ourairports-data/runways.csv, https://davidmegginson.github.io/ourairports-data/regions.csv",
        "fuente_tipo": "referencia_oficial+fuente_secundaria_complementaria",
        "fuente_oficial": "https://aisweb.decea.mil.br/?i=publicacoes&p=aip",
        "fuente_secundaria": "https://davidmegginson.github.io/ourairports-data/airports.csv",
        "nivel_fuente_oficial": "aip_oficial_localizado",
        "servicio_regular_fuente": "OurAirports scheduled_service=yes",
        "fecha_actualizacion_dato": "2026-08-04",
        "observaciones": "Inclusión basada en scheduled_service=yes y código IATA de OurAirports. La existencia, denominación y códigos deben contrastarse con la AIP vigente antes de uso operacional. Coordenadas, elevación y pista proceden de OurAirports; la pista principal es la mayor pista no cerrada registrada. Campos incompletos: entidad operadora no verificada en una fuente oficial abierta.",
        "roles_adicionales": []
      }
    },
    {
      "type": "Feature",
      "id": "NAT",
      "geometry": {
        "type": "Point",
        "coordinates": [
          -35.36661,
          -5.769822
        ]
      },
      "properties": {
        "clave_union": "NAT",
        "nombre_oficial": "Rio Grande do Norte/São Gonçalo do Amarante–Governador Aluízio Alves International Airport",
        "codigo_iata": "NAT",
        "codigo_oaci": "SBSG",
        "pais": "Brasil",
        "provincia_estado_departamento": "Rio Grande do Norte",
        "ciudad": "Natal",
        "tipo": "internacional",
        "elevacion_m": 83,
        "longitud_pista_m": 3000,
        "entidad_operadora": null,
        "fuente": "DECEA AISWEB - AIP Brasil: https://aisweb.decea.mil.br/?i=publicacoes&p=aip | OurAirports: https://davidmegginson.github.io/ourairports-data/airports.csv, https://davidmegginson.github.io/ourairports-data/runways.csv, https://davidmegginson.github.io/ourairports-data/regions.csv",
        "fuente_tipo": "referencia_oficial+fuente_secundaria_complementaria",
        "fuente_oficial": "https://aisweb.decea.mil.br/?i=publicacoes&p=aip",
        "fuente_secundaria": "https://davidmegginson.github.io/ourairports-data/airports.csv",
        "nivel_fuente_oficial": "aip_oficial_localizado",
        "servicio_regular_fuente": "OurAirports scheduled_service=yes",
        "fecha_actualizacion_dato": "2026-08-04",
        "observaciones": "Inclusión basada en scheduled_service=yes y código IATA de OurAirports. La existencia, denominación y códigos deben contrastarse con la AIP vigente antes de uso operacional. Coordenadas, elevación y pista proceden de OurAirports; la pista principal es la mayor pista no cerrada registrada. Campos incompletos: entidad operadora no verificada en una fuente oficial abierta. Roles adicionales identificados de forma conservadora: función_internacional.",
        "roles_adicionales": [
          "función_internacional"
        ]
      }
    },
    {
      "type": "Feature",
      "id": "NVT",
      "geometry": {
        "type": "Point",
        "coordinates": [
          -48.650979,
          -26.879431
        ]
      },
      "properties": {
        "clave_union": "NVT",
        "nombre_oficial": "Ministro Victor Konder International Airport",
        "codigo_iata": "NVT",
        "codigo_oaci": "SBNF",
        "pais": "Brasil",
        "provincia_estado_departamento": "Santa Catarina",
        "ciudad": "Navegantes",
        "tipo": "internacional",
        "elevacion_m": 5,
        "longitud_pista_m": 1800,
        "entidad_operadora": null,
        "fuente": "DECEA AISWEB - AIP Brasil: https://aisweb.decea.mil.br/?i=publicacoes&p=aip | OurAirports: https://davidmegginson.github.io/ourairports-data/airports.csv, https://davidmegginson.github.io/ourairports-data/runways.csv, https://davidmegginson.github.io/ourairports-data/regions.csv",
        "fuente_tipo": "referencia_oficial+fuente_secundaria_complementaria",
        "fuente_oficial": "https://aisweb.decea.mil.br/?i=publicacoes&p=aip",
        "fuente_secundaria": "https://davidmegginson.github.io/ourairports-data/airports.csv",
        "nivel_fuente_oficial": "aip_oficial_localizado",
        "servicio_regular_fuente": "OurAirports scheduled_service=yes",
        "fecha_actualizacion_dato": "2026-08-04",
        "observaciones": "Inclusión basada en scheduled_service=yes y código IATA de OurAirports. La existencia, denominación y códigos deben contrastarse con la AIP vigente antes de uso operacional. Coordenadas, elevación y pista proceden de OurAirports; la pista principal es la mayor pista no cerrada registrada. Campos incompletos: entidad operadora no verificada en una fuente oficial abierta. Roles adicionales identificados de forma conservadora: función_internacional.",
        "roles_adicionales": [
          "función_internacional"
        ]
      }
    },
    {
      "type": "Feature",
      "id": "OAL",
      "geometry": {
        "type": "Point",
        "coordinates": [
          -61.4508,
          -11.496
        ]
      },
      "properties": {
        "clave_union": "OAL",
        "nombre_oficial": "Cacoal Airport",
        "codigo_iata": "OAL",
        "codigo_oaci": "SSKW",
        "pais": "Brasil",
        "provincia_estado_departamento": "Rondônia",
        "ciudad": "Cacoal",
        "tipo": "doméstico",
        "elevacion_m": 237,
        "longitud_pista_m": 2100,
        "entidad_operadora": null,
        "fuente": "DECEA AISWEB - AIP Brasil: https://aisweb.decea.mil.br/?i=publicacoes&p=aip | OurAirports: https://davidmegginson.github.io/ourairports-data/airports.csv, https://davidmegginson.github.io/ourairports-data/runways.csv, https://davidmegginson.github.io/ourairports-data/regions.csv",
        "fuente_tipo": "referencia_oficial+fuente_secundaria_complementaria",
        "fuente_oficial": "https://aisweb.decea.mil.br/?i=publicacoes&p=aip",
        "fuente_secundaria": "https://davidmegginson.github.io/ourairports-data/airports.csv",
        "nivel_fuente_oficial": "aip_oficial_localizado",
        "servicio_regular_fuente": "OurAirports scheduled_service=yes",
        "fecha_actualizacion_dato": "2026-08-04",
        "observaciones": "Inclusión basada en scheduled_service=yes y código IATA de OurAirports. La existencia, denominación y códigos deben contrastarse con la AIP vigente antes de uso operacional. Coordenadas, elevación y pista proceden de OurAirports; la pista principal es la mayor pista no cerrada registrada. Campos incompletos: entidad operadora no verificada en una fuente oficial abierta.",
        "roles_adicionales": []
      }
    },
    {
      "type": "Feature",
      "id": "OPP",
      "geometry": {
        "type": "Point",
        "coordinates": [
          -47.336111,
          -0.696111
        ]
      },
      "properties": {
        "clave_union": "OPP",
        "nombre_oficial": "Salinópolis Airport",
        "codigo_iata": "OPP",
        "codigo_oaci": "SNSM",
        "pais": "Brasil",
        "provincia_estado_departamento": "Pará",
        "ciudad": "Salinópolis",
        "tipo": "doméstico",
        "elevacion_m": 32,
        "longitud_pista_m": 1860,
        "entidad_operadora": null,
        "fuente": "DECEA AISWEB - AIP Brasil: https://aisweb.decea.mil.br/?i=publicacoes&p=aip | OurAirports: https://davidmegginson.github.io/ourairports-data/airports.csv, https://davidmegginson.github.io/ourairports-data/runways.csv, https://davidmegginson.github.io/ourairports-data/regions.csv",
        "fuente_tipo": "referencia_oficial+fuente_secundaria_complementaria",
        "fuente_oficial": "https://aisweb.decea.mil.br/?i=publicacoes&p=aip",
        "fuente_secundaria": "https://davidmegginson.github.io/ourairports-data/airports.csv",
        "nivel_fuente_oficial": "aip_oficial_localizado",
        "servicio_regular_fuente": "OurAirports scheduled_service=yes",
        "fecha_actualizacion_dato": "2026-08-04",
        "observaciones": "Inclusión basada en scheduled_service=yes y código IATA de OurAirports. La existencia, denominación y códigos deben contrastarse con la AIP vigente antes de uso operacional. Coordenadas, elevación y pista proceden de OurAirports; la pista principal es la mayor pista no cerrada registrada. Campos incompletos: entidad operadora no verificada en una fuente oficial abierta.",
        "roles_adicionales": []
      }
    },
    {
      "type": "Feature",
      "id": "OPS",
      "geometry": {
        "type": "Point",
        "coordinates": [
          -55.586109,
          -11.885001
        ]
      },
      "properties": {
        "clave_union": "OPS",
        "nombre_oficial": "Presidente João Batista Figueiredo Airport",
        "codigo_iata": "OPS",
        "codigo_oaci": "SBSI",
        "pais": "Brasil",
        "provincia_estado_departamento": "Mato Grosso",
        "ciudad": "Sinop",
        "tipo": "doméstico",
        "elevacion_m": 374,
        "longitud_pista_m": 1630,
        "entidad_operadora": null,
        "fuente": "DECEA AISWEB - AIP Brasil: https://aisweb.decea.mil.br/?i=publicacoes&p=aip | OurAirports: https://davidmegginson.github.io/ourairports-data/airports.csv, https://davidmegginson.github.io/ourairports-data/runways.csv, https://davidmegginson.github.io/ourairports-data/regions.csv",
        "fuente_tipo": "referencia_oficial+fuente_secundaria_complementaria",
        "fuente_oficial": "https://aisweb.decea.mil.br/?i=publicacoes&p=aip",
        "fuente_secundaria": "https://davidmegginson.github.io/ourairports-data/airports.csv",
        "nivel_fuente_oficial": "aip_oficial_localizado",
        "servicio_regular_fuente": "OurAirports scheduled_service=yes",
        "fecha_actualizacion_dato": "2026-08-04",
        "observaciones": "Inclusión basada en scheduled_service=yes y código IATA de OurAirports. La existencia, denominación y códigos deben contrastarse con la AIP vigente antes de uso operacional. Coordenadas, elevación y pista proceden de OurAirports; la pista principal es la mayor pista no cerrada registrada. Campos incompletos: entidad operadora no verificada en una fuente oficial abierta.",
        "roles_adicionales": []
      }
    },
    {
      "type": "Feature",
      "id": "PAV",
      "geometry": {
        "type": "Point",
        "coordinates": [
          -38.250599,
          -9.40088
        ]
      },
      "properties": {
        "clave_union": "PAV",
        "nombre_oficial": "Paulo Afonso Airport",
        "codigo_iata": "PAV",
        "codigo_oaci": "SBUF",
        "pais": "Brasil",
        "provincia_estado_departamento": "Bahia",
        "ciudad": "Paulo Afonso",
        "tipo": "doméstico",
        "elevacion_m": 269,
        "longitud_pista_m": 1800,
        "entidad_operadora": null,
        "fuente": "DECEA AISWEB - AIP Brasil: https://aisweb.decea.mil.br/?i=publicacoes&p=aip | OurAirports: https://davidmegginson.github.io/ourairports-data/airports.csv, https://davidmegginson.github.io/ourairports-data/runways.csv, https://davidmegginson.github.io/ourairports-data/regions.csv",
        "fuente_tipo": "referencia_oficial+fuente_secundaria_complementaria",
        "fuente_oficial": "https://aisweb.decea.mil.br/?i=publicacoes&p=aip",
        "fuente_secundaria": "https://davidmegginson.github.io/ourairports-data/airports.csv",
        "nivel_fuente_oficial": "aip_oficial_localizado",
        "servicio_regular_fuente": "OurAirports scheduled_service=yes",
        "fecha_actualizacion_dato": "2026-08-04",
        "observaciones": "Inclusión basada en scheduled_service=yes y código IATA de OurAirports. La existencia, denominación y códigos deben contrastarse con la AIP vigente antes de uso operacional. Coordenadas, elevación y pista proceden de OurAirports; la pista principal es la mayor pista no cerrada registrada. Campos incompletos: entidad operadora no verificada en una fuente oficial abierta.",
        "roles_adicionales": []
      }
    },
    {
      "type": "Feature",
      "id": "PET",
      "geometry": {
        "type": "Point",
        "coordinates": [
          -52.327796,
          -31.717189
        ]
      },
      "properties": {
        "clave_union": "PET",
        "nombre_oficial": "João Simões Lopes Neto International Airport",
        "codigo_iata": "PET",
        "codigo_oaci": "SBPK",
        "pais": "Brasil",
        "provincia_estado_departamento": "Rio Grande do Sul",
        "ciudad": "Pelotas",
        "tipo": "internacional",
        "elevacion_m": 18,
        "longitud_pista_m": 1980,
        "entidad_operadora": null,
        "fuente": "DECEA AISWEB - AIP Brasil: https://aisweb.decea.mil.br/?i=publicacoes&p=aip | OurAirports: https://davidmegginson.github.io/ourairports-data/airports.csv, https://davidmegginson.github.io/ourairports-data/runways.csv, https://davidmegginson.github.io/ourairports-data/regions.csv",
        "fuente_tipo": "referencia_oficial+fuente_secundaria_complementaria",
        "fuente_oficial": "https://aisweb.decea.mil.br/?i=publicacoes&p=aip",
        "fuente_secundaria": "https://davidmegginson.github.io/ourairports-data/airports.csv",
        "nivel_fuente_oficial": "aip_oficial_localizado",
        "servicio_regular_fuente": "OurAirports scheduled_service=yes",
        "fecha_actualizacion_dato": "2026-08-04",
        "observaciones": "Inclusión basada en scheduled_service=yes y código IATA de OurAirports. La existencia, denominación y códigos deben contrastarse con la AIP vigente antes de uso operacional. Coordenadas, elevación y pista proceden de OurAirports; la pista principal es la mayor pista no cerrada registrada. Campos incompletos: entidad operadora no verificada en una fuente oficial abierta. Roles adicionales identificados de forma conservadora: función_internacional.",
        "roles_adicionales": [
          "función_internacional"
        ]
      }
    },
    {
      "type": "Feature",
      "id": "PFB",
      "geometry": {
        "type": "Point",
        "coordinates": [
          -52.32777,
          -28.243976
        ]
      },
      "properties": {
        "clave_union": "PFB",
        "nombre_oficial": "Lauro Kurtz Airport",
        "codigo_iata": "PFB",
        "codigo_oaci": "SBPF",
        "pais": "Brasil",
        "provincia_estado_departamento": "Rio Grande do Sul",
        "ciudad": "Passo Fundo",
        "tipo": "doméstico",
        "elevacion_m": 725,
        "longitud_pista_m": 1680,
        "entidad_operadora": null,
        "fuente": "DECEA AISWEB - AIP Brasil: https://aisweb.decea.mil.br/?i=publicacoes&p=aip | OurAirports: https://davidmegginson.github.io/ourairports-data/airports.csv, https://davidmegginson.github.io/ourairports-data/runways.csv, https://davidmegginson.github.io/ourairports-data/regions.csv",
        "fuente_tipo": "referencia_oficial+fuente_secundaria_complementaria",
        "fuente_oficial": "https://aisweb.decea.mil.br/?i=publicacoes&p=aip",
        "fuente_secundaria": "https://davidmegginson.github.io/ourairports-data/airports.csv",
        "nivel_fuente_oficial": "aip_oficial_localizado",
        "servicio_regular_fuente": "OurAirports scheduled_service=yes",
        "fecha_actualizacion_dato": "2026-08-04",
        "observaciones": "Inclusión basada en scheduled_service=yes y código IATA de OurAirports. La existencia, denominación y códigos deben contrastarse con la AIP vigente antes de uso operacional. Coordenadas, elevación y pista proceden de OurAirports; la pista principal es la mayor pista no cerrada registrada. Campos incompletos: entidad operadora no verificada en una fuente oficial abierta.",
        "roles_adicionales": []
      }
    },
    {
      "type": "Feature",
      "id": "PGZ",
      "geometry": {
        "type": "Point",
        "coordinates": [
          -50.143822,
          -25.184476
        ]
      },
      "properties": {
        "clave_union": "PGZ",
        "nombre_oficial": "Ponta Grossa Airport - Comandante Antonio Amilton Beraldo",
        "codigo_iata": "PGZ",
        "codigo_oaci": "SBPG",
        "pais": "Brasil",
        "provincia_estado_departamento": "Paraná",
        "ciudad": "Ponta Grossa",
        "tipo": "doméstico",
        "elevacion_m": 789,
        "longitud_pista_m": 1430,
        "entidad_operadora": null,
        "fuente": "DECEA AISWEB - AIP Brasil: https://aisweb.decea.mil.br/?i=publicacoes&p=aip | OurAirports: https://davidmegginson.github.io/ourairports-data/airports.csv, https://davidmegginson.github.io/ourairports-data/runways.csv, https://davidmegginson.github.io/ourairports-data/regions.csv",
        "fuente_tipo": "referencia_oficial+fuente_secundaria_complementaria",
        "fuente_oficial": "https://aisweb.decea.mil.br/?i=publicacoes&p=aip",
        "fuente_secundaria": "https://davidmegginson.github.io/ourairports-data/airports.csv",
        "nivel_fuente_oficial": "aip_oficial_localizado",
        "servicio_regular_fuente": "OurAirports scheduled_service=yes",
        "fecha_actualizacion_dato": "2026-08-04",
        "observaciones": "Inclusión basada en scheduled_service=yes y código IATA de OurAirports. La existencia, denominación y códigos deben contrastarse con la AIP vigente antes de uso operacional. Coordenadas, elevación y pista proceden de OurAirports; la pista principal es la mayor pista no cerrada registrada. Campos incompletos: entidad operadora no verificada en una fuente oficial abierta.",
        "roles_adicionales": []
      }
    },
    {
      "type": "Feature",
      "id": "PHB",
      "geometry": {
        "type": "Point",
        "coordinates": [
          -41.731998,
          -2.89375
        ]
      },
      "properties": {
        "clave_union": "PHB",
        "nombre_oficial": "Parnaíba - Prefeito Doutor João Silva Filho International Airport",
        "codigo_iata": "PHB",
        "codigo_oaci": "SBPB",
        "pais": "Brasil",
        "provincia_estado_departamento": "Piauí",
        "ciudad": "Parnaíba",
        "tipo": "internacional",
        "elevacion_m": 7,
        "longitud_pista_m": 2100,
        "entidad_operadora": null,
        "fuente": "DECEA AISWEB - AIP Brasil: https://aisweb.decea.mil.br/?i=publicacoes&p=aip | OurAirports: https://davidmegginson.github.io/ourairports-data/airports.csv, https://davidmegginson.github.io/ourairports-data/runways.csv, https://davidmegginson.github.io/ourairports-data/regions.csv",
        "fuente_tipo": "referencia_oficial+fuente_secundaria_complementaria",
        "fuente_oficial": "https://aisweb.decea.mil.br/?i=publicacoes&p=aip",
        "fuente_secundaria": "https://davidmegginson.github.io/ourairports-data/airports.csv",
        "nivel_fuente_oficial": "aip_oficial_localizado",
        "servicio_regular_fuente": "OurAirports scheduled_service=yes",
        "fecha_actualizacion_dato": "2026-08-04",
        "observaciones": "Inclusión basada en scheduled_service=yes y código IATA de OurAirports. La existencia, denominación y códigos deben contrastarse con la AIP vigente antes de uso operacional. Coordenadas, elevación y pista proceden de OurAirports; la pista principal es la mayor pista no cerrada registrada. Campos incompletos: entidad operadora no verificada en una fuente oficial abierta. Roles adicionales identificados de forma conservadora: función_internacional.",
        "roles_adicionales": [
          "función_internacional"
        ]
      }
    },
    {
      "type": "Feature",
      "id": "PMG",
      "geometry": {
        "type": "Point",
        "coordinates": [
          -55.702599,
          -22.549601
        ]
      },
      "properties": {
        "clave_union": "PMG",
        "nombre_oficial": "Ponta Porã Airport",
        "codigo_iata": "PMG",
        "codigo_oaci": "SBPP",
        "pais": "Brasil",
        "provincia_estado_departamento": "Mato Grosso do Sul",
        "ciudad": "Ponta Porã",
        "tipo": "doméstico",
        "elevacion_m": 657,
        "longitud_pista_m": 2000,
        "entidad_operadora": null,
        "fuente": "DECEA AISWEB - AIP Brasil: https://aisweb.decea.mil.br/?i=publicacoes&p=aip | OurAirports: https://davidmegginson.github.io/ourairports-data/airports.csv, https://davidmegginson.github.io/ourairports-data/runways.csv, https://davidmegginson.github.io/ourairports-data/regions.csv",
        "fuente_tipo": "referencia_oficial+fuente_secundaria_complementaria",
        "fuente_oficial": "https://aisweb.decea.mil.br/?i=publicacoes&p=aip",
        "fuente_secundaria": "https://davidmegginson.github.io/ourairports-data/airports.csv",
        "nivel_fuente_oficial": "aip_oficial_localizado",
        "servicio_regular_fuente": "OurAirports scheduled_service=yes",
        "fecha_actualizacion_dato": "2026-08-04",
        "observaciones": "Inclusión basada en scheduled_service=yes y código IATA de OurAirports. La existencia, denominación y códigos deben contrastarse con la AIP vigente antes de uso operacional. Coordenadas, elevación y pista proceden de OurAirports; la pista principal es la mayor pista no cerrada registrada. Campos incompletos: entidad operadora no verificada en una fuente oficial abierta.",
        "roles_adicionales": []
      }
    },
    {
      "type": "Feature",
      "id": "PMW",
      "geometry": {
        "type": "Point",
        "coordinates": [
          -48.356998,
          -10.2915
        ]
      },
      "properties": {
        "clave_union": "PMW",
        "nombre_oficial": "Brigadeiro Lysias Rodrigues Airport",
        "codigo_iata": "PMW",
        "codigo_oaci": "SBPJ",
        "pais": "Brasil",
        "provincia_estado_departamento": "Tocantins",
        "ciudad": "Palmas",
        "tipo": "doméstico",
        "elevacion_m": 236,
        "longitud_pista_m": 2500,
        "entidad_operadora": null,
        "fuente": "DECEA AISWEB - AIP Brasil: https://aisweb.decea.mil.br/?i=publicacoes&p=aip | OurAirports: https://davidmegginson.github.io/ourairports-data/airports.csv, https://davidmegginson.github.io/ourairports-data/runways.csv, https://davidmegginson.github.io/ourairports-data/regions.csv",
        "fuente_tipo": "referencia_oficial+fuente_secundaria_complementaria",
        "fuente_oficial": "https://aisweb.decea.mil.br/?i=publicacoes&p=aip",
        "fuente_secundaria": "https://davidmegginson.github.io/ourairports-data/airports.csv",
        "nivel_fuente_oficial": "aip_oficial_localizado",
        "servicio_regular_fuente": "OurAirports scheduled_service=yes",
        "fecha_actualizacion_dato": "2026-08-04",
        "observaciones": "Inclusión basada en scheduled_service=yes y código IATA de OurAirports. La existencia, denominación y códigos deben contrastarse con la AIP vigente antes de uso operacional. Coordenadas, elevación y pista proceden de OurAirports; la pista principal es la mayor pista no cerrada registrada. Campos incompletos: entidad operadora no verificada en una fuente oficial abierta.",
        "roles_adicionales": []
      }
    },
    {
      "type": "Feature",
      "id": "PNZ",
      "geometry": {
        "type": "Point",
        "coordinates": [
          -40.569098,
          -9.362422
        ]
      },
      "properties": {
        "clave_union": "PNZ",
        "nombre_oficial": "Senador Nilo Coelho Airport",
        "codigo_iata": "PNZ",
        "codigo_oaci": "SBPL",
        "pais": "Brasil",
        "provincia_estado_departamento": "Pernambuco",
        "ciudad": "Petrolina",
        "tipo": "doméstico",
        "elevacion_m": 385,
        "longitud_pista_m": 2760,
        "entidad_operadora": null,
        "fuente": "DECEA AISWEB - AIP Brasil: https://aisweb.decea.mil.br/?i=publicacoes&p=aip | OurAirports: https://davidmegginson.github.io/ourairports-data/airports.csv, https://davidmegginson.github.io/ourairports-data/runways.csv, https://davidmegginson.github.io/ourairports-data/regions.csv",
        "fuente_tipo": "referencia_oficial+fuente_secundaria_complementaria",
        "fuente_oficial": "https://aisweb.decea.mil.br/?i=publicacoes&p=aip",
        "fuente_secundaria": "https://davidmegginson.github.io/ourairports-data/airports.csv",
        "nivel_fuente_oficial": "aip_oficial_localizado",
        "servicio_regular_fuente": "OurAirports scheduled_service=yes",
        "fecha_actualizacion_dato": "2026-08-04",
        "observaciones": "Inclusión basada en scheduled_service=yes y código IATA de OurAirports. La existencia, denominación y códigos deben contrastarse con la AIP vigente antes de uso operacional. Coordenadas, elevación y pista proceden de OurAirports; la pista principal es la mayor pista no cerrada registrada. Campos incompletos: entidad operadora no verificada en una fuente oficial abierta.",
        "roles_adicionales": []
      }
    },
    {
      "type": "Feature",
      "id": "POA",
      "geometry": {
        "type": "Point",
        "coordinates": [
          -51.167482,
          -29.993984
        ]
      },
      "properties": {
        "clave_union": "POA",
        "nombre_oficial": "Porto Alegre-Salgado Filho International Airport",
        "codigo_iata": "POA",
        "codigo_oaci": "SBPA",
        "pais": "Brasil",
        "provincia_estado_departamento": "Rio Grande do Sul",
        "ciudad": "Porto Alegre",
        "tipo": "internacional",
        "elevacion_m": 3,
        "longitud_pista_m": 3200,
        "entidad_operadora": null,
        "fuente": "DECEA AISWEB - AIP Brasil: https://aisweb.decea.mil.br/?i=publicacoes&p=aip | OurAirports: https://davidmegginson.github.io/ourairports-data/airports.csv, https://davidmegginson.github.io/ourairports-data/runways.csv, https://davidmegginson.github.io/ourairports-data/regions.csv",
        "fuente_tipo": "referencia_oficial+fuente_secundaria_complementaria",
        "fuente_oficial": "https://aisweb.decea.mil.br/?i=publicacoes&p=aip",
        "fuente_secundaria": "https://davidmegginson.github.io/ourairports-data/airports.csv",
        "nivel_fuente_oficial": "aip_oficial_localizado",
        "servicio_regular_fuente": "OurAirports scheduled_service=yes",
        "fecha_actualizacion_dato": "2026-08-04",
        "observaciones": "Inclusión basada en scheduled_service=yes y código IATA de OurAirports. La existencia, denominación y códigos deben contrastarse con la AIP vigente antes de uso operacional. Coordenadas, elevación y pista proceden de OurAirports; la pista principal es la mayor pista no cerrada registrada. Campos incompletos: entidad operadora no verificada en una fuente oficial abierta. Roles adicionales identificados de forma conservadora: función_internacional.",
        "roles_adicionales": [
          "función_internacional"
        ]
      }
    },
    {
      "type": "Feature",
      "id": "PPB",
      "geometry": {
        "type": "Point",
        "coordinates": [
          -51.424599,
          -22.1751
        ]
      },
      "properties": {
        "clave_union": "PPB",
        "nombre_oficial": "Presidente Prudente Airport",
        "codigo_iata": "PPB",
        "codigo_oaci": "SBDN",
        "pais": "Brasil",
        "provincia_estado_departamento": "São Paulo",
        "ciudad": "Presidente Prudente",
        "tipo": "doméstico",
        "elevacion_m": 450,
        "longitud_pista_m": 2110,
        "entidad_operadora": null,
        "fuente": "DECEA AISWEB - AIP Brasil: https://aisweb.decea.mil.br/?i=publicacoes&p=aip | OurAirports: https://davidmegginson.github.io/ourairports-data/airports.csv, https://davidmegginson.github.io/ourairports-data/runways.csv, https://davidmegginson.github.io/ourairports-data/regions.csv",
        "fuente_tipo": "referencia_oficial+fuente_secundaria_complementaria",
        "fuente_oficial": "https://aisweb.decea.mil.br/?i=publicacoes&p=aip",
        "fuente_secundaria": "https://davidmegginson.github.io/ourairports-data/airports.csv",
        "nivel_fuente_oficial": "aip_oficial_localizado",
        "servicio_regular_fuente": "OurAirports scheduled_service=yes",
        "fecha_actualizacion_dato": "2026-08-04",
        "observaciones": "Inclusión basada en scheduled_service=yes y código IATA de OurAirports. La existencia, denominación y códigos deben contrastarse con la AIP vigente antes de uso operacional. Coordenadas, elevación y pista proceden de OurAirports; la pista principal es la mayor pista no cerrada registrada. Campos incompletos: entidad operadora no verificada en una fuente oficial abierta.",
        "roles_adicionales": []
      }
    },
    {
      "type": "Feature",
      "id": "PTO",
      "geometry": {
        "type": "Point",
        "coordinates": [
          -52.694463,
          -26.217184
        ]
      },
      "properties": {
        "clave_union": "PTO",
        "nombre_oficial": "Juvenal Loureiro Cardoso Airport",
        "codigo_iata": "PTO",
        "codigo_oaci": "SBPO",
        "pais": "Brasil",
        "provincia_estado_departamento": "Paraná",
        "ciudad": "Pato Branco",
        "tipo": "doméstico",
        "elevacion_m": 822,
        "longitud_pista_m": 1621,
        "entidad_operadora": null,
        "fuente": "DECEA AISWEB - AIP Brasil: https://aisweb.decea.mil.br/?i=publicacoes&p=aip | OurAirports: https://davidmegginson.github.io/ourairports-data/airports.csv, https://davidmegginson.github.io/ourairports-data/runways.csv, https://davidmegginson.github.io/ourairports-data/regions.csv",
        "fuente_tipo": "referencia_oficial+fuente_secundaria_complementaria",
        "fuente_oficial": "https://aisweb.decea.mil.br/?i=publicacoes&p=aip",
        "fuente_secundaria": "https://davidmegginson.github.io/ourairports-data/airports.csv",
        "nivel_fuente_oficial": "aip_oficial_localizado",
        "servicio_regular_fuente": "OurAirports scheduled_service=yes",
        "fecha_actualizacion_dato": "2026-08-04",
        "observaciones": "Inclusión basada en scheduled_service=yes y código IATA de OurAirports. La existencia, denominación y códigos deben contrastarse con la AIP vigente antes de uso operacional. Coordenadas, elevación y pista proceden de OurAirports; la pista principal es la mayor pista no cerrada registrada. Campos incompletos: entidad operadora no verificada en una fuente oficial abierta.",
        "roles_adicionales": []
      }
    },
    {
      "type": "Feature",
      "id": "PVH",
      "geometry": {
        "type": "Point",
        "coordinates": [
          -63.902338,
          -8.708491
        ]
      },
      "properties": {
        "clave_union": "PVH",
        "nombre_oficial": "Governador Jorge Teixeira de Oliveira International Airport",
        "codigo_iata": "PVH",
        "codigo_oaci": "SBPV",
        "pais": "Brasil",
        "provincia_estado_departamento": "Rondônia",
        "ciudad": "Porto Velho",
        "tipo": "internacional",
        "elevacion_m": 90,
        "longitud_pista_m": 2400,
        "entidad_operadora": null,
        "fuente": "DECEA AISWEB - AIP Brasil: https://aisweb.decea.mil.br/?i=publicacoes&p=aip | OurAirports: https://davidmegginson.github.io/ourairports-data/airports.csv, https://davidmegginson.github.io/ourairports-data/runways.csv, https://davidmegginson.github.io/ourairports-data/regions.csv",
        "fuente_tipo": "referencia_oficial+fuente_secundaria_complementaria",
        "fuente_oficial": "https://aisweb.decea.mil.br/?i=publicacoes&p=aip",
        "fuente_secundaria": "https://davidmegginson.github.io/ourairports-data/airports.csv",
        "nivel_fuente_oficial": "aip_oficial_localizado",
        "servicio_regular_fuente": "OurAirports scheduled_service=yes",
        "fecha_actualizacion_dato": "2026-08-04",
        "observaciones": "Inclusión basada en scheduled_service=yes y código IATA de OurAirports. La existencia, denominación y códigos deben contrastarse con la AIP vigente antes de uso operacional. Coordenadas, elevación y pista proceden de OurAirports; la pista principal es la mayor pista no cerrada registrada. Campos incompletos: entidad operadora no verificada en una fuente oficial abierta. Roles adicionales identificados de forma conservadora: función_internacional.",
        "roles_adicionales": [
          "función_internacional"
        ]
      }
    },
    {
      "type": "Feature",
      "id": "PYT",
      "geometry": {
        "type": "Point",
        "coordinates": [
          -46.883099,
          -17.242599
        ]
      },
      "properties": {
        "clave_union": "PYT",
        "nombre_oficial": "Pedro Rabelo de Souza Airport",
        "codigo_iata": "PYT",
        "codigo_oaci": "SNZR",
        "pais": "Brasil",
        "provincia_estado_departamento": "Minas Gerais",
        "ciudad": "Paracatu",
        "tipo": "doméstico",
        "elevacion_m": 719,
        "longitud_pista_m": 1500,
        "entidad_operadora": null,
        "fuente": "DECEA AISWEB - AIP Brasil: https://aisweb.decea.mil.br/?i=publicacoes&p=aip | OurAirports: https://davidmegginson.github.io/ourairports-data/airports.csv, https://davidmegginson.github.io/ourairports-data/runways.csv, https://davidmegginson.github.io/ourairports-data/regions.csv",
        "fuente_tipo": "referencia_oficial+fuente_secundaria_complementaria",
        "fuente_oficial": "https://aisweb.decea.mil.br/?i=publicacoes&p=aip",
        "fuente_secundaria": "https://davidmegginson.github.io/ourairports-data/airports.csv",
        "nivel_fuente_oficial": "aip_oficial_localizado",
        "servicio_regular_fuente": "OurAirports scheduled_service=yes",
        "fecha_actualizacion_dato": "2026-08-04",
        "observaciones": "Inclusión basada en scheduled_service=yes y código IATA de OurAirports. La existencia, denominación y códigos deben contrastarse con la AIP vigente antes de uso operacional. Coordenadas, elevación y pista proceden de OurAirports; la pista principal es la mayor pista no cerrada registrada. Campos incompletos: entidad operadora no verificada en una fuente oficial abierta.",
        "roles_adicionales": []
      }
    },
    {
      "type": "Feature",
      "id": "RAO",
      "geometry": {
        "type": "Point",
        "coordinates": [
          -47.774053,
          -21.134314
        ]
      },
      "properties": {
        "clave_union": "RAO",
        "nombre_oficial": "Leite Lopes Airport",
        "codigo_iata": "RAO",
        "codigo_oaci": "SBRP",
        "pais": "Brasil",
        "provincia_estado_departamento": "São Paulo",
        "ciudad": "Ribeirão Preto",
        "tipo": "doméstico",
        "elevacion_m": 550,
        "longitud_pista_m": 2100,
        "entidad_operadora": null,
        "fuente": "DECEA AISWEB - AIP Brasil: https://aisweb.decea.mil.br/?i=publicacoes&p=aip | OurAirports: https://davidmegginson.github.io/ourairports-data/airports.csv, https://davidmegginson.github.io/ourairports-data/runways.csv, https://davidmegginson.github.io/ourairports-data/regions.csv",
        "fuente_tipo": "referencia_oficial+fuente_secundaria_complementaria",
        "fuente_oficial": "https://aisweb.decea.mil.br/?i=publicacoes&p=aip",
        "fuente_secundaria": "https://davidmegginson.github.io/ourairports-data/airports.csv",
        "nivel_fuente_oficial": "aip_oficial_localizado",
        "servicio_regular_fuente": "OurAirports scheduled_service=yes",
        "fecha_actualizacion_dato": "2026-08-04",
        "observaciones": "Inclusión basada en scheduled_service=yes y código IATA de OurAirports. La existencia, denominación y códigos deben contrastarse con la AIP vigente antes de uso operacional. Coordenadas, elevación y pista proceden de OurAirports; la pista principal es la mayor pista no cerrada registrada. Campos incompletos: entidad operadora no verificada en una fuente oficial abierta.",
        "roles_adicionales": []
      }
    },
    {
      "type": "Feature",
      "id": "RBB",
      "geometry": {
        "type": "Point",
        "coordinates": [
          -59.602402,
          -4.40634
        ]
      },
      "properties": {
        "clave_union": "RBB",
        "nombre_oficial": "Borba Airport",
        "codigo_iata": "RBB",
        "codigo_oaci": "SWBR",
        "pais": "Brasil",
        "provincia_estado_departamento": "Amazonas",
        "ciudad": "Borba",
        "tipo": "doméstico",
        "elevacion_m": 30,
        "longitud_pista_m": 1200,
        "entidad_operadora": null,
        "fuente": "DECEA AISWEB - AIP Brasil: https://aisweb.decea.mil.br/?i=publicacoes&p=aip | OurAirports: https://davidmegginson.github.io/ourairports-data/airports.csv, https://davidmegginson.github.io/ourairports-data/runways.csv, https://davidmegginson.github.io/ourairports-data/regions.csv",
        "fuente_tipo": "referencia_oficial+fuente_secundaria_complementaria",
        "fuente_oficial": "https://aisweb.decea.mil.br/?i=publicacoes&p=aip",
        "fuente_secundaria": "https://davidmegginson.github.io/ourairports-data/airports.csv",
        "nivel_fuente_oficial": "aip_oficial_localizado",
        "servicio_regular_fuente": "OurAirports scheduled_service=yes",
        "fecha_actualizacion_dato": "2026-08-04",
        "observaciones": "Inclusión basada en scheduled_service=yes y código IATA de OurAirports. La existencia, denominación y códigos deben contrastarse con la AIP vigente antes de uso operacional. Coordenadas, elevación y pista proceden de OurAirports; la pista principal es la mayor pista no cerrada registrada. Campos incompletos: entidad operadora no verificada en una fuente oficial abierta.",
        "roles_adicionales": []
      }
    },
    {
      "type": "Feature",
      "id": "RBR",
      "geometry": {
        "type": "Point",
        "coordinates": [
          -67.893984,
          -9.869031
        ]
      },
      "properties": {
        "clave_union": "RBR",
        "nombre_oficial": "Rio Branco-Plácido de Castro International Airport",
        "codigo_iata": "RBR",
        "codigo_oaci": "SBRB",
        "pais": "Brasil",
        "provincia_estado_departamento": "Acre",
        "ciudad": "Rio Branco",
        "tipo": "internacional",
        "elevacion_m": 193,
        "longitud_pista_m": 2158,
        "entidad_operadora": null,
        "fuente": "DECEA AISWEB - AIP Brasil: https://aisweb.decea.mil.br/?i=publicacoes&p=aip | OurAirports: https://davidmegginson.github.io/ourairports-data/airports.csv, https://davidmegginson.github.io/ourairports-data/runways.csv, https://davidmegginson.github.io/ourairports-data/regions.csv",
        "fuente_tipo": "referencia_oficial+fuente_secundaria_complementaria",
        "fuente_oficial": "https://aisweb.decea.mil.br/?i=publicacoes&p=aip",
        "fuente_secundaria": "https://davidmegginson.github.io/ourairports-data/airports.csv",
        "nivel_fuente_oficial": "aip_oficial_localizado",
        "servicio_regular_fuente": "OurAirports scheduled_service=yes",
        "fecha_actualizacion_dato": "2026-08-04",
        "observaciones": "Inclusión basada en scheduled_service=yes y código IATA de OurAirports. La existencia, denominación y códigos deben contrastarse con la AIP vigente antes de uso operacional. Coordenadas, elevación y pista proceden de OurAirports; la pista principal es la mayor pista no cerrada registrada. Campos incompletos: entidad operadora no verificada en una fuente oficial abierta. Roles adicionales identificados de forma conservadora: función_internacional.",
        "roles_adicionales": [
          "función_internacional"
        ]
      }
    },
    {
      "type": "Feature",
      "id": "REC",
      "geometry": {
        "type": "Point",
        "coordinates": [
          -34.922961,
          -8.12747
        ]
      },
      "properties": {
        "clave_union": "REC",
        "nombre_oficial": "Recife/Guararapes - Gilberto Freyre International Airport",
        "codigo_iata": "REC",
        "codigo_oaci": "SBRF",
        "pais": "Brasil",
        "provincia_estado_departamento": "Pernambuco",
        "ciudad": "Recife",
        "tipo": "internacional",
        "elevacion_m": 10,
        "longitud_pista_m": 3007,
        "entidad_operadora": null,
        "fuente": "DECEA AISWEB - AIP Brasil: https://aisweb.decea.mil.br/?i=publicacoes&p=aip | OurAirports: https://davidmegginson.github.io/ourairports-data/airports.csv, https://davidmegginson.github.io/ourairports-data/runways.csv, https://davidmegginson.github.io/ourairports-data/regions.csv",
        "fuente_tipo": "referencia_oficial+fuente_secundaria_complementaria",
        "fuente_oficial": "https://aisweb.decea.mil.br/?i=publicacoes&p=aip",
        "fuente_secundaria": "https://davidmegginson.github.io/ourairports-data/airports.csv",
        "nivel_fuente_oficial": "aip_oficial_localizado",
        "servicio_regular_fuente": "OurAirports scheduled_service=yes",
        "fecha_actualizacion_dato": "2026-08-04",
        "observaciones": "Inclusión basada en scheduled_service=yes y código IATA de OurAirports. La existencia, denominación y códigos deben contrastarse con la AIP vigente antes de uso operacional. Coordenadas, elevación y pista proceden de OurAirports; la pista principal es la mayor pista no cerrada registrada. Campos incompletos: entidad operadora no verificada en una fuente oficial abierta. Roles adicionales identificados de forma conservadora: función_internacional.",
        "roles_adicionales": [
          "función_internacional"
        ]
      }
    },
    {
      "type": "Feature",
      "id": "RIA",
      "geometry": {
        "type": "Point",
        "coordinates": [
          -53.688202,
          -29.711399
        ]
      },
      "properties": {
        "clave_union": "RIA",
        "nombre_oficial": "Santa Maria Airport",
        "codigo_iata": "RIA",
        "codigo_oaci": "SBSM",
        "pais": "Brasil",
        "provincia_estado_departamento": "Rio Grande do Sul",
        "ciudad": "Santa Maria",
        "tipo": "doméstico",
        "elevacion_m": 87,
        "longitud_pista_m": 2694,
        "entidad_operadora": null,
        "fuente": "DECEA AISWEB - AIP Brasil: https://aisweb.decea.mil.br/?i=publicacoes&p=aip | OurAirports: https://davidmegginson.github.io/ourairports-data/airports.csv, https://davidmegginson.github.io/ourairports-data/runways.csv, https://davidmegginson.github.io/ourairports-data/regions.csv",
        "fuente_tipo": "referencia_oficial+fuente_secundaria_complementaria",
        "fuente_oficial": "https://aisweb.decea.mil.br/?i=publicacoes&p=aip",
        "fuente_secundaria": "https://davidmegginson.github.io/ourairports-data/airports.csv",
        "nivel_fuente_oficial": "aip_oficial_localizado",
        "servicio_regular_fuente": "OurAirports scheduled_service=yes",
        "fecha_actualizacion_dato": "2026-08-04",
        "observaciones": "Inclusión basada en scheduled_service=yes y código IATA de OurAirports. La existencia, denominación y códigos deben contrastarse con la AIP vigente antes de uso operacional. Coordenadas, elevación y pista proceden de OurAirports; la pista principal es la mayor pista no cerrada registrada. Campos incompletos: entidad operadora no verificada en una fuente oficial abierta.",
        "roles_adicionales": []
      }
    },
    {
      "type": "Feature",
      "id": "ROO",
      "geometry": {
        "type": "Point",
        "coordinates": [
          -54.724803,
          -16.584292
        ]
      },
      "properties": {
        "clave_union": "ROO",
        "nombre_oficial": "Maestro Marinho Franco Airport",
        "codigo_iata": "ROO",
        "codigo_oaci": "SBRD",
        "pais": "Brasil",
        "provincia_estado_departamento": "Mato Grosso",
        "ciudad": "Rondonópolis",
        "tipo": "doméstico",
        "elevacion_m": 447,
        "longitud_pista_m": 1850,
        "entidad_operadora": null,
        "fuente": "DECEA AISWEB - AIP Brasil: https://aisweb.decea.mil.br/?i=publicacoes&p=aip | OurAirports: https://davidmegginson.github.io/ourairports-data/airports.csv, https://davidmegginson.github.io/ourairports-data/runways.csv, https://davidmegginson.github.io/ourairports-data/regions.csv",
        "fuente_tipo": "referencia_oficial+fuente_secundaria_complementaria",
        "fuente_oficial": "https://aisweb.decea.mil.br/?i=publicacoes&p=aip",
        "fuente_secundaria": "https://davidmegginson.github.io/ourairports-data/airports.csv",
        "nivel_fuente_oficial": "aip_oficial_localizado",
        "servicio_regular_fuente": "OurAirports scheduled_service=yes",
        "fecha_actualizacion_dato": "2026-08-04",
        "observaciones": "Inclusión basada en scheduled_service=yes y código IATA de OurAirports. La existencia, denominación y códigos deben contrastarse con la AIP vigente antes de uso operacional. Coordenadas, elevación y pista proceden de OurAirports; la pista principal es la mayor pista no cerrada registrada. Campos incompletos: entidad operadora no verificada en una fuente oficial abierta.",
        "roles_adicionales": []
      }
    },
    {
      "type": "Feature",
      "id": "RRJ",
      "geometry": {
        "type": "Point",
        "coordinates": [
          -43.372194,
          -22.986773
        ]
      },
      "properties": {
        "clave_union": "RRJ",
        "nombre_oficial": "Jacarepaguá - Roberto Marinho Airport",
        "codigo_iata": "RRJ",
        "codigo_oaci": "SBJR",
        "pais": "Brasil",
        "provincia_estado_departamento": "Rio de Janeiro",
        "ciudad": "Rio de Janeiro",
        "tipo": "doméstico",
        "elevacion_m": 3,
        "longitud_pista_m": 900,
        "entidad_operadora": null,
        "fuente": "DECEA AISWEB - AIP Brasil: https://aisweb.decea.mil.br/?i=publicacoes&p=aip | OurAirports: https://davidmegginson.github.io/ourairports-data/airports.csv, https://davidmegginson.github.io/ourairports-data/runways.csv, https://davidmegginson.github.io/ourairports-data/regions.csv",
        "fuente_tipo": "referencia_oficial+fuente_secundaria_complementaria",
        "fuente_oficial": "https://aisweb.decea.mil.br/?i=publicacoes&p=aip",
        "fuente_secundaria": "https://davidmegginson.github.io/ourairports-data/airports.csv",
        "nivel_fuente_oficial": "aip_oficial_localizado",
        "servicio_regular_fuente": "OurAirports scheduled_service=yes",
        "fecha_actualizacion_dato": "2026-08-04",
        "observaciones": "Inclusión basada en scheduled_service=yes y código IATA de OurAirports. La existencia, denominación y códigos deben contrastarse con la AIP vigente antes de uso operacional. Coordenadas, elevación y pista proceden de OurAirports; la pista principal es la mayor pista no cerrada registrada. Campos incompletos: entidad operadora no verificada en una fuente oficial abierta.",
        "roles_adicionales": []
      }
    },
    {
      "type": "Feature",
      "id": "SDU",
      "geometry": {
        "type": "Point",
        "coordinates": [
          -43.16282,
          -22.910397
        ]
      },
      "properties": {
        "clave_union": "SDU",
        "nombre_oficial": "Santos Dumont Airport",
        "codigo_iata": "SDU",
        "codigo_oaci": "SBRJ",
        "pais": "Brasil",
        "provincia_estado_departamento": "Rio de Janeiro",
        "ciudad": "Rio de Janeiro",
        "tipo": "doméstico",
        "elevacion_m": 3,
        "longitud_pista_m": 1323,
        "entidad_operadora": null,
        "fuente": "DECEA AISWEB - AIP Brasil: https://aisweb.decea.mil.br/?i=publicacoes&p=aip | OurAirports: https://davidmegginson.github.io/ourairports-data/airports.csv, https://davidmegginson.github.io/ourairports-data/runways.csv, https://davidmegginson.github.io/ourairports-data/regions.csv",
        "fuente_tipo": "referencia_oficial+fuente_secundaria_complementaria",
        "fuente_oficial": "https://aisweb.decea.mil.br/?i=publicacoes&p=aip",
        "fuente_secundaria": "https://davidmegginson.github.io/ourairports-data/airports.csv",
        "nivel_fuente_oficial": "aip_oficial_localizado",
        "servicio_regular_fuente": "OurAirports scheduled_service=yes",
        "fecha_actualizacion_dato": "2026-08-04",
        "observaciones": "Inclusión basada en scheduled_service=yes y código IATA de OurAirports. La existencia, denominación y códigos deben contrastarse con la AIP vigente antes de uso operacional. Coordenadas, elevación y pista proceden de OurAirports; la pista principal es la mayor pista no cerrada registrada. Campos incompletos: entidad operadora no verificada en una fuente oficial abierta.",
        "roles_adicionales": []
      }
    },
    {
      "type": "Feature",
      "id": "SET",
      "geometry": {
        "type": "Point",
        "coordinates": [
          -38.328888,
          -8.061433
        ]
      },
      "properties": {
        "clave_union": "SET",
        "nombre_oficial": "Santa Magalhães Airport",
        "codigo_iata": "SET",
        "codigo_oaci": "SNHS",
        "pais": "Brasil",
        "provincia_estado_departamento": "Pernambuco",
        "ciudad": "Serra Talhada",
        "tipo": "doméstico",
        "elevacion_m": 470,
        "longitud_pista_m": 1800,
        "entidad_operadora": null,
        "fuente": "DECEA AISWEB - AIP Brasil: https://aisweb.decea.mil.br/?i=publicacoes&p=aip | OurAirports: https://davidmegginson.github.io/ourairports-data/airports.csv, https://davidmegginson.github.io/ourairports-data/runways.csv, https://davidmegginson.github.io/ourairports-data/regions.csv",
        "fuente_tipo": "referencia_oficial+fuente_secundaria_complementaria",
        "fuente_oficial": "https://aisweb.decea.mil.br/?i=publicacoes&p=aip",
        "fuente_secundaria": "https://davidmegginson.github.io/ourairports-data/airports.csv",
        "nivel_fuente_oficial": "aip_oficial_localizado",
        "servicio_regular_fuente": "OurAirports scheduled_service=yes",
        "fecha_actualizacion_dato": "2026-08-04",
        "observaciones": "Inclusión basada en scheduled_service=yes y código IATA de OurAirports. La existencia, denominación y códigos deben contrastarse con la AIP vigente antes de uso operacional. Coordenadas, elevación y pista proceden de OurAirports; la pista principal es la mayor pista no cerrada registrada. Campos incompletos: entidad operadora no verificada en una fuente oficial abierta.",
        "roles_adicionales": []
      }
    },
    {
      "type": "Feature",
      "id": "SJK",
      "geometry": {
        "type": "Point",
        "coordinates": [
          -45.8615,
          -23.2292
        ]
      },
      "properties": {
        "clave_union": "SJK",
        "nombre_oficial": "Professor Urbano Ernesto Stumpf Airport",
        "codigo_iata": "SJK",
        "codigo_oaci": "SBSJ",
        "pais": "Brasil",
        "provincia_estado_departamento": "São Paulo",
        "ciudad": "São José Dos Campos",
        "tipo": "doméstico",
        "elevacion_m": 646,
        "longitud_pista_m": 2676,
        "entidad_operadora": null,
        "fuente": "DECEA AISWEB - AIP Brasil: https://aisweb.decea.mil.br/?i=publicacoes&p=aip | OurAirports: https://davidmegginson.github.io/ourairports-data/airports.csv, https://davidmegginson.github.io/ourairports-data/runways.csv, https://davidmegginson.github.io/ourairports-data/regions.csv",
        "fuente_tipo": "referencia_oficial+fuente_secundaria_complementaria",
        "fuente_oficial": "https://aisweb.decea.mil.br/?i=publicacoes&p=aip",
        "fuente_secundaria": "https://davidmegginson.github.io/ourairports-data/airports.csv",
        "nivel_fuente_oficial": "aip_oficial_localizado",
        "servicio_regular_fuente": "OurAirports scheduled_service=yes",
        "fecha_actualizacion_dato": "2026-08-04",
        "observaciones": "Inclusión basada en scheduled_service=yes y código IATA de OurAirports. La existencia, denominación y códigos deben contrastarse con la AIP vigente antes de uso operacional. Coordenadas, elevación y pista proceden de OurAirports; la pista principal es la mayor pista no cerrada registrada. Campos incompletos: entidad operadora no verificada en una fuente oficial abierta.",
        "roles_adicionales": []
      }
    },
    {
      "type": "Feature",
      "id": "SJL",
      "geometry": {
        "type": "Point",
        "coordinates": [
          -66.9855,
          -0.14835
        ]
      },
      "properties": {
        "clave_union": "SJL",
        "nombre_oficial": "São Gabriel da Cachoeira Airport",
        "codigo_iata": "SJL",
        "codigo_oaci": "SBUA",
        "pais": "Brasil",
        "provincia_estado_departamento": "Amazonas",
        "ciudad": "São Gabriel da Cachoeira",
        "tipo": "doméstico",
        "elevacion_m": 76,
        "longitud_pista_m": 2600,
        "entidad_operadora": null,
        "fuente": "DECEA AISWEB - AIP Brasil: https://aisweb.decea.mil.br/?i=publicacoes&p=aip | OurAirports: https://davidmegginson.github.io/ourairports-data/airports.csv, https://davidmegginson.github.io/ourairports-data/runways.csv, https://davidmegginson.github.io/ourairports-data/regions.csv",
        "fuente_tipo": "referencia_oficial+fuente_secundaria_complementaria",
        "fuente_oficial": "https://aisweb.decea.mil.br/?i=publicacoes&p=aip",
        "fuente_secundaria": "https://davidmegginson.github.io/ourairports-data/airports.csv",
        "nivel_fuente_oficial": "aip_oficial_localizado",
        "servicio_regular_fuente": "OurAirports scheduled_service=yes",
        "fecha_actualizacion_dato": "2026-08-04",
        "observaciones": "Inclusión basada en scheduled_service=yes y código IATA de OurAirports. La existencia, denominación y códigos deben contrastarse con la AIP vigente antes de uso operacional. Coordenadas, elevación y pista proceden de OurAirports; la pista principal es la mayor pista no cerrada registrada. Campos incompletos: entidad operadora no verificada en una fuente oficial abierta.",
        "roles_adicionales": []
      }
    },
    {
      "type": "Feature",
      "id": "SJP",
      "geometry": {
        "type": "Point",
        "coordinates": [
          -49.406963,
          -20.817113
        ]
      },
      "properties": {
        "clave_union": "SJP",
        "nombre_oficial": "Prof. Eribelto Manoel Reino State Airport",
        "codigo_iata": "SJP",
        "codigo_oaci": "SBSR",
        "pais": "Brasil",
        "provincia_estado_departamento": "São Paulo",
        "ciudad": "São José do Rio Preto",
        "tipo": "doméstico",
        "elevacion_m": 544,
        "longitud_pista_m": 1640,
        "entidad_operadora": null,
        "fuente": "DECEA AISWEB - AIP Brasil: https://aisweb.decea.mil.br/?i=publicacoes&p=aip | OurAirports: https://davidmegginson.github.io/ourairports-data/airports.csv, https://davidmegginson.github.io/ourairports-data/runways.csv, https://davidmegginson.github.io/ourairports-data/regions.csv",
        "fuente_tipo": "referencia_oficial+fuente_secundaria_complementaria",
        "fuente_oficial": "https://aisweb.decea.mil.br/?i=publicacoes&p=aip",
        "fuente_secundaria": "https://davidmegginson.github.io/ourairports-data/airports.csv",
        "nivel_fuente_oficial": "aip_oficial_localizado",
        "servicio_regular_fuente": "OurAirports scheduled_service=yes",
        "fecha_actualizacion_dato": "2026-08-04",
        "observaciones": "Inclusión basada en scheduled_service=yes y código IATA de OurAirports. La existencia, denominación y códigos deben contrastarse con la AIP vigente antes de uso operacional. Coordenadas, elevación y pista proceden de OurAirports; la pista principal es la mayor pista no cerrada registrada. Campos incompletos: entidad operadora no verificada en una fuente oficial abierta.",
        "roles_adicionales": []
      }
    },
    {
      "type": "Feature",
      "id": "SLZ",
      "geometry": {
        "type": "Point",
        "coordinates": [
          -44.235008,
          -2.586386
        ]
      },
      "properties": {
        "clave_union": "SLZ",
        "nombre_oficial": "Marechal Cunha Machado International Airport",
        "codigo_iata": "SLZ",
        "codigo_oaci": "SBSL",
        "pais": "Brasil",
        "provincia_estado_departamento": "Maranhão",
        "ciudad": "São Luís",
        "tipo": "internacional",
        "elevacion_m": 54,
        "longitud_pista_m": 2386,
        "entidad_operadora": null,
        "fuente": "DECEA AISWEB - AIP Brasil: https://aisweb.decea.mil.br/?i=publicacoes&p=aip | OurAirports: https://davidmegginson.github.io/ourairports-data/airports.csv, https://davidmegginson.github.io/ourairports-data/runways.csv, https://davidmegginson.github.io/ourairports-data/regions.csv",
        "fuente_tipo": "referencia_oficial+fuente_secundaria_complementaria",
        "fuente_oficial": "https://aisweb.decea.mil.br/?i=publicacoes&p=aip",
        "fuente_secundaria": "https://davidmegginson.github.io/ourairports-data/airports.csv",
        "nivel_fuente_oficial": "aip_oficial_localizado",
        "servicio_regular_fuente": "OurAirports scheduled_service=yes",
        "fecha_actualizacion_dato": "2026-08-04",
        "observaciones": "Inclusión basada en scheduled_service=yes y código IATA de OurAirports. La existencia, denominación y códigos deben contrastarse con la AIP vigente antes de uso operacional. Coordenadas, elevación y pista proceden de OurAirports; la pista principal es la mayor pista no cerrada registrada. Campos incompletos: entidad operadora no verificada en una fuente oficial abierta. Roles adicionales identificados de forma conservadora: función_internacional.",
        "roles_adicionales": [
          "función_internacional"
        ]
      }
    },
    {
      "type": "Feature",
      "id": "SMT",
      "geometry": {
        "type": "Point",
        "coordinates": [
          -55.672341,
          -12.479177
        ]
      },
      "properties": {
        "clave_union": "SMT",
        "nombre_oficial": "Adolino Bedin Regional Airport",
        "codigo_iata": "SMT",
        "codigo_oaci": "SBSO",
        "pais": "Brasil",
        "provincia_estado_departamento": "Mato Grosso",
        "ciudad": "Sorriso",
        "tipo": "doméstico",
        "elevacion_m": 386,
        "longitud_pista_m": 1700,
        "entidad_operadora": null,
        "fuente": "DECEA AISWEB - AIP Brasil: https://aisweb.decea.mil.br/?i=publicacoes&p=aip | OurAirports: https://davidmegginson.github.io/ourairports-data/airports.csv, https://davidmegginson.github.io/ourairports-data/runways.csv, https://davidmegginson.github.io/ourairports-data/regions.csv",
        "fuente_tipo": "referencia_oficial+fuente_secundaria_complementaria",
        "fuente_oficial": "https://aisweb.decea.mil.br/?i=publicacoes&p=aip",
        "fuente_secundaria": "https://davidmegginson.github.io/ourairports-data/airports.csv",
        "nivel_fuente_oficial": "aip_oficial_localizado",
        "servicio_regular_fuente": "OurAirports scheduled_service=yes",
        "fecha_actualizacion_dato": "2026-08-04",
        "observaciones": "Inclusión basada en scheduled_service=yes y código IATA de OurAirports. La existencia, denominación y códigos deben contrastarse con la AIP vigente antes de uso operacional. Coordenadas, elevación y pista proceden de OurAirports; la pista principal es la mayor pista no cerrada registrada. Campos incompletos: entidad operadora no verificada en una fuente oficial abierta.",
        "roles_adicionales": []
      }
    },
    {
      "type": "Feature",
      "id": "SOD",
      "geometry": {
        "type": "Point",
        "coordinates": [
          -47.490002,
          -23.478001
        ]
      },
      "properties": {
        "clave_union": "SOD",
        "nombre_oficial": "Sorocaba Airport",
        "codigo_iata": "SOD",
        "codigo_oaci": "SDCO",
        "pais": "Brasil",
        "provincia_estado_departamento": "São Paulo",
        "ciudad": "Sorocaba",
        "tipo": "doméstico",
        "elevacion_m": 635,
        "longitud_pista_m": 1630,
        "entidad_operadora": null,
        "fuente": "DECEA AISWEB - AIP Brasil: https://aisweb.decea.mil.br/?i=publicacoes&p=aip | OurAirports: https://davidmegginson.github.io/ourairports-data/airports.csv, https://davidmegginson.github.io/ourairports-data/runways.csv, https://davidmegginson.github.io/ourairports-data/regions.csv",
        "fuente_tipo": "referencia_oficial+fuente_secundaria_complementaria",
        "fuente_oficial": "https://aisweb.decea.mil.br/?i=publicacoes&p=aip",
        "fuente_secundaria": "https://davidmegginson.github.io/ourairports-data/airports.csv",
        "nivel_fuente_oficial": "aip_oficial_localizado",
        "servicio_regular_fuente": "OurAirports scheduled_service=yes",
        "fecha_actualizacion_dato": "2026-08-04",
        "observaciones": "Inclusión basada en scheduled_service=yes y código IATA de OurAirports. La existencia, denominación y códigos deben contrastarse con la AIP vigente antes de uso operacional. Coordenadas, elevación y pista proceden de OurAirports; la pista principal es la mayor pista no cerrada registrada. Campos incompletos: entidad operadora no verificada en una fuente oficial abierta.",
        "roles_adicionales": []
      }
    },
    {
      "type": "Feature",
      "id": "SRA",
      "geometry": {
        "type": "Point",
        "coordinates": [
          -54.520628,
          -27.90658
        ]
      },
      "properties": {
        "clave_union": "SRA",
        "nombre_oficial": "Luis Alberto Lehr Airport",
        "codigo_iata": "SRA",
        "codigo_oaci": "SSZR",
        "pais": "Brasil",
        "provincia_estado_departamento": "Rio Grande do Sul",
        "ciudad": "Santa Rosa",
        "tipo": "doméstico",
        "elevacion_m": 309,
        "longitud_pista_m": 1200,
        "entidad_operadora": null,
        "fuente": "DECEA AISWEB - AIP Brasil: https://aisweb.decea.mil.br/?i=publicacoes&p=aip | OurAirports: https://davidmegginson.github.io/ourairports-data/airports.csv, https://davidmegginson.github.io/ourairports-data/runways.csv, https://davidmegginson.github.io/ourairports-data/regions.csv",
        "fuente_tipo": "referencia_oficial+fuente_secundaria_complementaria",
        "fuente_oficial": "https://aisweb.decea.mil.br/?i=publicacoes&p=aip",
        "fuente_secundaria": "https://davidmegginson.github.io/ourairports-data/airports.csv",
        "nivel_fuente_oficial": "aip_oficial_localizado",
        "servicio_regular_fuente": "OurAirports scheduled_service=yes",
        "fecha_actualizacion_dato": "2026-08-04",
        "observaciones": "Inclusión basada en scheduled_service=yes y código IATA de OurAirports. La existencia, denominación y códigos deben contrastarse con la AIP vigente antes de uso operacional. Coordenadas, elevación y pista proceden de OurAirports; la pista principal es la mayor pista no cerrada registrada. Campos incompletos: entidad operadora no verificada en una fuente oficial abierta.",
        "roles_adicionales": []
      }
    },
    {
      "type": "Feature",
      "id": "SSA",
      "geometry": {
        "type": "Point",
        "coordinates": [
          -38.322498,
          -12.908611
        ]
      },
      "properties": {
        "clave_union": "SSA",
        "nombre_oficial": "Deputado Luiz Eduardo Magalhães International Airport",
        "codigo_iata": "SSA",
        "codigo_oaci": "SBSV",
        "pais": "Brasil",
        "provincia_estado_departamento": "Bahia",
        "ciudad": "Salvador",
        "tipo": "internacional",
        "elevacion_m": 20,
        "longitud_pista_m": 3005,
        "entidad_operadora": null,
        "fuente": "DECEA AISWEB - AIP Brasil: https://aisweb.decea.mil.br/?i=publicacoes&p=aip | OurAirports: https://davidmegginson.github.io/ourairports-data/airports.csv, https://davidmegginson.github.io/ourairports-data/runways.csv, https://davidmegginson.github.io/ourairports-data/regions.csv",
        "fuente_tipo": "referencia_oficial+fuente_secundaria_complementaria",
        "fuente_oficial": "https://aisweb.decea.mil.br/?i=publicacoes&p=aip",
        "fuente_secundaria": "https://davidmegginson.github.io/ourairports-data/airports.csv",
        "nivel_fuente_oficial": "aip_oficial_localizado",
        "servicio_regular_fuente": "OurAirports scheduled_service=yes",
        "fecha_actualizacion_dato": "2026-08-04",
        "observaciones": "Inclusión basada en scheduled_service=yes y código IATA de OurAirports. La existencia, denominación y códigos deben contrastarse con la AIP vigente antes de uso operacional. Coordenadas, elevación y pista proceden de OurAirports; la pista principal es la mayor pista no cerrada registrada. Campos incompletos: entidad operadora no verificada en una fuente oficial abierta. Roles adicionales identificados de forma conservadora: función_internacional.",
        "roles_adicionales": [
          "función_internacional"
        ]
      }
    },
    {
      "type": "Feature",
      "id": "STM",
      "geometry": {
        "type": "Point",
        "coordinates": [
          -54.79306,
          -2.422423
        ]
      },
      "properties": {
        "clave_union": "STM",
        "nombre_oficial": "Santarém - Maestro Wilson Fonseca International Airport",
        "codigo_iata": "STM",
        "codigo_oaci": "SBSN",
        "pais": "Brasil",
        "provincia_estado_departamento": "Pará",
        "ciudad": "Santarém",
        "tipo": "internacional",
        "elevacion_m": 60,
        "longitud_pista_m": 2400,
        "entidad_operadora": null,
        "fuente": "DECEA AISWEB - AIP Brasil: https://aisweb.decea.mil.br/?i=publicacoes&p=aip | OurAirports: https://davidmegginson.github.io/ourairports-data/airports.csv, https://davidmegginson.github.io/ourairports-data/runways.csv, https://davidmegginson.github.io/ourairports-data/regions.csv",
        "fuente_tipo": "referencia_oficial+fuente_secundaria_complementaria",
        "fuente_oficial": "https://aisweb.decea.mil.br/?i=publicacoes&p=aip",
        "fuente_secundaria": "https://davidmegginson.github.io/ourairports-data/airports.csv",
        "nivel_fuente_oficial": "aip_oficial_localizado",
        "servicio_regular_fuente": "OurAirports scheduled_service=yes",
        "fecha_actualizacion_dato": "2026-08-04",
        "observaciones": "Inclusión basada en scheduled_service=yes y código IATA de OurAirports. La existencia, denominación y códigos deben contrastarse con la AIP vigente antes de uso operacional. Coordenadas, elevación y pista proceden de OurAirports; la pista principal es la mayor pista no cerrada registrada. Campos incompletos: entidad operadora no verificada en una fuente oficial abierta. Roles adicionales identificados de forma conservadora: función_internacional.",
        "roles_adicionales": [
          "función_internacional"
        ]
      }
    },
    {
      "type": "Feature",
      "id": "TBT",
      "geometry": {
        "type": "Point",
        "coordinates": [
          -69.935799,
          -4.25567
        ]
      },
      "properties": {
        "clave_union": "TBT",
        "nombre_oficial": "Tabatinga International Airport",
        "codigo_iata": "TBT",
        "codigo_oaci": "SBTT",
        "pais": "Brasil",
        "provincia_estado_departamento": "Amazonas",
        "ciudad": "Tabatinga",
        "tipo": "internacional",
        "elevacion_m": 80,
        "longitud_pista_m": 2150,
        "entidad_operadora": null,
        "fuente": "DECEA AISWEB - AIP Brasil: https://aisweb.decea.mil.br/?i=publicacoes&p=aip | OurAirports: https://davidmegginson.github.io/ourairports-data/airports.csv, https://davidmegginson.github.io/ourairports-data/runways.csv, https://davidmegginson.github.io/ourairports-data/regions.csv",
        "fuente_tipo": "referencia_oficial+fuente_secundaria_complementaria",
        "fuente_oficial": "https://aisweb.decea.mil.br/?i=publicacoes&p=aip",
        "fuente_secundaria": "https://davidmegginson.github.io/ourairports-data/airports.csv",
        "nivel_fuente_oficial": "aip_oficial_localizado",
        "servicio_regular_fuente": "OurAirports scheduled_service=yes",
        "fecha_actualizacion_dato": "2026-08-04",
        "observaciones": "Inclusión basada en scheduled_service=yes y código IATA de OurAirports. La existencia, denominación y códigos deben contrastarse con la AIP vigente antes de uso operacional. Coordenadas, elevación y pista proceden de OurAirports; la pista principal es la mayor pista no cerrada registrada. Campos incompletos: entidad operadora no verificada en una fuente oficial abierta. Roles adicionales identificados de forma conservadora: función_internacional.",
        "roles_adicionales": [
          "función_internacional"
        ]
      }
    },
    {
      "type": "Feature",
      "id": "TFF",
      "geometry": {
        "type": "Point",
        "coordinates": [
          -64.724098,
          -3.38294
        ]
      },
      "properties": {
        "clave_union": "TFF",
        "nombre_oficial": "Tefé Airport",
        "codigo_iata": "TFF",
        "codigo_oaci": "SBTF",
        "pais": "Brasil",
        "provincia_estado_departamento": "Amazonas",
        "ciudad": "Tefé",
        "tipo": "doméstico",
        "elevacion_m": 57,
        "longitud_pista_m": 2200,
        "entidad_operadora": null,
        "fuente": "DECEA AISWEB - AIP Brasil: https://aisweb.decea.mil.br/?i=publicacoes&p=aip | OurAirports: https://davidmegginson.github.io/ourairports-data/airports.csv, https://davidmegginson.github.io/ourairports-data/runways.csv, https://davidmegginson.github.io/ourairports-data/regions.csv",
        "fuente_tipo": "referencia_oficial+fuente_secundaria_complementaria",
        "fuente_oficial": "https://aisweb.decea.mil.br/?i=publicacoes&p=aip",
        "fuente_secundaria": "https://davidmegginson.github.io/ourairports-data/airports.csv",
        "nivel_fuente_oficial": "aip_oficial_localizado",
        "servicio_regular_fuente": "OurAirports scheduled_service=yes",
        "fecha_actualizacion_dato": "2026-08-04",
        "observaciones": "Inclusión basada en scheduled_service=yes y código IATA de OurAirports. La existencia, denominación y códigos deben contrastarse con la AIP vigente antes de uso operacional. Coordenadas, elevación y pista proceden de OurAirports; la pista principal es la mayor pista no cerrada registrada. Campos incompletos: entidad operadora no verificada en una fuente oficial abierta.",
        "roles_adicionales": []
      }
    },
    {
      "type": "Feature",
      "id": "TGQ",
      "geometry": {
        "type": "Point",
        "coordinates": [
          -57.443744,
          -14.662
        ]
      },
      "properties": {
        "clave_union": "TGQ",
        "nombre_oficial": "Tangará da Serra Airport",
        "codigo_iata": "TGQ",
        "codigo_oaci": "SWTS",
        "pais": "Brasil",
        "provincia_estado_departamento": "Mato Grosso",
        "ciudad": "Tangará da Serra",
        "tipo": "doméstico",
        "elevacion_m": 449,
        "longitud_pista_m": 1500,
        "entidad_operadora": null,
        "fuente": "DECEA AISWEB - AIP Brasil: https://aisweb.decea.mil.br/?i=publicacoes&p=aip | OurAirports: https://davidmegginson.github.io/ourairports-data/airports.csv, https://davidmegginson.github.io/ourairports-data/runways.csv, https://davidmegginson.github.io/ourairports-data/regions.csv",
        "fuente_tipo": "referencia_oficial+fuente_secundaria_complementaria",
        "fuente_oficial": "https://aisweb.decea.mil.br/?i=publicacoes&p=aip",
        "fuente_secundaria": "https://davidmegginson.github.io/ourairports-data/airports.csv",
        "nivel_fuente_oficial": "aip_oficial_localizado",
        "servicio_regular_fuente": "OurAirports scheduled_service=yes",
        "fecha_actualizacion_dato": "2026-08-04",
        "observaciones": "Inclusión basada en scheduled_service=yes y código IATA de OurAirports. La existencia, denominación y códigos deben contrastarse con la AIP vigente antes de uso operacional. Coordenadas, elevación y pista proceden de OurAirports; la pista principal es la mayor pista no cerrada registrada. Campos incompletos: entidad operadora no verificada en una fuente oficial abierta.",
        "roles_adicionales": []
      }
    },
    {
      "type": "Feature",
      "id": "THE",
      "geometry": {
        "type": "Point",
        "coordinates": [
          -42.823712,
          -5.06025
        ]
      },
      "properties": {
        "clave_union": "THE",
        "nombre_oficial": "Senador Petrônio Portela Airport",
        "codigo_iata": "THE",
        "codigo_oaci": "SBTE",
        "pais": "Brasil",
        "provincia_estado_departamento": "Piauí",
        "ciudad": "Teresina",
        "tipo": "doméstico",
        "elevacion_m": 67,
        "longitud_pista_m": 2200,
        "entidad_operadora": null,
        "fuente": "DECEA AISWEB - AIP Brasil: https://aisweb.decea.mil.br/?i=publicacoes&p=aip | OurAirports: https://davidmegginson.github.io/ourairports-data/airports.csv, https://davidmegginson.github.io/ourairports-data/runways.csv, https://davidmegginson.github.io/ourairports-data/regions.csv",
        "fuente_tipo": "referencia_oficial+fuente_secundaria_complementaria",
        "fuente_oficial": "https://aisweb.decea.mil.br/?i=publicacoes&p=aip",
        "fuente_secundaria": "https://davidmegginson.github.io/ourairports-data/airports.csv",
        "nivel_fuente_oficial": "aip_oficial_localizado",
        "servicio_regular_fuente": "OurAirports scheduled_service=yes",
        "fecha_actualizacion_dato": "2026-08-04",
        "observaciones": "Inclusión basada en scheduled_service=yes y código IATA de OurAirports. La existencia, denominación y códigos deben contrastarse con la AIP vigente antes de uso operacional. Coordenadas, elevación y pista proceden de OurAirports; la pista principal es la mayor pista no cerrada registrada. Campos incompletos: entidad operadora no verificada en una fuente oficial abierta.",
        "roles_adicionales": []
      }
    },
    {
      "type": "Feature",
      "id": "TJL",
      "geometry": {
        "type": "Point",
        "coordinates": [
          -51.682026,
          -20.752643
        ]
      },
      "properties": {
        "clave_union": "TJL",
        "nombre_oficial": "Plínio Alarcom Airport",
        "codigo_iata": "TJL",
        "codigo_oaci": "SBTG",
        "pais": "Brasil",
        "provincia_estado_departamento": "Mato Grosso do Sul",
        "ciudad": "Três Lagoas",
        "tipo": "doméstico",
        "elevacion_m": 324,
        "longitud_pista_m": 2000,
        "entidad_operadora": null,
        "fuente": "DECEA AISWEB - AIP Brasil: https://aisweb.decea.mil.br/?i=publicacoes&p=aip | OurAirports: https://davidmegginson.github.io/ourairports-data/airports.csv, https://davidmegginson.github.io/ourairports-data/runways.csv, https://davidmegginson.github.io/ourairports-data/regions.csv",
        "fuente_tipo": "referencia_oficial+fuente_secundaria_complementaria",
        "fuente_oficial": "https://aisweb.decea.mil.br/?i=publicacoes&p=aip",
        "fuente_secundaria": "https://davidmegginson.github.io/ourairports-data/airports.csv",
        "nivel_fuente_oficial": "aip_oficial_localizado",
        "servicio_regular_fuente": "OurAirports scheduled_service=yes",
        "fecha_actualizacion_dato": "2026-08-04",
        "observaciones": "Inclusión basada en scheduled_service=yes y código IATA de OurAirports. La existencia, denominación y códigos deben contrastarse con la AIP vigente antes de uso operacional. Coordenadas, elevación y pista proceden de OurAirports; la pista principal es la mayor pista no cerrada registrada. Campos incompletos: entidad operadora no verificada en una fuente oficial abierta.",
        "roles_adicionales": []
      }
    },
    {
      "type": "Feature",
      "id": "TMT",
      "geometry": {
        "type": "Point",
        "coordinates": [
          -56.396801,
          -1.4896
        ]
      },
      "properties": {
        "clave_union": "TMT",
        "nombre_oficial": "Trombetas Airport",
        "codigo_iata": "TMT",
        "codigo_oaci": "SBTB",
        "pais": "Brasil",
        "provincia_estado_departamento": "Pará",
        "ciudad": "Oriximiná",
        "tipo": "doméstico",
        "elevacion_m": 51,
        "longitud_pista_m": 1600,
        "entidad_operadora": null,
        "fuente": "DECEA AISWEB - AIP Brasil: https://aisweb.decea.mil.br/?i=publicacoes&p=aip | OurAirports: https://davidmegginson.github.io/ourairports-data/airports.csv, https://davidmegginson.github.io/ourairports-data/runways.csv, https://davidmegginson.github.io/ourairports-data/regions.csv",
        "fuente_tipo": "referencia_oficial+fuente_secundaria_complementaria",
        "fuente_oficial": "https://aisweb.decea.mil.br/?i=publicacoes&p=aip",
        "fuente_secundaria": "https://davidmegginson.github.io/ourairports-data/airports.csv",
        "nivel_fuente_oficial": "aip_oficial_localizado",
        "servicio_regular_fuente": "OurAirports scheduled_service=yes",
        "fecha_actualizacion_dato": "2026-08-04",
        "observaciones": "Inclusión basada en scheduled_service=yes y código IATA de OurAirports. La existencia, denominación y códigos deben contrastarse con la AIP vigente antes de uso operacional. Coordenadas, elevación y pista proceden de OurAirports; la pista principal es la mayor pista no cerrada registrada. Campos incompletos: entidad operadora no verificada en una fuente oficial abierta.",
        "roles_adicionales": []
      }
    },
    {
      "type": "Feature",
      "id": "TOW",
      "geometry": {
        "type": "Point",
        "coordinates": [
          -53.697498,
          -24.6863
        ]
      },
      "properties": {
        "clave_union": "TOW",
        "nombre_oficial": "Toledo - Luiz Dalcanale Filho Municipal Airport",
        "codigo_iata": "TOW",
        "codigo_oaci": "SBTD",
        "pais": "Brasil",
        "provincia_estado_departamento": "Paraná",
        "ciudad": "Toledo",
        "tipo": "doméstico",
        "elevacion_m": 562,
        "longitud_pista_m": 1670,
        "entidad_operadora": null,
        "fuente": "DECEA AISWEB - AIP Brasil: https://aisweb.decea.mil.br/?i=publicacoes&p=aip | OurAirports: https://davidmegginson.github.io/ourairports-data/airports.csv, https://davidmegginson.github.io/ourairports-data/runways.csv, https://davidmegginson.github.io/ourairports-data/regions.csv",
        "fuente_tipo": "referencia_oficial+fuente_secundaria_complementaria",
        "fuente_oficial": "https://aisweb.decea.mil.br/?i=publicacoes&p=aip",
        "fuente_secundaria": "https://davidmegginson.github.io/ourairports-data/airports.csv",
        "nivel_fuente_oficial": "aip_oficial_localizado",
        "servicio_regular_fuente": "OurAirports scheduled_service=yes",
        "fecha_actualizacion_dato": "2026-08-04",
        "observaciones": "Inclusión basada en scheduled_service=yes y código IATA de OurAirports. La existencia, denominación y códigos deben contrastarse con la AIP vigente antes de uso operacional. Coordenadas, elevación y pista proceden de OurAirports; la pista principal es la mayor pista no cerrada registrada. Campos incompletos: entidad operadora no verificada en una fuente oficial abierta.",
        "roles_adicionales": []
      }
    },
    {
      "type": "Feature",
      "id": "TUR",
      "geometry": {
        "type": "Point",
        "coordinates": [
          -49.720299,
          -3.78601
        ]
      },
      "properties": {
        "clave_union": "TUR",
        "nombre_oficial": "Tucuruí Airport",
        "codigo_iata": "TUR",
        "codigo_oaci": "SBTU",
        "pais": "Brasil",
        "provincia_estado_departamento": "Pará",
        "ciudad": "Tucuruí",
        "tipo": "doméstico",
        "elevacion_m": 253,
        "longitud_pista_m": 2000,
        "entidad_operadora": null,
        "fuente": "DECEA AISWEB - AIP Brasil: https://aisweb.decea.mil.br/?i=publicacoes&p=aip | OurAirports: https://davidmegginson.github.io/ourairports-data/airports.csv, https://davidmegginson.github.io/ourairports-data/runways.csv, https://davidmegginson.github.io/ourairports-data/regions.csv",
        "fuente_tipo": "referencia_oficial+fuente_secundaria_complementaria",
        "fuente_oficial": "https://aisweb.decea.mil.br/?i=publicacoes&p=aip",
        "fuente_secundaria": "https://davidmegginson.github.io/ourairports-data/airports.csv",
        "nivel_fuente_oficial": "aip_oficial_localizado",
        "servicio_regular_fuente": "OurAirports scheduled_service=yes",
        "fecha_actualizacion_dato": "2026-08-04",
        "observaciones": "Inclusión basada en scheduled_service=yes y código IATA de OurAirports. La existencia, denominación y códigos deben contrastarse con la AIP vigente antes de uso operacional. Coordenadas, elevación y pista proceden de OurAirports; la pista principal es la mayor pista no cerrada registrada. Campos incompletos: entidad operadora no verificada en una fuente oficial abierta.",
        "roles_adicionales": []
      }
    },
    {
      "type": "Feature",
      "id": "UBA",
      "geometry": {
        "type": "Point",
        "coordinates": [
          -47.964805,
          -19.765036
        ]
      },
      "properties": {
        "clave_union": "UBA",
        "nombre_oficial": "Mário de Almeida Franco Airport",
        "codigo_iata": "UBA",
        "codigo_oaci": "SBUR",
        "pais": "Brasil",
        "provincia_estado_departamento": "Minas Gerais",
        "ciudad": "Uberaba",
        "tipo": "doméstico",
        "elevacion_m": 809,
        "longitud_pista_m": 1759,
        "entidad_operadora": null,
        "fuente": "DECEA AISWEB - AIP Brasil: https://aisweb.decea.mil.br/?i=publicacoes&p=aip | OurAirports: https://davidmegginson.github.io/ourairports-data/airports.csv, https://davidmegginson.github.io/ourairports-data/runways.csv, https://davidmegginson.github.io/ourairports-data/regions.csv",
        "fuente_tipo": "referencia_oficial+fuente_secundaria_complementaria",
        "fuente_oficial": "https://aisweb.decea.mil.br/?i=publicacoes&p=aip",
        "fuente_secundaria": "https://davidmegginson.github.io/ourairports-data/airports.csv",
        "nivel_fuente_oficial": "aip_oficial_localizado",
        "servicio_regular_fuente": "OurAirports scheduled_service=yes",
        "fecha_actualizacion_dato": "2026-08-04",
        "observaciones": "Inclusión basada en scheduled_service=yes y código IATA de OurAirports. La existencia, denominación y códigos deben contrastarse con la AIP vigente antes de uso operacional. Coordenadas, elevación y pista proceden de OurAirports; la pista principal es la mayor pista no cerrada registrada. Campos incompletos: entidad operadora no verificada en una fuente oficial abierta.",
        "roles_adicionales": []
      }
    },
    {
      "type": "Feature",
      "id": "UDI",
      "geometry": {
        "type": "Point",
        "coordinates": [
          -48.225936,
          -18.883579
        ]
      },
      "properties": {
        "clave_union": "UDI",
        "nombre_oficial": "Ten. Cel. Aviador César Bombonato Airport",
        "codigo_iata": "UDI",
        "codigo_oaci": "SBUL",
        "pais": "Brasil",
        "provincia_estado_departamento": "Minas Gerais",
        "ciudad": "Uberlândia",
        "tipo": "doméstico",
        "elevacion_m": 943,
        "longitud_pista_m": 1950,
        "entidad_operadora": null,
        "fuente": "DECEA AISWEB - AIP Brasil: https://aisweb.decea.mil.br/?i=publicacoes&p=aip | OurAirports: https://davidmegginson.github.io/ourairports-data/airports.csv, https://davidmegginson.github.io/ourairports-data/runways.csv, https://davidmegginson.github.io/ourairports-data/regions.csv",
        "fuente_tipo": "referencia_oficial+fuente_secundaria_complementaria",
        "fuente_oficial": "https://aisweb.decea.mil.br/?i=publicacoes&p=aip",
        "fuente_secundaria": "https://davidmegginson.github.io/ourairports-data/airports.csv",
        "nivel_fuente_oficial": "aip_oficial_localizado",
        "servicio_regular_fuente": "OurAirports scheduled_service=yes",
        "fecha_actualizacion_dato": "2026-08-04",
        "observaciones": "Inclusión basada en scheduled_service=yes y código IATA de OurAirports. La existencia, denominación y códigos deben contrastarse con la AIP vigente antes de uso operacional. Coordenadas, elevación y pista proceden de OurAirports; la pista principal es la mayor pista no cerrada registrada. Campos incompletos: entidad operadora no verificada en una fuente oficial abierta.",
        "roles_adicionales": []
      }
    },
    {
      "type": "Feature",
      "id": "UMU",
      "geometry": {
        "type": "Point",
        "coordinates": [
          -53.313801,
          -23.7987
        ]
      },
      "properties": {
        "clave_union": "UMU",
        "nombre_oficial": "Orlando de Carvalho Airport",
        "codigo_iata": "UMU",
        "codigo_oaci": "SSUM",
        "pais": "Brasil",
        "provincia_estado_departamento": "Paraná",
        "ciudad": "Umuarama",
        "tipo": "doméstico",
        "elevacion_m": 473,
        "longitud_pista_m": 1430,
        "entidad_operadora": null,
        "fuente": "DECEA AISWEB - AIP Brasil: https://aisweb.decea.mil.br/?i=publicacoes&p=aip | OurAirports: https://davidmegginson.github.io/ourairports-data/airports.csv, https://davidmegginson.github.io/ourairports-data/runways.csv, https://davidmegginson.github.io/ourairports-data/regions.csv",
        "fuente_tipo": "referencia_oficial+fuente_secundaria_complementaria",
        "fuente_oficial": "https://aisweb.decea.mil.br/?i=publicacoes&p=aip",
        "fuente_secundaria": "https://davidmegginson.github.io/ourairports-data/airports.csv",
        "nivel_fuente_oficial": "aip_oficial_localizado",
        "servicio_regular_fuente": "OurAirports scheduled_service=yes",
        "fecha_actualizacion_dato": "2026-08-04",
        "observaciones": "Inclusión basada en scheduled_service=yes y código IATA de OurAirports. La existencia, denominación y códigos deben contrastarse con la AIP vigente antes de uso operacional. Coordenadas, elevación y pista proceden de OurAirports; la pista principal es la mayor pista no cerrada registrada. Campos incompletos: entidad operadora no verificada en una fuente oficial abierta.",
        "roles_adicionales": []
      }
    },
    {
      "type": "Feature",
      "id": "UNA",
      "geometry": {
        "type": "Point",
        "coordinates": [
          -38.998729,
          -15.354358
        ]
      },
      "properties": {
        "clave_union": "UNA",
        "nombre_oficial": "Una-Comandatuba Airport",
        "codigo_iata": "UNA",
        "codigo_oaci": "SBTC",
        "pais": "Brasil",
        "provincia_estado_departamento": "Bahia",
        "ciudad": "Una",
        "tipo": "doméstico",
        "elevacion_m": 7,
        "longitud_pista_m": 1900,
        "entidad_operadora": null,
        "fuente": "DECEA AISWEB - AIP Brasil: https://aisweb.decea.mil.br/?i=publicacoes&p=aip | OurAirports: https://davidmegginson.github.io/ourairports-data/airports.csv, https://davidmegginson.github.io/ourairports-data/runways.csv, https://davidmegginson.github.io/ourairports-data/regions.csv",
        "fuente_tipo": "referencia_oficial+fuente_secundaria_complementaria",
        "fuente_oficial": "https://aisweb.decea.mil.br/?i=publicacoes&p=aip",
        "fuente_secundaria": "https://davidmegginson.github.io/ourairports-data/airports.csv",
        "nivel_fuente_oficial": "aip_oficial_localizado",
        "servicio_regular_fuente": "OurAirports scheduled_service=yes",
        "fecha_actualizacion_dato": "2026-08-04",
        "observaciones": "Inclusión basada en scheduled_service=yes y código IATA de OurAirports. La existencia, denominación y códigos deben contrastarse con la AIP vigente antes de uso operacional. Coordenadas, elevación y pista proceden de OurAirports; la pista principal es la mayor pista no cerrada registrada. Campos incompletos: entidad operadora no verificada en una fuente oficial abierta.",
        "roles_adicionales": []
      }
    },
    {
      "type": "Feature",
      "id": "URG",
      "geometry": {
        "type": "Point",
        "coordinates": [
          -57.0382,
          -29.7822
        ]
      },
      "properties": {
        "clave_union": "URG",
        "nombre_oficial": "Rubem Berta Airport",
        "codigo_iata": "URG",
        "codigo_oaci": "SBUG",
        "pais": "Brasil",
        "provincia_estado_departamento": "Rio Grande do Sul",
        "ciudad": "Uruguaiana",
        "tipo": "doméstico",
        "elevacion_m": 78,
        "longitud_pista_m": 1500,
        "entidad_operadora": null,
        "fuente": "DECEA AISWEB - AIP Brasil: https://aisweb.decea.mil.br/?i=publicacoes&p=aip | OurAirports: https://davidmegginson.github.io/ourairports-data/airports.csv, https://davidmegginson.github.io/ourairports-data/runways.csv, https://davidmegginson.github.io/ourairports-data/regions.csv",
        "fuente_tipo": "referencia_oficial+fuente_secundaria_complementaria",
        "fuente_oficial": "https://aisweb.decea.mil.br/?i=publicacoes&p=aip",
        "fuente_secundaria": "https://davidmegginson.github.io/ourairports-data/airports.csv",
        "nivel_fuente_oficial": "aip_oficial_localizado",
        "servicio_regular_fuente": "OurAirports scheduled_service=yes",
        "fecha_actualizacion_dato": "2026-08-04",
        "observaciones": "Inclusión basada en scheduled_service=yes y código IATA de OurAirports. La existencia, denominación y códigos deben contrastarse con la AIP vigente antes de uso operacional. Coordenadas, elevación y pista proceden de OurAirports; la pista principal es la mayor pista no cerrada registrada. Campos incompletos: entidad operadora no verificada en una fuente oficial abierta.",
        "roles_adicionales": []
      }
    },
    {
      "type": "Feature",
      "id": "UVI",
      "geometry": {
        "type": "Point",
        "coordinates": [
          -51.066754,
          -26.233224
        ]
      },
      "properties": {
        "clave_union": "UVI",
        "nombre_oficial": "José Cleto Airport",
        "codigo_iata": "UVI",
        "codigo_oaci": "SSUV",
        "pais": "Brasil",
        "provincia_estado_departamento": "Paraná",
        "ciudad": "União da Vitória",
        "tipo": "doméstico",
        "elevacion_m": 752,
        "longitud_pista_m": 1000,
        "entidad_operadora": null,
        "fuente": "DECEA AISWEB - AIP Brasil: https://aisweb.decea.mil.br/?i=publicacoes&p=aip | OurAirports: https://davidmegginson.github.io/ourairports-data/airports.csv, https://davidmegginson.github.io/ourairports-data/runways.csv, https://davidmegginson.github.io/ourairports-data/regions.csv",
        "fuente_tipo": "referencia_oficial+fuente_secundaria_complementaria",
        "fuente_oficial": "https://aisweb.decea.mil.br/?i=publicacoes&p=aip",
        "fuente_secundaria": "https://davidmegginson.github.io/ourairports-data/airports.csv",
        "nivel_fuente_oficial": "aip_oficial_localizado",
        "servicio_regular_fuente": "OurAirports scheduled_service=yes",
        "fecha_actualizacion_dato": "2026-08-04",
        "observaciones": "Inclusión basada en scheduled_service=yes y código IATA de OurAirports. La existencia, denominación y códigos deben contrastarse con la AIP vigente antes de uso operacional. Coordenadas, elevación y pista proceden de OurAirports; la pista principal es la mayor pista no cerrada registrada. Campos incompletos: entidad operadora no verificada en una fuente oficial abierta.",
        "roles_adicionales": []
      }
    },
    {
      "type": "Feature",
      "id": "VAL",
      "geometry": {
        "type": "Point",
        "coordinates": [
          -38.992401,
          -13.2965
        ]
      },
      "properties": {
        "clave_union": "VAL",
        "nombre_oficial": "Valença Airport",
        "codigo_iata": "VAL",
        "codigo_oaci": "SNVB",
        "pais": "Brasil",
        "provincia_estado_departamento": "Bahia",
        "ciudad": "Valença",
        "tipo": "doméstico",
        "elevacion_m": 6,
        "longitud_pista_m": 1800,
        "entidad_operadora": null,
        "fuente": "DECEA AISWEB - AIP Brasil: https://aisweb.decea.mil.br/?i=publicacoes&p=aip | OurAirports: https://davidmegginson.github.io/ourairports-data/airports.csv, https://davidmegginson.github.io/ourairports-data/runways.csv, https://davidmegginson.github.io/ourairports-data/regions.csv",
        "fuente_tipo": "referencia_oficial+fuente_secundaria_complementaria",
        "fuente_oficial": "https://aisweb.decea.mil.br/?i=publicacoes&p=aip",
        "fuente_secundaria": "https://davidmegginson.github.io/ourairports-data/airports.csv",
        "nivel_fuente_oficial": "aip_oficial_localizado",
        "servicio_regular_fuente": "OurAirports scheduled_service=yes",
        "fecha_actualizacion_dato": "2026-08-04",
        "observaciones": "Inclusión basada en scheduled_service=yes y código IATA de OurAirports. La existencia, denominación y códigos deben contrastarse con la AIP vigente antes de uso operacional. Coordenadas, elevación y pista proceden de OurAirports; la pista principal es la mayor pista no cerrada registrada. Campos incompletos: entidad operadora no verificada en una fuente oficial abierta.",
        "roles_adicionales": []
      }
    },
    {
      "type": "Feature",
      "id": "VCP",
      "geometry": {
        "type": "Point",
        "coordinates": [
          -47.134502,
          -23.007404
        ]
      },
      "properties": {
        "clave_union": "VCP",
        "nombre_oficial": "Viracopos International Airport",
        "codigo_iata": "VCP",
        "codigo_oaci": "SBKP",
        "pais": "Brasil",
        "provincia_estado_departamento": "São Paulo",
        "ciudad": "Campinas",
        "tipo": "internacional",
        "elevacion_m": 661,
        "longitud_pista_m": 3240,
        "entidad_operadora": null,
        "fuente": "DECEA AISWEB - AIP Brasil: https://aisweb.decea.mil.br/?i=publicacoes&p=aip | OurAirports: https://davidmegginson.github.io/ourairports-data/airports.csv, https://davidmegginson.github.io/ourairports-data/runways.csv, https://davidmegginson.github.io/ourairports-data/regions.csv",
        "fuente_tipo": "referencia_oficial+fuente_secundaria_complementaria",
        "fuente_oficial": "https://aisweb.decea.mil.br/?i=publicacoes&p=aip",
        "fuente_secundaria": "https://davidmegginson.github.io/ourairports-data/airports.csv",
        "nivel_fuente_oficial": "aip_oficial_localizado",
        "servicio_regular_fuente": "OurAirports scheduled_service=yes",
        "fecha_actualizacion_dato": "2026-08-04",
        "observaciones": "Inclusión basada en scheduled_service=yes y código IATA de OurAirports. La existencia, denominación y códigos deben contrastarse con la AIP vigente antes de uso operacional. Coordenadas, elevación y pista proceden de OurAirports; la pista principal es la mayor pista no cerrada registrada. Campos incompletos: entidad operadora no verificada en una fuente oficial abierta. Roles adicionales identificados de forma conservadora: carga_relevante, función_internacional.",
        "roles_adicionales": [
          "carga_relevante",
          "función_internacional"
        ]
      }
    },
    {
      "type": "Feature",
      "id": "VDC",
      "geometry": {
        "type": "Point",
        "coordinates": [
          -40.914804,
          -14.907885
        ]
      },
      "properties": {
        "clave_union": "VDC",
        "nombre_oficial": "Glauber de Andrade Rocha Airport",
        "codigo_iata": "VDC",
        "codigo_oaci": "SBVC",
        "pais": "Brasil",
        "provincia_estado_departamento": "Bahia",
        "ciudad": "Vitória da Conquista",
        "tipo": "doméstico",
        "elevacion_m": 896,
        "longitud_pista_m": 2100,
        "entidad_operadora": null,
        "fuente": "DECEA AISWEB - AIP Brasil: https://aisweb.decea.mil.br/?i=publicacoes&p=aip | OurAirports: https://davidmegginson.github.io/ourairports-data/airports.csv, https://davidmegginson.github.io/ourairports-data/runways.csv, https://davidmegginson.github.io/ourairports-data/regions.csv",
        "fuente_tipo": "referencia_oficial+fuente_secundaria_complementaria",
        "fuente_oficial": "https://aisweb.decea.mil.br/?i=publicacoes&p=aip",
        "fuente_secundaria": "https://davidmegginson.github.io/ourairports-data/airports.csv",
        "nivel_fuente_oficial": "aip_oficial_localizado",
        "servicio_regular_fuente": "OurAirports scheduled_service=yes",
        "fecha_actualizacion_dato": "2026-08-04",
        "observaciones": "Inclusión basada en scheduled_service=yes y código IATA de OurAirports. La existencia, denominación y códigos deben contrastarse con la AIP vigente antes de uso operacional. Coordenadas, elevación y pista proceden de OurAirports; la pista principal es la mayor pista no cerrada registrada. Campos incompletos: entidad operadora no verificada en una fuente oficial abierta.",
        "roles_adicionales": []
      }
    },
    {
      "type": "Feature",
      "id": "VIX",
      "geometry": {
        "type": "Point",
        "coordinates": [
          -40.285,
          -20.258
        ]
      },
      "properties": {
        "clave_union": "VIX",
        "nombre_oficial": "Eurico de Aguiar Salles International Airport",
        "codigo_iata": "VIX",
        "codigo_oaci": "SBVT",
        "pais": "Brasil",
        "provincia_estado_departamento": "Espírito Santo",
        "ciudad": "Vitória",
        "tipo": "internacional",
        "elevacion_m": 10,
        "longitud_pista_m": 2058,
        "entidad_operadora": null,
        "fuente": "DECEA AISWEB - AIP Brasil: https://aisweb.decea.mil.br/?i=publicacoes&p=aip | OurAirports: https://davidmegginson.github.io/ourairports-data/airports.csv, https://davidmegginson.github.io/ourairports-data/runways.csv, https://davidmegginson.github.io/ourairports-data/regions.csv",
        "fuente_tipo": "referencia_oficial+fuente_secundaria_complementaria",
        "fuente_oficial": "https://aisweb.decea.mil.br/?i=publicacoes&p=aip",
        "fuente_secundaria": "https://davidmegginson.github.io/ourairports-data/airports.csv",
        "nivel_fuente_oficial": "aip_oficial_localizado",
        "servicio_regular_fuente": "OurAirports scheduled_service=yes",
        "fecha_actualizacion_dato": "2026-08-04",
        "observaciones": "Inclusión basada en scheduled_service=yes y código IATA de OurAirports. La existencia, denominación y códigos deben contrastarse con la AIP vigente antes de uso operacional. Coordenadas, elevación y pista proceden de OurAirports; la pista principal es la mayor pista no cerrada registrada. Campos incompletos: entidad operadora no verificada en una fuente oficial abierta. Roles adicionales identificados de forma conservadora: función_internacional.",
        "roles_adicionales": [
          "función_internacional"
        ]
      }
    },
    {
      "type": "Feature",
      "id": "XAP",
      "geometry": {
        "type": "Point",
        "coordinates": [
          -52.656601,
          -27.134199
        ]
      },
      "properties": {
        "clave_union": "XAP",
        "nombre_oficial": "Serafin Enoss Bertaso Airport",
        "codigo_iata": "XAP",
        "codigo_oaci": "SBCH",
        "pais": "Brasil",
        "provincia_estado_departamento": "Santa Catarina",
        "ciudad": "Chapecó",
        "tipo": "doméstico",
        "elevacion_m": 657,
        "longitud_pista_m": 2060,
        "entidad_operadora": null,
        "fuente": "DECEA AISWEB - AIP Brasil: https://aisweb.decea.mil.br/?i=publicacoes&p=aip | OurAirports: https://davidmegginson.github.io/ourairports-data/airports.csv, https://davidmegginson.github.io/ourairports-data/runways.csv, https://davidmegginson.github.io/ourairports-data/regions.csv",
        "fuente_tipo": "referencia_oficial+fuente_secundaria_complementaria",
        "fuente_oficial": "https://aisweb.decea.mil.br/?i=publicacoes&p=aip",
        "fuente_secundaria": "https://davidmegginson.github.io/ourairports-data/airports.csv",
        "nivel_fuente_oficial": "aip_oficial_localizado",
        "servicio_regular_fuente": "OurAirports scheduled_service=yes",
        "fecha_actualizacion_dato": "2026-08-04",
        "observaciones": "Inclusión basada en scheduled_service=yes y código IATA de OurAirports. La existencia, denominación y códigos deben contrastarse con la AIP vigente antes de uso operacional. Coordenadas, elevación y pista proceden de OurAirports; la pista principal es la mayor pista no cerrada registrada. Campos incompletos: entidad operadora no verificada en una fuente oficial abierta.",
        "roles_adicionales": []
      }
    },
    {
      "type": "Feature",
      "id": "ANF",
      "geometry": {
        "type": "Point",
        "coordinates": [
          -70.445232,
          -23.445274
        ]
      },
      "properties": {
        "clave_union": "ANF",
        "nombre_oficial": "Andrés Sabella Gálvez International Airport",
        "codigo_iata": "ANF",
        "codigo_oaci": "SCFA",
        "pais": "Chile",
        "provincia_estado_departamento": "Antofagasta Region",
        "ciudad": "Antofagasta",
        "tipo": "militar-mixto",
        "elevacion_m": 139,
        "longitud_pista_m": 2800,
        "entidad_operadora": null,
        "fuente": "DGAC Chile - AIP Chile: https://aipchile.dgac.gob.cl/dasa/aip_chile_con_contenido/ais/ | OurAirports: https://davidmegginson.github.io/ourairports-data/airports.csv, https://davidmegginson.github.io/ourairports-data/runways.csv, https://davidmegginson.github.io/ourairports-data/regions.csv",
        "fuente_tipo": "referencia_oficial+fuente_secundaria_complementaria",
        "fuente_oficial": "https://aipchile.dgac.gob.cl/dasa/aip_chile_con_contenido/ais/",
        "fuente_secundaria": "https://davidmegginson.github.io/ourairports-data/airports.csv",
        "nivel_fuente_oficial": "aip_oficial_localizado",
        "servicio_regular_fuente": "OurAirports scheduled_service=yes",
        "fecha_actualizacion_dato": "2026-08-04",
        "observaciones": "Inclusión basada en scheduled_service=yes y código IATA de OurAirports. La existencia, denominación y códigos deben contrastarse con la AIP vigente antes de uso operacional. Coordenadas, elevación y pista proceden de OurAirports; la pista principal es la mayor pista no cerrada registrada. Campos incompletos: entidad operadora no verificada en una fuente oficial abierta. Roles adicionales identificados de forma conservadora: uso_militar_compartido.",
        "roles_adicionales": [
          "uso_militar_compartido"
        ]
      }
    },
    {
      "type": "Feature",
      "id": "ARI",
      "geometry": {
        "type": "Point",
        "coordinates": [
          -70.338699,
          -18.348499
        ]
      },
      "properties": {
        "clave_union": "ARI",
        "nombre_oficial": "Chacalluta International Airport",
        "codigo_iata": "ARI",
        "codigo_oaci": "SCAR",
        "pais": "Chile",
        "provincia_estado_departamento": "Arica and Parinacota Region",
        "ciudad": "Arica",
        "tipo": "internacional",
        "elevacion_m": 51,
        "longitud_pista_m": 2800,
        "entidad_operadora": null,
        "fuente": "DGAC Chile - AIP Chile: https://aipchile.dgac.gob.cl/dasa/aip_chile_con_contenido/ais/ | OurAirports: https://davidmegginson.github.io/ourairports-data/airports.csv, https://davidmegginson.github.io/ourairports-data/runways.csv, https://davidmegginson.github.io/ourairports-data/regions.csv",
        "fuente_tipo": "referencia_oficial+fuente_secundaria_complementaria",
        "fuente_oficial": "https://aipchile.dgac.gob.cl/dasa/aip_chile_con_contenido/ais/",
        "fuente_secundaria": "https://davidmegginson.github.io/ourairports-data/airports.csv",
        "nivel_fuente_oficial": "aip_oficial_localizado",
        "servicio_regular_fuente": "OurAirports scheduled_service=yes",
        "fecha_actualizacion_dato": "2026-08-04",
        "observaciones": "Inclusión basada en scheduled_service=yes y código IATA de OurAirports. La existencia, denominación y códigos deben contrastarse con la AIP vigente antes de uso operacional. Coordenadas, elevación y pista proceden de OurAirports; la pista principal es la mayor pista no cerrada registrada. Campos incompletos: entidad operadora no verificada en una fuente oficial abierta. Roles adicionales identificados de forma conservadora: función_internacional.",
        "roles_adicionales": [
          "función_internacional"
        ]
      }
    },
    {
      "type": "Feature",
      "id": "BBA",
      "geometry": {
        "type": "Point",
        "coordinates": [
          -71.689499,
          -45.915968
        ]
      },
      "properties": {
        "clave_union": "BBA",
        "nombre_oficial": "Balmaceda Airport",
        "codigo_iata": "BBA",
        "codigo_oaci": "SCBA",
        "pais": "Chile",
        "provincia_estado_departamento": "Aysén Region",
        "ciudad": "Balmaceda",
        "tipo": "doméstico",
        "elevacion_m": 525,
        "longitud_pista_m": 2501,
        "entidad_operadora": null,
        "fuente": "DGAC Chile - AIP Chile: https://aipchile.dgac.gob.cl/dasa/aip_chile_con_contenido/ais/ | OurAirports: https://davidmegginson.github.io/ourairports-data/airports.csv, https://davidmegginson.github.io/ourairports-data/runways.csv, https://davidmegginson.github.io/ourairports-data/regions.csv",
        "fuente_tipo": "referencia_oficial+fuente_secundaria_complementaria",
        "fuente_oficial": "https://aipchile.dgac.gob.cl/dasa/aip_chile_con_contenido/ais/",
        "fuente_secundaria": "https://davidmegginson.github.io/ourairports-data/airports.csv",
        "nivel_fuente_oficial": "aip_oficial_localizado",
        "servicio_regular_fuente": "OurAirports scheduled_service=yes",
        "fecha_actualizacion_dato": "2026-08-04",
        "observaciones": "Inclusión basada en scheduled_service=yes y código IATA de OurAirports. La existencia, denominación y códigos deben contrastarse con la AIP vigente antes de uso operacional. Coordenadas, elevación y pista proceden de OurAirports; la pista principal es la mayor pista no cerrada registrada. Campos incompletos: entidad operadora no verificada en una fuente oficial abierta.",
        "roles_adicionales": []
      }
    },
    {
      "type": "Feature",
      "id": "CCP",
      "geometry": {
        "type": "Point",
        "coordinates": [
          -73.062828,
          -36.77235
        ]
      },
      "properties": {
        "clave_union": "CCP",
        "nombre_oficial": "Carriel Sur International Airport",
        "codigo_iata": "CCP",
        "codigo_oaci": "SCIE",
        "pais": "Chile",
        "provincia_estado_departamento": "Bío-Bío Region",
        "ciudad": "Concepcion",
        "tipo": "internacional",
        "elevacion_m": 8,
        "longitud_pista_m": 2600,
        "entidad_operadora": null,
        "fuente": "DGAC Chile - AIP Chile: https://aipchile.dgac.gob.cl/dasa/aip_chile_con_contenido/ais/ | OurAirports: https://davidmegginson.github.io/ourairports-data/airports.csv, https://davidmegginson.github.io/ourairports-data/runways.csv, https://davidmegginson.github.io/ourairports-data/regions.csv",
        "fuente_tipo": "referencia_oficial+fuente_secundaria_complementaria",
        "fuente_oficial": "https://aipchile.dgac.gob.cl/dasa/aip_chile_con_contenido/ais/",
        "fuente_secundaria": "https://davidmegginson.github.io/ourairports-data/airports.csv",
        "nivel_fuente_oficial": "aip_oficial_localizado",
        "servicio_regular_fuente": "OurAirports scheduled_service=yes",
        "fecha_actualizacion_dato": "2026-08-04",
        "observaciones": "Inclusión basada en scheduled_service=yes y código IATA de OurAirports. La existencia, denominación y códigos deben contrastarse con la AIP vigente antes de uso operacional. Coordenadas, elevación y pista proceden de OurAirports; la pista principal es la mayor pista no cerrada registrada. Campos incompletos: entidad operadora no verificada en una fuente oficial abierta. Roles adicionales identificados de forma conservadora: función_internacional.",
        "roles_adicionales": [
          "función_internacional"
        ]
      }
    },
    {
      "type": "Feature",
      "id": "CJC",
      "geometry": {
        "type": "Point",
        "coordinates": [
          -68.903603,
          -22.498199
        ]
      },
      "properties": {
        "clave_union": "CJC",
        "nombre_oficial": "El Loa Airport",
        "codigo_iata": "CJC",
        "codigo_oaci": "SCCF",
        "pais": "Chile",
        "provincia_estado_departamento": "Antofagasta Region",
        "ciudad": "Calama",
        "tipo": "doméstico",
        "elevacion_m": 2299,
        "longitud_pista_m": 3040,
        "entidad_operadora": null,
        "fuente": "DGAC Chile - AIP Chile: https://aipchile.dgac.gob.cl/dasa/aip_chile_con_contenido/ais/ | OurAirports: https://davidmegginson.github.io/ourairports-data/airports.csv, https://davidmegginson.github.io/ourairports-data/runways.csv, https://davidmegginson.github.io/ourairports-data/regions.csv",
        "fuente_tipo": "referencia_oficial+fuente_secundaria_complementaria",
        "fuente_oficial": "https://aipchile.dgac.gob.cl/dasa/aip_chile_con_contenido/ais/",
        "fuente_secundaria": "https://davidmegginson.github.io/ourairports-data/airports.csv",
        "nivel_fuente_oficial": "aip_oficial_localizado",
        "servicio_regular_fuente": "OurAirports scheduled_service=yes",
        "fecha_actualizacion_dato": "2026-08-04",
        "observaciones": "Inclusión basada en scheduled_service=yes y código IATA de OurAirports. La existencia, denominación y códigos deben contrastarse con la AIP vigente antes de uso operacional. Coordenadas, elevación y pista proceden de OurAirports; la pista principal es la mayor pista no cerrada registrada. Campos incompletos: entidad operadora no verificada en una fuente oficial abierta.",
        "roles_adicionales": []
      }
    },
    {
      "type": "Feature",
      "id": "CPO",
      "geometry": {
        "type": "Point",
        "coordinates": [
          -70.779198,
          -27.2612
        ]
      },
      "properties": {
        "clave_union": "CPO",
        "nombre_oficial": "Desierto de Atacama Airport",
        "codigo_iata": "CPO",
        "codigo_oaci": "SCAT",
        "pais": "Chile",
        "provincia_estado_departamento": "Atacama Region",
        "ciudad": "Copiapo",
        "tipo": "doméstico",
        "elevacion_m": 204,
        "longitud_pista_m": 2200,
        "entidad_operadora": null,
        "fuente": "DGAC Chile - AIP Chile: https://aipchile.dgac.gob.cl/dasa/aip_chile_con_contenido/ais/ | OurAirports: https://davidmegginson.github.io/ourairports-data/airports.csv, https://davidmegginson.github.io/ourairports-data/runways.csv, https://davidmegginson.github.io/ourairports-data/regions.csv",
        "fuente_tipo": "referencia_oficial+fuente_secundaria_complementaria",
        "fuente_oficial": "https://aipchile.dgac.gob.cl/dasa/aip_chile_con_contenido/ais/",
        "fuente_secundaria": "https://davidmegginson.github.io/ourairports-data/airports.csv",
        "nivel_fuente_oficial": "aip_oficial_localizado",
        "servicio_regular_fuente": "OurAirports scheduled_service=yes",
        "fecha_actualizacion_dato": "2026-08-04",
        "observaciones": "Inclusión basada en scheduled_service=yes y código IATA de OurAirports. La existencia, denominación y códigos deben contrastarse con la AIP vigente antes de uso operacional. Coordenadas, elevación y pista proceden de OurAirports; la pista principal es la mayor pista no cerrada registrada. Campos incompletos: entidad operadora no verificada en una fuente oficial abierta.",
        "roles_adicionales": []
      }
    },
    {
      "type": "Feature",
      "id": "ESR",
      "geometry": {
        "type": "Point",
        "coordinates": [
          -69.765198,
          -26.3111
        ]
      },
      "properties": {
        "clave_union": "ESR",
        "nombre_oficial": "Ricardo García Posada Airport",
        "codigo_iata": "ESR",
        "codigo_oaci": "SCES",
        "pais": "Chile",
        "provincia_estado_departamento": "Atacama Region",
        "ciudad": "El Salvador",
        "tipo": "doméstico",
        "elevacion_m": 1597,
        "longitud_pista_m": 2300,
        "entidad_operadora": null,
        "fuente": "DGAC Chile - AIP Chile: https://aipchile.dgac.gob.cl/dasa/aip_chile_con_contenido/ais/ | OurAirports: https://davidmegginson.github.io/ourairports-data/airports.csv, https://davidmegginson.github.io/ourairports-data/runways.csv, https://davidmegginson.github.io/ourairports-data/regions.csv",
        "fuente_tipo": "referencia_oficial+fuente_secundaria_complementaria",
        "fuente_oficial": "https://aipchile.dgac.gob.cl/dasa/aip_chile_con_contenido/ais/",
        "fuente_secundaria": "https://davidmegginson.github.io/ourairports-data/airports.csv",
        "nivel_fuente_oficial": "aip_oficial_localizado",
        "servicio_regular_fuente": "OurAirports scheduled_service=yes",
        "fecha_actualizacion_dato": "2026-08-04",
        "observaciones": "Inclusión basada en scheduled_service=yes y código IATA de OurAirports. La existencia, denominación y códigos deben contrastarse con la AIP vigente antes de uso operacional. Coordenadas, elevación y pista proceden de OurAirports; la pista principal es la mayor pista no cerrada registrada. Campos incompletos: entidad operadora no verificada en una fuente oficial abierta.",
        "roles_adicionales": []
      }
    },
    {
      "type": "Feature",
      "id": "IPC",
      "geometry": {
        "type": "Point",
        "coordinates": [
          -109.421027,
          -27.165411
        ]
      },
      "properties": {
        "clave_union": "IPC",
        "nombre_oficial": "Mataveri International Airport",
        "codigo_iata": "IPC",
        "codigo_oaci": "SCIP",
        "pais": "Chile",
        "provincia_estado_departamento": "Valparaíso Region",
        "ciudad": "Isla De Pascua",
        "tipo": "internacional",
        "elevacion_m": 69,
        "longitud_pista_m": 3300,
        "entidad_operadora": null,
        "fuente": "DGAC Chile - AIP Chile: https://aipchile.dgac.gob.cl/dasa/aip_chile_con_contenido/ais/ | OurAirports: https://davidmegginson.github.io/ourairports-data/airports.csv, https://davidmegginson.github.io/ourairports-data/runways.csv, https://davidmegginson.github.io/ourairports-data/regions.csv",
        "fuente_tipo": "referencia_oficial+fuente_secundaria_complementaria",
        "fuente_oficial": "https://aipchile.dgac.gob.cl/dasa/aip_chile_con_contenido/ais/",
        "fuente_secundaria": "https://davidmegginson.github.io/ourairports-data/airports.csv",
        "nivel_fuente_oficial": "aip_oficial_localizado",
        "servicio_regular_fuente": "OurAirports scheduled_service=yes",
        "fecha_actualizacion_dato": "2026-08-04",
        "observaciones": "Inclusión basada en scheduled_service=yes y código IATA de OurAirports. La existencia, denominación y códigos deben contrastarse con la AIP vigente antes de uso operacional. Coordenadas, elevación y pista proceden de OurAirports; la pista principal es la mayor pista no cerrada registrada. Campos incompletos: entidad operadora no verificada en una fuente oficial abierta. Roles adicionales identificados de forma conservadora: función_internacional.",
        "roles_adicionales": [
          "función_internacional"
        ]
      }
    },
    {
      "type": "Feature",
      "id": "IQQ",
      "geometry": {
        "type": "Point",
        "coordinates": [
          -70.181373,
          -20.536273
        ]
      },
      "properties": {
        "clave_union": "IQQ",
        "nombre_oficial": "Diego Aracena International Airport",
        "codigo_iata": "IQQ",
        "codigo_oaci": "SCDA",
        "pais": "Chile",
        "provincia_estado_departamento": "Tarapacá Region",
        "ciudad": "Iquique",
        "tipo": "militar-mixto",
        "elevacion_m": 47,
        "longitud_pista_m": 3350,
        "entidad_operadora": null,
        "fuente": "DGAC Chile - AIP Chile: https://aipchile.dgac.gob.cl/dasa/aip_chile_con_contenido/ais/ | OurAirports: https://davidmegginson.github.io/ourairports-data/airports.csv, https://davidmegginson.github.io/ourairports-data/runways.csv, https://davidmegginson.github.io/ourairports-data/regions.csv",
        "fuente_tipo": "referencia_oficial+fuente_secundaria_complementaria",
        "fuente_oficial": "https://aipchile.dgac.gob.cl/dasa/aip_chile_con_contenido/ais/",
        "fuente_secundaria": "https://davidmegginson.github.io/ourairports-data/airports.csv",
        "nivel_fuente_oficial": "aip_oficial_localizado",
        "servicio_regular_fuente": "OurAirports scheduled_service=yes",
        "fecha_actualizacion_dato": "2026-08-04",
        "observaciones": "Inclusión basada en scheduled_service=yes y código IATA de OurAirports. La existencia, denominación y códigos deben contrastarse con la AIP vigente antes de uso operacional. Coordenadas, elevación y pista proceden de OurAirports; la pista principal es la mayor pista no cerrada registrada. Campos incompletos: entidad operadora no verificada en una fuente oficial abierta. Roles adicionales identificados de forma conservadora: uso_militar_compartido.",
        "roles_adicionales": [
          "uso_militar_compartido"
        ]
      }
    },
    {
      "type": "Feature",
      "id": "LSC",
      "geometry": {
        "type": "Point",
        "coordinates": [
          -71.199501,
          -29.916201
        ]
      },
      "properties": {
        "clave_union": "LSC",
        "nombre_oficial": "La Florida Airport",
        "codigo_iata": "LSC",
        "codigo_oaci": "SCSE",
        "pais": "Chile",
        "provincia_estado_departamento": "Coquimbo Region",
        "ciudad": "La Serena-Coquimbo",
        "tipo": "doméstico",
        "elevacion_m": 147,
        "longitud_pista_m": 1938,
        "entidad_operadora": null,
        "fuente": "DGAC Chile - AIP Chile: https://aipchile.dgac.gob.cl/dasa/aip_chile_con_contenido/ais/ | OurAirports: https://davidmegginson.github.io/ourairports-data/airports.csv, https://davidmegginson.github.io/ourairports-data/runways.csv, https://davidmegginson.github.io/ourairports-data/regions.csv",
        "fuente_tipo": "referencia_oficial+fuente_secundaria_complementaria",
        "fuente_oficial": "https://aipchile.dgac.gob.cl/dasa/aip_chile_con_contenido/ais/",
        "fuente_secundaria": "https://davidmegginson.github.io/ourairports-data/airports.csv",
        "nivel_fuente_oficial": "aip_oficial_localizado",
        "servicio_regular_fuente": "OurAirports scheduled_service=yes",
        "fecha_actualizacion_dato": "2026-08-04",
        "observaciones": "Inclusión basada en scheduled_service=yes y código IATA de OurAirports. La existencia, denominación y códigos deben contrastarse con la AIP vigente antes de uso operacional. Coordenadas, elevación y pista proceden de OurAirports; la pista principal es la mayor pista no cerrada registrada. Campos incompletos: entidad operadora no verificada en una fuente oficial abierta.",
        "roles_adicionales": []
      }
    },
    {
      "type": "Feature",
      "id": "MHC",
      "geometry": {
        "type": "Point",
        "coordinates": [
          -73.715693,
          -42.340388
        ]
      },
      "properties": {
        "clave_union": "MHC",
        "nombre_oficial": "Mocopulli Airport",
        "codigo_iata": "MHC",
        "codigo_oaci": "SCPQ",
        "pais": "Chile",
        "provincia_estado_departamento": "Los Lagos Region",
        "ciudad": "Dalcahue",
        "tipo": "doméstico",
        "elevacion_m": 161,
        "longitud_pista_m": 2000,
        "entidad_operadora": null,
        "fuente": "DGAC Chile - AIP Chile: https://aipchile.dgac.gob.cl/dasa/aip_chile_con_contenido/ais/ | OurAirports: https://davidmegginson.github.io/ourairports-data/airports.csv, https://davidmegginson.github.io/ourairports-data/runways.csv, https://davidmegginson.github.io/ourairports-data/regions.csv",
        "fuente_tipo": "referencia_oficial+fuente_secundaria_complementaria",
        "fuente_oficial": "https://aipchile.dgac.gob.cl/dasa/aip_chile_con_contenido/ais/",
        "fuente_secundaria": "https://davidmegginson.github.io/ourairports-data/airports.csv",
        "nivel_fuente_oficial": "aip_oficial_localizado",
        "servicio_regular_fuente": "OurAirports scheduled_service=yes",
        "fecha_actualizacion_dato": "2026-08-04",
        "observaciones": "Inclusión basada en scheduled_service=yes y código IATA de OurAirports. La existencia, denominación y códigos deben contrastarse con la AIP vigente antes de uso operacional. Coordenadas, elevación y pista proceden de OurAirports; la pista principal es la mayor pista no cerrada registrada. Campos incompletos: entidad operadora no verificada en una fuente oficial abierta.",
        "roles_adicionales": []
      }
    },
    {
      "type": "Feature",
      "id": "PMC",
      "geometry": {
        "type": "Point",
        "coordinates": [
          -73.094065,
          -41.443093
        ]
      },
      "properties": {
        "clave_union": "PMC",
        "nombre_oficial": "El Tepual International Airport",
        "codigo_iata": "PMC",
        "codigo_oaci": "SCTE",
        "pais": "Chile",
        "provincia_estado_departamento": "Los Lagos Region",
        "ciudad": "Puerto Montt",
        "tipo": "internacional",
        "elevacion_m": 90,
        "longitud_pista_m": 2650,
        "entidad_operadora": null,
        "fuente": "DGAC Chile - AIP Chile: https://aipchile.dgac.gob.cl/dasa/aip_chile_con_contenido/ais/ | OurAirports: https://davidmegginson.github.io/ourairports-data/airports.csv, https://davidmegginson.github.io/ourairports-data/runways.csv, https://davidmegginson.github.io/ourairports-data/regions.csv",
        "fuente_tipo": "referencia_oficial+fuente_secundaria_complementaria",
        "fuente_oficial": "https://aipchile.dgac.gob.cl/dasa/aip_chile_con_contenido/ais/",
        "fuente_secundaria": "https://davidmegginson.github.io/ourairports-data/airports.csv",
        "nivel_fuente_oficial": "aip_oficial_localizado",
        "servicio_regular_fuente": "OurAirports scheduled_service=yes",
        "fecha_actualizacion_dato": "2026-08-04",
        "observaciones": "Inclusión basada en scheduled_service=yes y código IATA de OurAirports. La existencia, denominación y códigos deben contrastarse con la AIP vigente antes de uso operacional. Coordenadas, elevación y pista proceden de OurAirports; la pista principal es la mayor pista no cerrada registrada. Campos incompletos: entidad operadora no verificada en una fuente oficial abierta. Roles adicionales identificados de forma conservadora: función_internacional.",
        "roles_adicionales": [
          "función_internacional"
        ]
      }
    },
    {
      "type": "Feature",
      "id": "PNT",
      "geometry": {
        "type": "Point",
        "coordinates": [
          -72.529078,
          -51.67067
        ]
      },
      "properties": {
        "clave_union": "PNT",
        "nombre_oficial": "Lieutenant Julio Gallardo Airport",
        "codigo_iata": "PNT",
        "codigo_oaci": "SCNT",
        "pais": "Chile",
        "provincia_estado_departamento": "Magallanes Region",
        "ciudad": "Puerto Natales",
        "tipo": "doméstico",
        "elevacion_m": 66,
        "longitud_pista_m": 1764,
        "entidad_operadora": null,
        "fuente": "DGAC Chile - AIP Chile: https://aipchile.dgac.gob.cl/dasa/aip_chile_con_contenido/ais/ | OurAirports: https://davidmegginson.github.io/ourairports-data/airports.csv, https://davidmegginson.github.io/ourairports-data/runways.csv, https://davidmegginson.github.io/ourairports-data/regions.csv",
        "fuente_tipo": "referencia_oficial+fuente_secundaria_complementaria",
        "fuente_oficial": "https://aipchile.dgac.gob.cl/dasa/aip_chile_con_contenido/ais/",
        "fuente_secundaria": "https://davidmegginson.github.io/ourairports-data/airports.csv",
        "nivel_fuente_oficial": "aip_oficial_localizado",
        "servicio_regular_fuente": "OurAirports scheduled_service=yes",
        "fecha_actualizacion_dato": "2026-08-04",
        "observaciones": "Inclusión basada en scheduled_service=yes y código IATA de OurAirports. La existencia, denominación y códigos deben contrastarse con la AIP vigente antes de uso operacional. Coordenadas, elevación y pista proceden de OurAirports; la pista principal es la mayor pista no cerrada registrada. Campos incompletos: entidad operadora no verificada en una fuente oficial abierta.",
        "roles_adicionales": []
      }
    },
    {
      "type": "Feature",
      "id": "PUQ",
      "geometry": {
        "type": "Point",
        "coordinates": [
          -70.854599,
          -53.002602
        ]
      },
      "properties": {
        "clave_union": "PUQ",
        "nombre_oficial": "President Carlos Ibáñez International Airport",
        "codigo_iata": "PUQ",
        "codigo_oaci": "SCCI",
        "pais": "Chile",
        "provincia_estado_departamento": "Magallanes Region",
        "ciudad": "Punta Arenas",
        "tipo": "militar-mixto",
        "elevacion_m": 42,
        "longitud_pista_m": 2790,
        "entidad_operadora": null,
        "fuente": "DGAC Chile - AIP Chile: https://aipchile.dgac.gob.cl/dasa/aip_chile_con_contenido/ais/ | OurAirports: https://davidmegginson.github.io/ourairports-data/airports.csv, https://davidmegginson.github.io/ourairports-data/runways.csv, https://davidmegginson.github.io/ourairports-data/regions.csv",
        "fuente_tipo": "referencia_oficial+fuente_secundaria_complementaria",
        "fuente_oficial": "https://aipchile.dgac.gob.cl/dasa/aip_chile_con_contenido/ais/",
        "fuente_secundaria": "https://davidmegginson.github.io/ourairports-data/airports.csv",
        "nivel_fuente_oficial": "aip_oficial_localizado",
        "servicio_regular_fuente": "OurAirports scheduled_service=yes",
        "fecha_actualizacion_dato": "2026-08-04",
        "observaciones": "Inclusión basada en scheduled_service=yes y código IATA de OurAirports. La existencia, denominación y códigos deben contrastarse con la AIP vigente antes de uso operacional. Coordenadas, elevación y pista proceden de OurAirports; la pista principal es la mayor pista no cerrada registrada. Campos incompletos: entidad operadora no verificada en una fuente oficial abierta. Roles adicionales identificados de forma conservadora: uso_militar_compartido.",
        "roles_adicionales": [
          "uso_militar_compartido"
        ]
      }
    },
    {
      "type": "Feature",
      "id": "SCL",
      "geometry": {
        "type": "Point",
        "coordinates": [
          -70.78579711914062,
          -33.393001556396484
        ]
      },
      "properties": {
        "clave_union": "SCL",
        "nombre_oficial": "Comodoro Arturo Merino Benítez International Airport",
        "codigo_iata": "SCL",
        "codigo_oaci": "SCEL",
        "pais": "Chile",
        "provincia_estado_departamento": "Santiago Metropolitan Region",
        "ciudad": "Santiago",
        "tipo": "internacional",
        "elevacion_m": 474,
        "longitud_pista_m": 3750,
        "entidad_operadora": "Nuevo Pudahuel",
        "fuente": "DGAC Chile - AIP Chile: https://aipchile.dgac.gob.cl/dasa/aip_chile_con_contenido/ais/ | OurAirports: https://davidmegginson.github.io/ourairports-data/airports.csv, https://davidmegginson.github.io/ourairports-data/runways.csv, https://davidmegginson.github.io/ourairports-data/regions.csv",
        "fuente_tipo": "referencia_oficial+fuente_secundaria_complementaria",
        "fuente_oficial": "https://aipchile.dgac.gob.cl/dasa/aip_chile_con_contenido/ais/",
        "fuente_secundaria": "https://davidmegginson.github.io/ourairports-data/airports.csv",
        "nivel_fuente_oficial": "aip_oficial_localizado",
        "servicio_regular_fuente": "OurAirports scheduled_service=yes",
        "fecha_actualizacion_dato": "2026-08-04",
        "observaciones": "Inclusión basada en scheduled_service=yes y código IATA de OurAirports. La existencia, denominación y códigos deben contrastarse con la AIP vigente antes de uso operacional. Coordenadas, elevación y pista proceden de OurAirports; la pista principal es la mayor pista no cerrada registrada. Roles adicionales identificados de forma conservadora: carga_relevante, función_internacional.",
        "roles_adicionales": [
          "carga_relevante",
          "función_internacional"
        ]
      }
    },
    {
      "type": "Feature",
      "id": "ZAL",
      "geometry": {
        "type": "Point",
        "coordinates": [
          -73.0860977173,
          -39.6500015259
        ]
      },
      "properties": {
        "clave_union": "ZAL",
        "nombre_oficial": "Pichoy Airport",
        "codigo_iata": "ZAL",
        "codigo_oaci": "SCVD",
        "pais": "Chile",
        "provincia_estado_departamento": "Los Ríos Region",
        "ciudad": "Valdivia",
        "tipo": "doméstico",
        "elevacion_m": 18,
        "longitud_pista_m": 2094,
        "entidad_operadora": null,
        "fuente": "DGAC Chile - AIP Chile: https://aipchile.dgac.gob.cl/dasa/aip_chile_con_contenido/ais/ | OurAirports: https://davidmegginson.github.io/ourairports-data/airports.csv, https://davidmegginson.github.io/ourairports-data/runways.csv, https://davidmegginson.github.io/ourairports-data/regions.csv",
        "fuente_tipo": "referencia_oficial+fuente_secundaria_complementaria",
        "fuente_oficial": "https://aipchile.dgac.gob.cl/dasa/aip_chile_con_contenido/ais/",
        "fuente_secundaria": "https://davidmegginson.github.io/ourairports-data/airports.csv",
        "nivel_fuente_oficial": "aip_oficial_localizado",
        "servicio_regular_fuente": "OurAirports scheduled_service=yes",
        "fecha_actualizacion_dato": "2026-08-04",
        "observaciones": "Inclusión basada en scheduled_service=yes y código IATA de OurAirports. La existencia, denominación y códigos deben contrastarse con la AIP vigente antes de uso operacional. Coordenadas, elevación y pista proceden de OurAirports; la pista principal es la mayor pista no cerrada registrada. Campos incompletos: entidad operadora no verificada en una fuente oficial abierta.",
        "roles_adicionales": []
      }
    },
    {
      "type": "Feature",
      "id": "ZCO",
      "geometry": {
        "type": "Point",
        "coordinates": [
          -72.6515,
          -38.9259
        ]
      },
      "properties": {
        "clave_union": "ZCO",
        "nombre_oficial": "La Araucanía International Airport",
        "codigo_iata": "ZCO",
        "codigo_oaci": "SCQP",
        "pais": "Chile",
        "provincia_estado_departamento": "Araucanía Region",
        "ciudad": "Temuco",
        "tipo": "internacional",
        "elevacion_m": 101,
        "longitud_pista_m": 2440,
        "entidad_operadora": null,
        "fuente": "DGAC Chile - AIP Chile: https://aipchile.dgac.gob.cl/dasa/aip_chile_con_contenido/ais/ | OurAirports: https://davidmegginson.github.io/ourairports-data/airports.csv, https://davidmegginson.github.io/ourairports-data/runways.csv, https://davidmegginson.github.io/ourairports-data/regions.csv",
        "fuente_tipo": "referencia_oficial+fuente_secundaria_complementaria",
        "fuente_oficial": "https://aipchile.dgac.gob.cl/dasa/aip_chile_con_contenido/ais/",
        "fuente_secundaria": "https://davidmegginson.github.io/ourairports-data/airports.csv",
        "nivel_fuente_oficial": "aip_oficial_localizado",
        "servicio_regular_fuente": "OurAirports scheduled_service=yes",
        "fecha_actualizacion_dato": "2026-08-04",
        "observaciones": "Inclusión basada en scheduled_service=yes y código IATA de OurAirports. La existencia, denominación y códigos deben contrastarse con la AIP vigente antes de uso operacional. Coordenadas, elevación y pista proceden de OurAirports; la pista principal es la mayor pista no cerrada registrada. Campos incompletos: entidad operadora no verificada en una fuente oficial abierta. Roles adicionales identificados de forma conservadora: función_internacional.",
        "roles_adicionales": [
          "función_internacional"
        ]
      }
    },
    {
      "type": "Feature",
      "id": "ZOS",
      "geometry": {
        "type": "Point",
        "coordinates": [
          -73.060997,
          -40.611198
        ]
      },
      "properties": {
        "clave_union": "ZOS",
        "nombre_oficial": "Cañal Bajo Carlos Hott Siebert Airport",
        "codigo_iata": "ZOS",
        "codigo_oaci": "SCJO",
        "pais": "Chile",
        "provincia_estado_departamento": "Los Lagos Region",
        "ciudad": "Osorno",
        "tipo": "doméstico",
        "elevacion_m": 57,
        "longitud_pista_m": 1950,
        "entidad_operadora": null,
        "fuente": "DGAC Chile - AIP Chile: https://aipchile.dgac.gob.cl/dasa/aip_chile_con_contenido/ais/ | OurAirports: https://davidmegginson.github.io/ourairports-data/airports.csv, https://davidmegginson.github.io/ourairports-data/runways.csv, https://davidmegginson.github.io/ourairports-data/regions.csv",
        "fuente_tipo": "referencia_oficial+fuente_secundaria_complementaria",
        "fuente_oficial": "https://aipchile.dgac.gob.cl/dasa/aip_chile_con_contenido/ais/",
        "fuente_secundaria": "https://davidmegginson.github.io/ourairports-data/airports.csv",
        "nivel_fuente_oficial": "aip_oficial_localizado",
        "servicio_regular_fuente": "OurAirports scheduled_service=yes",
        "fecha_actualizacion_dato": "2026-08-04",
        "observaciones": "Inclusión basada en scheduled_service=yes y código IATA de OurAirports. La existencia, denominación y códigos deben contrastarse con la AIP vigente antes de uso operacional. Coordenadas, elevación y pista proceden de OurAirports; la pista principal es la mayor pista no cerrada registrada. Campos incompletos: entidad operadora no verificada en una fuente oficial abierta.",
        "roles_adicionales": []
      }
    },
    {
      "type": "Feature",
      "id": "ZPC",
      "geometry": {
        "type": "Point",
        "coordinates": [
          -71.915901,
          -39.292801
        ]
      },
      "properties": {
        "clave_union": "ZPC",
        "nombre_oficial": "Pucón Airport",
        "codigo_iata": "ZPC",
        "codigo_oaci": "SCPC",
        "pais": "Chile",
        "provincia_estado_departamento": "Araucanía Region",
        "ciudad": "Pucon",
        "tipo": "doméstico",
        "elevacion_m": 260,
        "longitud_pista_m": 1700,
        "entidad_operadora": null,
        "fuente": "DGAC Chile - AIP Chile: https://aipchile.dgac.gob.cl/dasa/aip_chile_con_contenido/ais/ | OurAirports: https://davidmegginson.github.io/ourairports-data/airports.csv, https://davidmegginson.github.io/ourairports-data/runways.csv, https://davidmegginson.github.io/ourairports-data/regions.csv",
        "fuente_tipo": "referencia_oficial+fuente_secundaria_complementaria",
        "fuente_oficial": "https://aipchile.dgac.gob.cl/dasa/aip_chile_con_contenido/ais/",
        "fuente_secundaria": "https://davidmegginson.github.io/ourairports-data/airports.csv",
        "nivel_fuente_oficial": "aip_oficial_localizado",
        "servicio_regular_fuente": "OurAirports scheduled_service=yes",
        "fecha_actualizacion_dato": "2026-08-04",
        "observaciones": "Inclusión basada en scheduled_service=yes y código IATA de OurAirports. La existencia, denominación y códigos deben contrastarse con la AIP vigente antes de uso operacional. Coordenadas, elevación y pista proceden de OurAirports; la pista principal es la mayor pista no cerrada registrada. Campos incompletos: entidad operadora no verificada en una fuente oficial abierta.",
        "roles_adicionales": []
      }
    },
    {
      "type": "Feature",
      "id": "ADZ",
      "geometry": {
        "type": "Point",
        "coordinates": [
          -81.7112,
          12.5836
        ]
      },
      "properties": {
        "clave_union": "ADZ",
        "nombre_oficial": "Gustavo Rojas Pinilla International Airport",
        "codigo_iata": "ADZ",
        "codigo_oaci": "SKSP",
        "pais": "Colombia",
        "provincia_estado_departamento": "San Andrés, Providencia y Santa Catalina Department",
        "ciudad": "San Andrés",
        "tipo": "internacional",
        "elevacion_m": 6,
        "longitud_pista_m": 2380,
        "entidad_operadora": null,
        "fuente": "Aerocivil Colombia - AIP: https://www.aerocivil.gov.co/proveedor_servicios/publicaciones/3572/aip-publicacion-de-informacion-aeronautica/ | OurAirports: https://davidmegginson.github.io/ourairports-data/airports.csv, https://davidmegginson.github.io/ourairports-data/runways.csv, https://davidmegginson.github.io/ourairports-data/regions.csv",
        "fuente_tipo": "referencia_oficial+fuente_secundaria_complementaria",
        "fuente_oficial": "https://www.aerocivil.gov.co/proveedor_servicios/publicaciones/3572/aip-publicacion-de-informacion-aeronautica/",
        "fuente_secundaria": "https://davidmegginson.github.io/ourairports-data/airports.csv",
        "nivel_fuente_oficial": "aip_oficial_localizado",
        "servicio_regular_fuente": "OurAirports scheduled_service=yes",
        "fecha_actualizacion_dato": "2026-08-04",
        "observaciones": "Inclusión basada en scheduled_service=yes y código IATA de OurAirports. La existencia, denominación y códigos deben contrastarse con la AIP vigente antes de uso operacional. Coordenadas, elevación y pista proceden de OurAirports; la pista principal es la mayor pista no cerrada registrada. Campos incompletos: entidad operadora no verificada en una fuente oficial abierta. Roles adicionales identificados de forma conservadora: función_internacional.",
        "roles_adicionales": [
          "función_internacional"
        ]
      }
    },
    {
      "type": "Feature",
      "id": "APO",
      "geometry": {
        "type": "Point",
        "coordinates": [
          -76.7164,
          7.81196
        ]
      },
      "properties": {
        "clave_union": "APO",
        "nombre_oficial": "Antonio Roldán Betancur Airport",
        "codigo_iata": "APO",
        "codigo_oaci": "SKLC",
        "pais": "Colombia",
        "provincia_estado_departamento": "Antioquía Department",
        "ciudad": "Carepa",
        "tipo": "doméstico",
        "elevacion_m": 14,
        "longitud_pista_m": 2180,
        "entidad_operadora": null,
        "fuente": "Aerocivil Colombia - AIP: https://www.aerocivil.gov.co/proveedor_servicios/publicaciones/3572/aip-publicacion-de-informacion-aeronautica/ | OurAirports: https://davidmegginson.github.io/ourairports-data/airports.csv, https://davidmegginson.github.io/ourairports-data/runways.csv, https://davidmegginson.github.io/ourairports-data/regions.csv",
        "fuente_tipo": "referencia_oficial+fuente_secundaria_complementaria",
        "fuente_oficial": "https://www.aerocivil.gov.co/proveedor_servicios/publicaciones/3572/aip-publicacion-de-informacion-aeronautica/",
        "fuente_secundaria": "https://davidmegginson.github.io/ourairports-data/airports.csv",
        "nivel_fuente_oficial": "aip_oficial_localizado",
        "servicio_regular_fuente": "OurAirports scheduled_service=yes",
        "fecha_actualizacion_dato": "2026-08-04",
        "observaciones": "Inclusión basada en scheduled_service=yes y código IATA de OurAirports. La existencia, denominación y códigos deben contrastarse con la AIP vigente antes de uso operacional. Coordenadas, elevación y pista proceden de OurAirports; la pista principal es la mayor pista no cerrada registrada. Campos incompletos: entidad operadora no verificada en una fuente oficial abierta.",
        "roles_adicionales": []
      }
    },
    {
      "type": "Feature",
      "id": "AUC",
      "geometry": {
        "type": "Point",
        "coordinates": [
          -70.7369,
          7.06888
        ]
      },
      "properties": {
        "clave_union": "AUC",
        "nombre_oficial": "Santiago Perez Airport",
        "codigo_iata": "AUC",
        "codigo_oaci": "SKUC",
        "pais": "Colombia",
        "provincia_estado_departamento": "Arauca Department",
        "ciudad": "Arauca",
        "tipo": "doméstico",
        "elevacion_m": 128,
        "longitud_pista_m": 2100,
        "entidad_operadora": null,
        "fuente": "Aerocivil Colombia - AIP: https://www.aerocivil.gov.co/proveedor_servicios/publicaciones/3572/aip-publicacion-de-informacion-aeronautica/ | OurAirports: https://davidmegginson.github.io/ourairports-data/airports.csv, https://davidmegginson.github.io/ourairports-data/runways.csv, https://davidmegginson.github.io/ourairports-data/regions.csv",
        "fuente_tipo": "referencia_oficial+fuente_secundaria_complementaria",
        "fuente_oficial": "https://www.aerocivil.gov.co/proveedor_servicios/publicaciones/3572/aip-publicacion-de-informacion-aeronautica/",
        "fuente_secundaria": "https://davidmegginson.github.io/ourairports-data/airports.csv",
        "nivel_fuente_oficial": "aip_oficial_localizado",
        "servicio_regular_fuente": "OurAirports scheduled_service=yes",
        "fecha_actualizacion_dato": "2026-08-04",
        "observaciones": "Inclusión basada en scheduled_service=yes y código IATA de OurAirports. La existencia, denominación y códigos deben contrastarse con la AIP vigente antes de uso operacional. Coordenadas, elevación y pista proceden de OurAirports; la pista principal es la mayor pista no cerrada registrada. Campos incompletos: entidad operadora no verificada en una fuente oficial abierta.",
        "roles_adicionales": []
      }
    },
    {
      "type": "Feature",
      "id": "AXM",
      "geometry": {
        "type": "Point",
        "coordinates": [
          -75.7664,
          4.45278
        ]
      },
      "properties": {
        "clave_union": "AXM",
        "nombre_oficial": "El Eden Airport",
        "codigo_iata": "AXM",
        "codigo_oaci": "SKAR",
        "pais": "Colombia",
        "provincia_estado_departamento": "Quindio Department",
        "ciudad": "Armenia",
        "tipo": "internacional",
        "elevacion_m": 1216,
        "longitud_pista_m": 2147,
        "entidad_operadora": null,
        "fuente": "Aerocivil Colombia - AIP: https://www.aerocivil.gov.co/proveedor_servicios/publicaciones/3572/aip-publicacion-de-informacion-aeronautica/ | OurAirports: https://davidmegginson.github.io/ourairports-data/airports.csv, https://davidmegginson.github.io/ourairports-data/runways.csv, https://davidmegginson.github.io/ourairports-data/regions.csv",
        "fuente_tipo": "referencia_oficial+fuente_secundaria_complementaria",
        "fuente_oficial": "https://www.aerocivil.gov.co/proveedor_servicios/publicaciones/3572/aip-publicacion-de-informacion-aeronautica/",
        "fuente_secundaria": "https://davidmegginson.github.io/ourairports-data/airports.csv",
        "nivel_fuente_oficial": "aip_oficial_localizado",
        "servicio_regular_fuente": "OurAirports scheduled_service=yes",
        "fecha_actualizacion_dato": "2026-08-04",
        "observaciones": "Inclusión basada en scheduled_service=yes y código IATA de OurAirports. La existencia, denominación y códigos deben contrastarse con la AIP vigente antes de uso operacional. Coordenadas, elevación y pista proceden de OurAirports; la pista principal es la mayor pista no cerrada registrada. Campos incompletos: entidad operadora no verificada en una fuente oficial abierta. Roles adicionales identificados de forma conservadora: función_internacional.",
        "roles_adicionales": [
          "función_internacional"
        ]
      }
    },
    {
      "type": "Feature",
      "id": "BAQ",
      "geometry": {
        "type": "Point",
        "coordinates": [
          -74.7808,
          10.8896
        ]
      },
      "properties": {
        "clave_union": "BAQ",
        "nombre_oficial": "Ernesto Cortissoz International Airport",
        "codigo_iata": "BAQ",
        "codigo_oaci": "SKBQ",
        "pais": "Colombia",
        "provincia_estado_departamento": "Atlántico Department",
        "ciudad": "Barranquilla",
        "tipo": "internacional",
        "elevacion_m": 30,
        "longitud_pista_m": 3000,
        "entidad_operadora": null,
        "fuente": "Aerocivil Colombia - AIP: https://www.aerocivil.gov.co/proveedor_servicios/publicaciones/3572/aip-publicacion-de-informacion-aeronautica/ | OurAirports: https://davidmegginson.github.io/ourairports-data/airports.csv, https://davidmegginson.github.io/ourairports-data/runways.csv, https://davidmegginson.github.io/ourairports-data/regions.csv",
        "fuente_tipo": "referencia_oficial+fuente_secundaria_complementaria",
        "fuente_oficial": "https://www.aerocivil.gov.co/proveedor_servicios/publicaciones/3572/aip-publicacion-de-informacion-aeronautica/",
        "fuente_secundaria": "https://davidmegginson.github.io/ourairports-data/airports.csv",
        "nivel_fuente_oficial": "aip_oficial_localizado",
        "servicio_regular_fuente": "OurAirports scheduled_service=yes",
        "fecha_actualizacion_dato": "2026-08-04",
        "observaciones": "Inclusión basada en scheduled_service=yes y código IATA de OurAirports. La existencia, denominación y códigos deben contrastarse con la AIP vigente antes de uso operacional. Coordenadas, elevación y pista proceden de OurAirports; la pista principal es la mayor pista no cerrada registrada. Campos incompletos: entidad operadora no verificada en una fuente oficial abierta. Roles adicionales identificados de forma conservadora: función_internacional.",
        "roles_adicionales": [
          "función_internacional"
        ]
      }
    },
    {
      "type": "Feature",
      "id": "BGA",
      "geometry": {
        "type": "Point",
        "coordinates": [
          -73.1848,
          7.1265
        ]
      },
      "properties": {
        "clave_union": "BGA",
        "nombre_oficial": "Palonegro Airport",
        "codigo_iata": "BGA",
        "codigo_oaci": "SKBG",
        "pais": "Colombia",
        "provincia_estado_departamento": "Santander Department",
        "ciudad": "Bucaramanga",
        "tipo": "internacional",
        "elevacion_m": 1188,
        "longitud_pista_m": 2250,
        "entidad_operadora": null,
        "fuente": "Aerocivil Colombia - AIP: https://www.aerocivil.gov.co/proveedor_servicios/publicaciones/3572/aip-publicacion-de-informacion-aeronautica/ | OurAirports: https://davidmegginson.github.io/ourairports-data/airports.csv, https://davidmegginson.github.io/ourairports-data/runways.csv, https://davidmegginson.github.io/ourairports-data/regions.csv",
        "fuente_tipo": "referencia_oficial+fuente_secundaria_complementaria",
        "fuente_oficial": "https://www.aerocivil.gov.co/proveedor_servicios/publicaciones/3572/aip-publicacion-de-informacion-aeronautica/",
        "fuente_secundaria": "https://davidmegginson.github.io/ourairports-data/airports.csv",
        "nivel_fuente_oficial": "aip_oficial_localizado",
        "servicio_regular_fuente": "OurAirports scheduled_service=yes",
        "fecha_actualizacion_dato": "2026-08-04",
        "observaciones": "Inclusión basada en scheduled_service=yes y código IATA de OurAirports. La existencia, denominación y códigos deben contrastarse con la AIP vigente antes de uso operacional. Coordenadas, elevación y pista proceden de OurAirports; la pista principal es la mayor pista no cerrada registrada. Campos incompletos: entidad operadora no verificada en una fuente oficial abierta. Roles adicionales identificados de forma conservadora: función_internacional.",
        "roles_adicionales": [
          "función_internacional"
        ]
      }
    },
    {
      "type": "Feature",
      "id": "BOG",
      "geometry": {
        "type": "Point",
        "coordinates": [
          -74.1469,
          4.70159
        ]
      },
      "properties": {
        "clave_union": "BOG",
        "nombre_oficial": "El Dorado International Airport",
        "codigo_iata": "BOG",
        "codigo_oaci": "SKBO",
        "pais": "Colombia",
        "provincia_estado_departamento": "Bogotá Capital District",
        "ciudad": "Bogota",
        "tipo": "internacional",
        "elevacion_m": 2548,
        "longitud_pista_m": 3800,
        "entidad_operadora": null,
        "fuente": "Aerocivil Colombia - AIP: https://www.aerocivil.gov.co/proveedor_servicios/publicaciones/3572/aip-publicacion-de-informacion-aeronautica/ | OurAirports: https://davidmegginson.github.io/ourairports-data/airports.csv, https://davidmegginson.github.io/ourairports-data/runways.csv, https://davidmegginson.github.io/ourairports-data/regions.csv",
        "fuente_tipo": "referencia_oficial+fuente_secundaria_complementaria",
        "fuente_oficial": "https://www.aerocivil.gov.co/proveedor_servicios/publicaciones/3572/aip-publicacion-de-informacion-aeronautica/",
        "fuente_secundaria": "https://davidmegginson.github.io/ourairports-data/airports.csv",
        "nivel_fuente_oficial": "aip_oficial_localizado",
        "servicio_regular_fuente": "OurAirports scheduled_service=yes",
        "fecha_actualizacion_dato": "2026-08-04",
        "observaciones": "Inclusión basada en scheduled_service=yes y código IATA de OurAirports. La existencia, denominación y códigos deben contrastarse con la AIP vigente antes de uso operacional. Coordenadas, elevación y pista proceden de OurAirports; la pista principal es la mayor pista no cerrada registrada. Campos incompletos: entidad operadora no verificada en una fuente oficial abierta. Roles adicionales identificados de forma conservadora: carga_relevante, función_internacional.",
        "roles_adicionales": [
          "carga_relevante",
          "función_internacional"
        ]
      }
    },
    {
      "type": "Feature",
      "id": "BSC",
      "geometry": {
        "type": "Point",
        "coordinates": [
          -77.3947,
          6.20292
        ]
      },
      "properties": {
        "clave_union": "BSC",
        "nombre_oficial": "José Celestino Mutis Airport",
        "codigo_iata": "BSC",
        "codigo_oaci": "SKBS",
        "pais": "Colombia",
        "provincia_estado_departamento": "Chocó Department",
        "ciudad": "Bahía Solano",
        "tipo": "doméstico",
        "elevacion_m": 24,
        "longitud_pista_m": 1211,
        "entidad_operadora": null,
        "fuente": "Aerocivil Colombia - AIP: https://www.aerocivil.gov.co/proveedor_servicios/publicaciones/3572/aip-publicacion-de-informacion-aeronautica/ | OurAirports: https://davidmegginson.github.io/ourairports-data/airports.csv, https://davidmegginson.github.io/ourairports-data/runways.csv, https://davidmegginson.github.io/ourairports-data/regions.csv",
        "fuente_tipo": "referencia_oficial+fuente_secundaria_complementaria",
        "fuente_oficial": "https://www.aerocivil.gov.co/proveedor_servicios/publicaciones/3572/aip-publicacion-de-informacion-aeronautica/",
        "fuente_secundaria": "https://davidmegginson.github.io/ourairports-data/airports.csv",
        "nivel_fuente_oficial": "aip_oficial_localizado",
        "servicio_regular_fuente": "OurAirports scheduled_service=yes",
        "fecha_actualizacion_dato": "2026-08-04",
        "observaciones": "Inclusión basada en scheduled_service=yes y código IATA de OurAirports. La existencia, denominación y códigos deben contrastarse con la AIP vigente antes de uso operacional. Coordenadas, elevación y pista proceden de OurAirports; la pista principal es la mayor pista no cerrada registrada. Campos incompletos: entidad operadora no verificada en una fuente oficial abierta.",
        "roles_adicionales": []
      }
    },
    {
      "type": "Feature",
      "id": "BUN",
      "geometry": {
        "type": "Point",
        "coordinates": [
          -76.9898,
          3.81963
        ]
      },
      "properties": {
        "clave_union": "BUN",
        "nombre_oficial": "Gerardo Tobar López Airport",
        "codigo_iata": "BUN",
        "codigo_oaci": "SKBU",
        "pais": "Colombia",
        "provincia_estado_departamento": "Valle del Cauca Department",
        "ciudad": "Buenaventura",
        "tipo": "doméstico",
        "elevacion_m": 15,
        "longitud_pista_m": 1202,
        "entidad_operadora": null,
        "fuente": "Aerocivil Colombia - AIP: https://www.aerocivil.gov.co/proveedor_servicios/publicaciones/3572/aip-publicacion-de-informacion-aeronautica/ | OurAirports: https://davidmegginson.github.io/ourairports-data/airports.csv, https://davidmegginson.github.io/ourairports-data/runways.csv, https://davidmegginson.github.io/ourairports-data/regions.csv",
        "fuente_tipo": "referencia_oficial+fuente_secundaria_complementaria",
        "fuente_oficial": "https://www.aerocivil.gov.co/proveedor_servicios/publicaciones/3572/aip-publicacion-de-informacion-aeronautica/",
        "fuente_secundaria": "https://davidmegginson.github.io/ourairports-data/airports.csv",
        "nivel_fuente_oficial": "aip_oficial_localizado",
        "servicio_regular_fuente": "OurAirports scheduled_service=yes",
        "fecha_actualizacion_dato": "2026-08-04",
        "observaciones": "Inclusión basada en scheduled_service=yes y código IATA de OurAirports. La existencia, denominación y códigos deben contrastarse con la AIP vigente antes de uso operacional. Coordenadas, elevación y pista proceden de OurAirports; la pista principal es la mayor pista no cerrada registrada. Campos incompletos: entidad operadora no verificada en una fuente oficial abierta.",
        "roles_adicionales": []
      }
    },
    {
      "type": "Feature",
      "id": "CLO",
      "geometry": {
        "type": "Point",
        "coordinates": [
          -76.381898,
          3.542717
        ]
      },
      "properties": {
        "clave_union": "CLO",
        "nombre_oficial": "Alfonso Bonilla Aragon International Airport",
        "codigo_iata": "CLO",
        "codigo_oaci": "SKCL",
        "pais": "Colombia",
        "provincia_estado_departamento": "Valle del Cauca Department",
        "ciudad": "Cali",
        "tipo": "internacional",
        "elevacion_m": 964,
        "longitud_pista_m": 3000,
        "entidad_operadora": null,
        "fuente": "Aerocivil Colombia - AIP: https://www.aerocivil.gov.co/proveedor_servicios/publicaciones/3572/aip-publicacion-de-informacion-aeronautica/ | OurAirports: https://davidmegginson.github.io/ourairports-data/airports.csv, https://davidmegginson.github.io/ourairports-data/runways.csv, https://davidmegginson.github.io/ourairports-data/regions.csv",
        "fuente_tipo": "referencia_oficial+fuente_secundaria_complementaria",
        "fuente_oficial": "https://www.aerocivil.gov.co/proveedor_servicios/publicaciones/3572/aip-publicacion-de-informacion-aeronautica/",
        "fuente_secundaria": "https://davidmegginson.github.io/ourairports-data/airports.csv",
        "nivel_fuente_oficial": "aip_oficial_localizado",
        "servicio_regular_fuente": "OurAirports scheduled_service=yes",
        "fecha_actualizacion_dato": "2026-08-04",
        "observaciones": "Inclusión basada en scheduled_service=yes y código IATA de OurAirports. La existencia, denominación y códigos deben contrastarse con la AIP vigente antes de uso operacional. Coordenadas, elevación y pista proceden de OurAirports; la pista principal es la mayor pista no cerrada registrada. Campos incompletos: entidad operadora no verificada en una fuente oficial abierta. Roles adicionales identificados de forma conservadora: función_internacional.",
        "roles_adicionales": [
          "función_internacional"
        ]
      }
    },
    {
      "type": "Feature",
      "id": "CTG",
      "geometry": {
        "type": "Point",
        "coordinates": [
          -75.513,
          10.4424
        ]
      },
      "properties": {
        "clave_union": "CTG",
        "nombre_oficial": "Rafael Nuñez International Airport",
        "codigo_iata": "CTG",
        "codigo_oaci": "SKCG",
        "pais": "Colombia",
        "provincia_estado_departamento": "Bolívar Department",
        "ciudad": "Cartagena",
        "tipo": "internacional",
        "elevacion_m": 1,
        "longitud_pista_m": 2600,
        "entidad_operadora": null,
        "fuente": "Aerocivil Colombia - AIP: https://www.aerocivil.gov.co/proveedor_servicios/publicaciones/3572/aip-publicacion-de-informacion-aeronautica/ | OurAirports: https://davidmegginson.github.io/ourairports-data/airports.csv, https://davidmegginson.github.io/ourairports-data/runways.csv, https://davidmegginson.github.io/ourairports-data/regions.csv",
        "fuente_tipo": "referencia_oficial+fuente_secundaria_complementaria",
        "fuente_oficial": "https://www.aerocivil.gov.co/proveedor_servicios/publicaciones/3572/aip-publicacion-de-informacion-aeronautica/",
        "fuente_secundaria": "https://davidmegginson.github.io/ourairports-data/airports.csv",
        "nivel_fuente_oficial": "aip_oficial_localizado",
        "servicio_regular_fuente": "OurAirports scheduled_service=yes",
        "fecha_actualizacion_dato": "2026-08-04",
        "observaciones": "Inclusión basada en scheduled_service=yes y código IATA de OurAirports. La existencia, denominación y códigos deben contrastarse con la AIP vigente antes de uso operacional. Coordenadas, elevación y pista proceden de OurAirports; la pista principal es la mayor pista no cerrada registrada. Campos incompletos: entidad operadora no verificada en una fuente oficial abierta. Roles adicionales identificados de forma conservadora: función_internacional.",
        "roles_adicionales": [
          "función_internacional"
        ]
      }
    },
    {
      "type": "Feature",
      "id": "CUC",
      "geometry": {
        "type": "Point",
        "coordinates": [
          -72.5115,
          7.92757
        ]
      },
      "properties": {
        "clave_union": "CUC",
        "nombre_oficial": "Camilo Daza International Airport",
        "codigo_iata": "CUC",
        "codigo_oaci": "SKCC",
        "pais": "Colombia",
        "provincia_estado_departamento": "Norte de Santander Department",
        "ciudad": "Cúcuta",
        "tipo": "internacional",
        "elevacion_m": 334,
        "longitud_pista_m": 2347,
        "entidad_operadora": null,
        "fuente": "Aerocivil Colombia - AIP: https://www.aerocivil.gov.co/proveedor_servicios/publicaciones/3572/aip-publicacion-de-informacion-aeronautica/ | OurAirports: https://davidmegginson.github.io/ourairports-data/airports.csv, https://davidmegginson.github.io/ourairports-data/runways.csv, https://davidmegginson.github.io/ourairports-data/regions.csv",
        "fuente_tipo": "referencia_oficial+fuente_secundaria_complementaria",
        "fuente_oficial": "https://www.aerocivil.gov.co/proveedor_servicios/publicaciones/3572/aip-publicacion-de-informacion-aeronautica/",
        "fuente_secundaria": "https://davidmegginson.github.io/ourairports-data/airports.csv",
        "nivel_fuente_oficial": "aip_oficial_localizado",
        "servicio_regular_fuente": "OurAirports scheduled_service=yes",
        "fecha_actualizacion_dato": "2026-08-04",
        "observaciones": "Inclusión basada en scheduled_service=yes y código IATA de OurAirports. La existencia, denominación y códigos deben contrastarse con la AIP vigente antes de uso operacional. Coordenadas, elevación y pista proceden de OurAirports; la pista principal es la mayor pista no cerrada registrada. Campos incompletos: entidad operadora no verificada en una fuente oficial abierta. Roles adicionales identificados de forma conservadora: función_internacional.",
        "roles_adicionales": [
          "función_internacional"
        ]
      }
    },
    {
      "type": "Feature",
      "id": "CZU",
      "geometry": {
        "type": "Point",
        "coordinates": [
          -75.2856,
          9.33274
        ]
      },
      "properties": {
        "clave_union": "CZU",
        "nombre_oficial": "Las Brujas Airport",
        "codigo_iata": "CZU",
        "codigo_oaci": "SKCZ",
        "pais": "Colombia",
        "provincia_estado_departamento": "Sucre Department",
        "ciudad": "Corozal",
        "tipo": "doméstico",
        "elevacion_m": 161,
        "longitud_pista_m": 1503,
        "entidad_operadora": null,
        "fuente": "Aerocivil Colombia - AIP: https://www.aerocivil.gov.co/proveedor_servicios/publicaciones/3572/aip-publicacion-de-informacion-aeronautica/ | OurAirports: https://davidmegginson.github.io/ourairports-data/airports.csv, https://davidmegginson.github.io/ourairports-data/runways.csv, https://davidmegginson.github.io/ourairports-data/regions.csv",
        "fuente_tipo": "referencia_oficial+fuente_secundaria_complementaria",
        "fuente_oficial": "https://www.aerocivil.gov.co/proveedor_servicios/publicaciones/3572/aip-publicacion-de-informacion-aeronautica/",
        "fuente_secundaria": "https://davidmegginson.github.io/ourairports-data/airports.csv",
        "nivel_fuente_oficial": "aip_oficial_localizado",
        "servicio_regular_fuente": "OurAirports scheduled_service=yes",
        "fecha_actualizacion_dato": "2026-08-04",
        "observaciones": "Inclusión basada en scheduled_service=yes y código IATA de OurAirports. La existencia, denominación y códigos deben contrastarse con la AIP vigente antes de uso operacional. Coordenadas, elevación y pista proceden de OurAirports; la pista principal es la mayor pista no cerrada registrada. Campos incompletos: entidad operadora no verificada en una fuente oficial abierta.",
        "roles_adicionales": []
      }
    },
    {
      "type": "Feature",
      "id": "EJA",
      "geometry": {
        "type": "Point",
        "coordinates": [
          -73.8068,
          7.02433
        ]
      },
      "properties": {
        "clave_union": "EJA",
        "nombre_oficial": "Yariguíes Airport",
        "codigo_iata": "EJA",
        "codigo_oaci": "SKEJ",
        "pais": "Colombia",
        "provincia_estado_departamento": "Santander Department",
        "ciudad": "Barrancabermeja",
        "tipo": "doméstico",
        "elevacion_m": 126,
        "longitud_pista_m": 1800,
        "entidad_operadora": null,
        "fuente": "Aerocivil Colombia - AIP: https://www.aerocivil.gov.co/proveedor_servicios/publicaciones/3572/aip-publicacion-de-informacion-aeronautica/ | OurAirports: https://davidmegginson.github.io/ourairports-data/airports.csv, https://davidmegginson.github.io/ourairports-data/runways.csv, https://davidmegginson.github.io/ourairports-data/regions.csv",
        "fuente_tipo": "referencia_oficial+fuente_secundaria_complementaria",
        "fuente_oficial": "https://www.aerocivil.gov.co/proveedor_servicios/publicaciones/3572/aip-publicacion-de-informacion-aeronautica/",
        "fuente_secundaria": "https://davidmegginson.github.io/ourairports-data/airports.csv",
        "nivel_fuente_oficial": "aip_oficial_localizado",
        "servicio_regular_fuente": "OurAirports scheduled_service=yes",
        "fecha_actualizacion_dato": "2026-08-04",
        "observaciones": "Inclusión basada en scheduled_service=yes y código IATA de OurAirports. La existencia, denominación y códigos deben contrastarse con la AIP vigente antes de uso operacional. Coordenadas, elevación y pista proceden de OurAirports; la pista principal es la mayor pista no cerrada registrada. Campos incompletos: entidad operadora no verificada en una fuente oficial abierta.",
        "roles_adicionales": []
      }
    },
    {
      "type": "Feature",
      "id": "EOH",
      "geometry": {
        "type": "Point",
        "coordinates": [
          -75.590597,
          6.219686
        ]
      },
      "properties": {
        "clave_union": "EOH",
        "nombre_oficial": "Enrique Olaya Herrera Airport",
        "codigo_iata": "EOH",
        "codigo_oaci": "SKMD",
        "pais": "Colombia",
        "provincia_estado_departamento": "Antioquía Department",
        "ciudad": "Medellín",
        "tipo": "doméstico",
        "elevacion_m": 1508,
        "longitud_pista_m": 2500,
        "entidad_operadora": null,
        "fuente": "Aerocivil Colombia - AIP: https://www.aerocivil.gov.co/proveedor_servicios/publicaciones/3572/aip-publicacion-de-informacion-aeronautica/ | OurAirports: https://davidmegginson.github.io/ourairports-data/airports.csv, https://davidmegginson.github.io/ourairports-data/runways.csv, https://davidmegginson.github.io/ourairports-data/regions.csv",
        "fuente_tipo": "referencia_oficial+fuente_secundaria_complementaria",
        "fuente_oficial": "https://www.aerocivil.gov.co/proveedor_servicios/publicaciones/3572/aip-publicacion-de-informacion-aeronautica/",
        "fuente_secundaria": "https://davidmegginson.github.io/ourairports-data/airports.csv",
        "nivel_fuente_oficial": "aip_oficial_localizado",
        "servicio_regular_fuente": "OurAirports scheduled_service=yes",
        "fecha_actualizacion_dato": "2026-08-04",
        "observaciones": "Inclusión basada en scheduled_service=yes y código IATA de OurAirports. La existencia, denominación y códigos deben contrastarse con la AIP vigente antes de uso operacional. Coordenadas, elevación y pista proceden de OurAirports; la pista principal es la mayor pista no cerrada registrada. Campos incompletos: entidad operadora no verificada en una fuente oficial abierta.",
        "roles_adicionales": []
      }
    },
    {
      "type": "Feature",
      "id": "EYP",
      "geometry": {
        "type": "Point",
        "coordinates": [
          -72.384,
          5.31911
        ]
      },
      "properties": {
        "clave_union": "EYP",
        "nombre_oficial": "El Alcaravan - Yopal Airport",
        "codigo_iata": "EYP",
        "codigo_oaci": "SKYP",
        "pais": "Colombia",
        "provincia_estado_departamento": "Casanare Department",
        "ciudad": "Yopal",
        "tipo": "doméstico",
        "elevacion_m": 313,
        "longitud_pista_m": 2575,
        "entidad_operadora": null,
        "fuente": "Aerocivil Colombia - AIP: https://www.aerocivil.gov.co/proveedor_servicios/publicaciones/3572/aip-publicacion-de-informacion-aeronautica/ | OurAirports: https://davidmegginson.github.io/ourairports-data/airports.csv, https://davidmegginson.github.io/ourairports-data/runways.csv, https://davidmegginson.github.io/ourairports-data/regions.csv",
        "fuente_tipo": "referencia_oficial+fuente_secundaria_complementaria",
        "fuente_oficial": "https://www.aerocivil.gov.co/proveedor_servicios/publicaciones/3572/aip-publicacion-de-informacion-aeronautica/",
        "fuente_secundaria": "https://davidmegginson.github.io/ourairports-data/airports.csv",
        "nivel_fuente_oficial": "aip_oficial_localizado",
        "servicio_regular_fuente": "OurAirports scheduled_service=yes",
        "fecha_actualizacion_dato": "2026-08-04",
        "observaciones": "Inclusión basada en scheduled_service=yes y código IATA de OurAirports. La existencia, denominación y códigos deben contrastarse con la AIP vigente antes de uso operacional. Coordenadas, elevación y pista proceden de OurAirports; la pista principal es la mayor pista no cerrada registrada. Campos incompletos: entidad operadora no verificada en una fuente oficial abierta.",
        "roles_adicionales": []
      }
    },
    {
      "type": "Feature",
      "id": "FLA",
      "geometry": {
        "type": "Point",
        "coordinates": [
          -75.5644,
          1.58919
        ]
      },
      "properties": {
        "clave_union": "FLA",
        "nombre_oficial": "Gustavo Artunduaga Paredes Airport",
        "codigo_iata": "FLA",
        "codigo_oaci": "SKFL",
        "pais": "Colombia",
        "provincia_estado_departamento": "Caquetá Department",
        "ciudad": "Florencia",
        "tipo": "doméstico",
        "elevacion_m": 245,
        "longitud_pista_m": 1500,
        "entidad_operadora": null,
        "fuente": "Aerocivil Colombia - AIP: https://www.aerocivil.gov.co/proveedor_servicios/publicaciones/3572/aip-publicacion-de-informacion-aeronautica/ | OurAirports: https://davidmegginson.github.io/ourairports-data/airports.csv, https://davidmegginson.github.io/ourairports-data/runways.csv, https://davidmegginson.github.io/ourairports-data/regions.csv",
        "fuente_tipo": "referencia_oficial+fuente_secundaria_complementaria",
        "fuente_oficial": "https://www.aerocivil.gov.co/proveedor_servicios/publicaciones/3572/aip-publicacion-de-informacion-aeronautica/",
        "fuente_secundaria": "https://davidmegginson.github.io/ourairports-data/airports.csv",
        "nivel_fuente_oficial": "aip_oficial_localizado",
        "servicio_regular_fuente": "OurAirports scheduled_service=yes",
        "fecha_actualizacion_dato": "2026-08-04",
        "observaciones": "Inclusión basada en scheduled_service=yes y código IATA de OurAirports. La existencia, denominación y códigos deben contrastarse con la AIP vigente antes de uso operacional. Coordenadas, elevación y pista proceden de OurAirports; la pista principal es la mayor pista no cerrada registrada. Campos incompletos: entidad operadora no verificada en una fuente oficial abierta.",
        "roles_adicionales": []
      }
    },
    {
      "type": "Feature",
      "id": "GPI",
      "geometry": {
        "type": "Point",
        "coordinates": [
          -77.897969,
          2.57013
        ]
      },
      "properties": {
        "clave_union": "GPI",
        "nombre_oficial": "Guapi Airport",
        "codigo_iata": "GPI",
        "codigo_oaci": "SKGP",
        "pais": "Colombia",
        "provincia_estado_departamento": "Cauca Department",
        "ciudad": "Guapi",
        "tipo": "doméstico",
        "elevacion_m": 50,
        "longitud_pista_m": 1297,
        "entidad_operadora": null,
        "fuente": "Aerocivil Colombia - AIP: https://www.aerocivil.gov.co/proveedor_servicios/publicaciones/3572/aip-publicacion-de-informacion-aeronautica/ | OurAirports: https://davidmegginson.github.io/ourairports-data/airports.csv, https://davidmegginson.github.io/ourairports-data/runways.csv, https://davidmegginson.github.io/ourairports-data/regions.csv",
        "fuente_tipo": "referencia_oficial+fuente_secundaria_complementaria",
        "fuente_oficial": "https://www.aerocivil.gov.co/proveedor_servicios/publicaciones/3572/aip-publicacion-de-informacion-aeronautica/",
        "fuente_secundaria": "https://davidmegginson.github.io/ourairports-data/airports.csv",
        "nivel_fuente_oficial": "aip_oficial_localizado",
        "servicio_regular_fuente": "OurAirports scheduled_service=yes",
        "fecha_actualizacion_dato": "2026-08-04",
        "observaciones": "Inclusión basada en scheduled_service=yes y código IATA de OurAirports. La existencia, denominación y códigos deben contrastarse con la AIP vigente antes de uso operacional. Coordenadas, elevación y pista proceden de OurAirports; la pista principal es la mayor pista no cerrada registrada. Campos incompletos: entidad operadora no verificada en una fuente oficial abierta.",
        "roles_adicionales": []
      }
    },
    {
      "type": "Feature",
      "id": "IBE",
      "geometry": {
        "type": "Point",
        "coordinates": [
          -75.1333,
          4.42161
        ]
      },
      "properties": {
        "clave_union": "IBE",
        "nombre_oficial": "Perales Airport",
        "codigo_iata": "IBE",
        "codigo_oaci": "SKIB",
        "pais": "Colombia",
        "provincia_estado_departamento": "Tolima Department",
        "ciudad": "Ibagué",
        "tipo": "doméstico",
        "elevacion_m": 914,
        "longitud_pista_m": 1800,
        "entidad_operadora": null,
        "fuente": "Aerocivil Colombia - AIP: https://www.aerocivil.gov.co/proveedor_servicios/publicaciones/3572/aip-publicacion-de-informacion-aeronautica/ | OurAirports: https://davidmegginson.github.io/ourairports-data/airports.csv, https://davidmegginson.github.io/ourairports-data/runways.csv, https://davidmegginson.github.io/ourairports-data/regions.csv",
        "fuente_tipo": "referencia_oficial+fuente_secundaria_complementaria",
        "fuente_oficial": "https://www.aerocivil.gov.co/proveedor_servicios/publicaciones/3572/aip-publicacion-de-informacion-aeronautica/",
        "fuente_secundaria": "https://davidmegginson.github.io/ourairports-data/airports.csv",
        "nivel_fuente_oficial": "aip_oficial_localizado",
        "servicio_regular_fuente": "OurAirports scheduled_service=yes",
        "fecha_actualizacion_dato": "2026-08-04",
        "observaciones": "Inclusión basada en scheduled_service=yes y código IATA de OurAirports. La existencia, denominación y códigos deben contrastarse con la AIP vigente antes de uso operacional. Coordenadas, elevación y pista proceden de OurAirports; la pista principal es la mayor pista no cerrada registrada. Campos incompletos: entidad operadora no verificada en una fuente oficial abierta.",
        "roles_adicionales": []
      }
    },
    {
      "type": "Feature",
      "id": "IPI",
      "geometry": {
        "type": "Point",
        "coordinates": [
          -77.671783,
          0.861946
        ]
      },
      "properties": {
        "clave_union": "IPI",
        "nombre_oficial": "San Luis Airport",
        "codigo_iata": "IPI",
        "codigo_oaci": "SKIP",
        "pais": "Colombia",
        "provincia_estado_departamento": "Nariño Department",
        "ciudad": "Ipiales",
        "tipo": "doméstico",
        "elevacion_m": 2976,
        "longitud_pista_m": 2500,
        "entidad_operadora": null,
        "fuente": "Aerocivil Colombia - AIP: https://www.aerocivil.gov.co/proveedor_servicios/publicaciones/3572/aip-publicacion-de-informacion-aeronautica/ | OurAirports: https://davidmegginson.github.io/ourairports-data/airports.csv, https://davidmegginson.github.io/ourairports-data/runways.csv, https://davidmegginson.github.io/ourairports-data/regions.csv",
        "fuente_tipo": "referencia_oficial+fuente_secundaria_complementaria",
        "fuente_oficial": "https://www.aerocivil.gov.co/proveedor_servicios/publicaciones/3572/aip-publicacion-de-informacion-aeronautica/",
        "fuente_secundaria": "https://davidmegginson.github.io/ourairports-data/airports.csv",
        "nivel_fuente_oficial": "aip_oficial_localizado",
        "servicio_regular_fuente": "OurAirports scheduled_service=yes",
        "fecha_actualizacion_dato": "2026-08-04",
        "observaciones": "Inclusión basada en scheduled_service=yes y código IATA de OurAirports. La existencia, denominación y códigos deben contrastarse con la AIP vigente antes de uso operacional. Coordenadas, elevación y pista proceden de OurAirports; la pista principal es la mayor pista no cerrada registrada. Campos incompletos: entidad operadora no verificada en una fuente oficial abierta.",
        "roles_adicionales": []
      }
    },
    {
      "type": "Feature",
      "id": "LCR",
      "geometry": {
        "type": "Point",
        "coordinates": [
          -72.801086,
          -1.456361
        ]
      },
      "properties": {
        "clave_union": "LCR",
        "nombre_oficial": "Virgilio Barco Vargas (La Chorrera) Airport",
        "codigo_iata": "LCR",
        "codigo_oaci": "SKHZ",
        "pais": "Colombia",
        "provincia_estado_departamento": "Amazonas Department",
        "ciudad": "La Chorrera",
        "tipo": "doméstico",
        "elevacion_m": 172,
        "longitud_pista_m": null,
        "entidad_operadora": null,
        "fuente": "Aerocivil Colombia - AIP: https://www.aerocivil.gov.co/proveedor_servicios/publicaciones/3572/aip-publicacion-de-informacion-aeronautica/ | OurAirports: https://davidmegginson.github.io/ourairports-data/airports.csv, https://davidmegginson.github.io/ourairports-data/runways.csv, https://davidmegginson.github.io/ourairports-data/regions.csv",
        "fuente_tipo": "referencia_oficial+fuente_secundaria_complementaria",
        "fuente_oficial": "https://www.aerocivil.gov.co/proveedor_servicios/publicaciones/3572/aip-publicacion-de-informacion-aeronautica/",
        "fuente_secundaria": "https://davidmegginson.github.io/ourairports-data/airports.csv",
        "nivel_fuente_oficial": "aip_oficial_localizado",
        "servicio_regular_fuente": "OurAirports scheduled_service=yes",
        "fecha_actualizacion_dato": "2026-08-04",
        "observaciones": "Inclusión basada en scheduled_service=yes y código IATA de OurAirports. La existencia, denominación y códigos deben contrastarse con la AIP vigente antes de uso operacional. Coordenadas, elevación y pista proceden de OurAirports; la pista principal es la mayor pista no cerrada registrada. Campos incompletos: longitud de pista principal no disponible; entidad operadora no verificada en una fuente oficial abierta.",
        "roles_adicionales": []
      }
    },
    {
      "type": "Feature",
      "id": "LET",
      "geometry": {
        "type": "Point",
        "coordinates": [
          -69.942003,
          -4.191147
        ]
      },
      "properties": {
        "clave_union": "LET",
        "nombre_oficial": "Alfredo Vásquez Cobo International Airport",
        "codigo_iata": "LET",
        "codigo_oaci": "SKLT",
        "pais": "Colombia",
        "provincia_estado_departamento": "Amazonas Department",
        "ciudad": "Leticia",
        "tipo": "internacional",
        "elevacion_m": 84,
        "longitud_pista_m": 1880,
        "entidad_operadora": null,
        "fuente": "Aerocivil Colombia - AIP: https://www.aerocivil.gov.co/proveedor_servicios/publicaciones/3572/aip-publicacion-de-informacion-aeronautica/ | OurAirports: https://davidmegginson.github.io/ourairports-data/airports.csv, https://davidmegginson.github.io/ourairports-data/runways.csv, https://davidmegginson.github.io/ourairports-data/regions.csv",
        "fuente_tipo": "referencia_oficial+fuente_secundaria_complementaria",
        "fuente_oficial": "https://www.aerocivil.gov.co/proveedor_servicios/publicaciones/3572/aip-publicacion-de-informacion-aeronautica/",
        "fuente_secundaria": "https://davidmegginson.github.io/ourairports-data/airports.csv",
        "nivel_fuente_oficial": "aip_oficial_localizado",
        "servicio_regular_fuente": "OurAirports scheduled_service=yes",
        "fecha_actualizacion_dato": "2026-08-04",
        "observaciones": "Inclusión basada en scheduled_service=yes y código IATA de OurAirports. La existencia, denominación y códigos deben contrastarse con la AIP vigente antes de uso operacional. Coordenadas, elevación y pista proceden de OurAirports; la pista principal es la mayor pista no cerrada registrada. Campos incompletos: entidad operadora no verificada en una fuente oficial abierta. Roles adicionales identificados de forma conservadora: función_internacional.",
        "roles_adicionales": [
          "función_internacional"
        ]
      }
    },
    {
      "type": "Feature",
      "id": "LMC",
      "geometry": {
        "type": "Point",
        "coordinates": [
          -73.78674,
          2.17565
        ]
      },
      "properties": {
        "clave_union": "LMC",
        "nombre_oficial": "La Macarena Airport",
        "codigo_iata": "LMC",
        "codigo_oaci": "SKNA",
        "pais": "Colombia",
        "provincia_estado_departamento": "Meta Department",
        "ciudad": "La Macarena",
        "tipo": "doméstico",
        "elevacion_m": 241,
        "longitud_pista_m": null,
        "entidad_operadora": null,
        "fuente": "Aerocivil Colombia - AIP: https://www.aerocivil.gov.co/proveedor_servicios/publicaciones/3572/aip-publicacion-de-informacion-aeronautica/ | OurAirports: https://davidmegginson.github.io/ourairports-data/airports.csv, https://davidmegginson.github.io/ourairports-data/runways.csv, https://davidmegginson.github.io/ourairports-data/regions.csv",
        "fuente_tipo": "referencia_oficial+fuente_secundaria_complementaria",
        "fuente_oficial": "https://www.aerocivil.gov.co/proveedor_servicios/publicaciones/3572/aip-publicacion-de-informacion-aeronautica/",
        "fuente_secundaria": "https://davidmegginson.github.io/ourairports-data/airports.csv",
        "nivel_fuente_oficial": "aip_oficial_localizado",
        "servicio_regular_fuente": "OurAirports scheduled_service=yes",
        "fecha_actualizacion_dato": "2026-08-04",
        "observaciones": "Inclusión basada en scheduled_service=yes y código IATA de OurAirports. La existencia, denominación y códigos deben contrastarse con la AIP vigente antes de uso operacional. Coordenadas, elevación y pista proceden de OurAirports; la pista principal es la mayor pista no cerrada registrada. Campos incompletos: longitud de pista principal no disponible; entidad operadora no verificada en una fuente oficial abierta.",
        "roles_adicionales": []
      }
    },
    {
      "type": "Feature",
      "id": "LPD",
      "geometry": {
        "type": "Point",
        "coordinates": [
          -69.581294,
          -1.324882
        ]
      },
      "properties": {
        "clave_union": "LPD",
        "nombre_oficial": "La Pedrera Airport",
        "codigo_iata": "LPD",
        "codigo_oaci": "SKLP",
        "pais": "Colombia",
        "provincia_estado_departamento": "Amazonas Department",
        "ciudad": "La Pedrera",
        "tipo": "doméstico",
        "elevacion_m": 180,
        "longitud_pista_m": 1720,
        "entidad_operadora": null,
        "fuente": "Aerocivil Colombia - AIP: https://www.aerocivil.gov.co/proveedor_servicios/publicaciones/3572/aip-publicacion-de-informacion-aeronautica/ | OurAirports: https://davidmegginson.github.io/ourairports-data/airports.csv, https://davidmegginson.github.io/ourairports-data/runways.csv, https://davidmegginson.github.io/ourairports-data/regions.csv",
        "fuente_tipo": "referencia_oficial+fuente_secundaria_complementaria",
        "fuente_oficial": "https://www.aerocivil.gov.co/proveedor_servicios/publicaciones/3572/aip-publicacion-de-informacion-aeronautica/",
        "fuente_secundaria": "https://davidmegginson.github.io/ourairports-data/airports.csv",
        "nivel_fuente_oficial": "aip_oficial_localizado",
        "servicio_regular_fuente": "OurAirports scheduled_service=yes",
        "fecha_actualizacion_dato": "2026-08-04",
        "observaciones": "Inclusión basada en scheduled_service=yes y código IATA de OurAirports. La existencia, denominación y códigos deben contrastarse con la AIP vigente antes de uso operacional. Coordenadas, elevación y pista proceden de OurAirports; la pista principal es la mayor pista no cerrada registrada. Campos incompletos: entidad operadora no verificada en una fuente oficial abierta.",
        "roles_adicionales": []
      }
    },
    {
      "type": "Feature",
      "id": "LQM",
      "geometry": {
        "type": "Point",
        "coordinates": [
          -74.7708,
          -0.182278
        ]
      },
      "properties": {
        "clave_union": "LQM",
        "nombre_oficial": "Caucaya Airport",
        "codigo_iata": "LQM",
        "codigo_oaci": "SKLG",
        "pais": "Colombia",
        "provincia_estado_departamento": "Putumayo Department",
        "ciudad": "Puerto Leguízamo",
        "tipo": "doméstico",
        "elevacion_m": 175,
        "longitud_pista_m": 1200,
        "entidad_operadora": null,
        "fuente": "Aerocivil Colombia - AIP: https://www.aerocivil.gov.co/proveedor_servicios/publicaciones/3572/aip-publicacion-de-informacion-aeronautica/ | OurAirports: https://davidmegginson.github.io/ourairports-data/airports.csv, https://davidmegginson.github.io/ourairports-data/runways.csv, https://davidmegginson.github.io/ourairports-data/regions.csv",
        "fuente_tipo": "referencia_oficial+fuente_secundaria_complementaria",
        "fuente_oficial": "https://www.aerocivil.gov.co/proveedor_servicios/publicaciones/3572/aip-publicacion-de-informacion-aeronautica/",
        "fuente_secundaria": "https://davidmegginson.github.io/ourairports-data/airports.csv",
        "nivel_fuente_oficial": "aip_oficial_localizado",
        "servicio_regular_fuente": "OurAirports scheduled_service=yes",
        "fecha_actualizacion_dato": "2026-08-04",
        "observaciones": "Inclusión basada en scheduled_service=yes y código IATA de OurAirports. La existencia, denominación y códigos deben contrastarse con la AIP vigente antes de uso operacional. Coordenadas, elevación y pista proceden de OurAirports; la pista principal es la mayor pista no cerrada registrada. Campos incompletos: entidad operadora no verificada en una fuente oficial abierta.",
        "roles_adicionales": []
      }
    },
    {
      "type": "Feature",
      "id": "MDE",
      "geometry": {
        "type": "Point",
        "coordinates": [
          -75.4231,
          6.16454
        ]
      },
      "properties": {
        "clave_union": "MDE",
        "nombre_oficial": "Jose Maria Córdova International Airport",
        "codigo_iata": "MDE",
        "codigo_oaci": "SKRG",
        "pais": "Colombia",
        "provincia_estado_departamento": "Antioquía Department",
        "ciudad": "Medellín",
        "tipo": "internacional",
        "elevacion_m": 2120,
        "longitud_pista_m": 3440,
        "entidad_operadora": null,
        "fuente": "Aerocivil Colombia - AIP: https://www.aerocivil.gov.co/proveedor_servicios/publicaciones/3572/aip-publicacion-de-informacion-aeronautica/ | OurAirports: https://davidmegginson.github.io/ourairports-data/airports.csv, https://davidmegginson.github.io/ourairports-data/runways.csv, https://davidmegginson.github.io/ourairports-data/regions.csv",
        "fuente_tipo": "referencia_oficial+fuente_secundaria_complementaria",
        "fuente_oficial": "https://www.aerocivil.gov.co/proveedor_servicios/publicaciones/3572/aip-publicacion-de-informacion-aeronautica/",
        "fuente_secundaria": "https://davidmegginson.github.io/ourairports-data/airports.csv",
        "nivel_fuente_oficial": "aip_oficial_localizado",
        "servicio_regular_fuente": "OurAirports scheduled_service=yes",
        "fecha_actualizacion_dato": "2026-08-04",
        "observaciones": "Inclusión basada en scheduled_service=yes y código IATA de OurAirports. La existencia, denominación y códigos deben contrastarse con la AIP vigente antes de uso operacional. Coordenadas, elevación y pista proceden de OurAirports; la pista principal es la mayor pista no cerrada registrada. Campos incompletos: entidad operadora no verificada en una fuente oficial abierta. Roles adicionales identificados de forma conservadora: función_internacional.",
        "roles_adicionales": [
          "función_internacional"
        ]
      }
    },
    {
      "type": "Feature",
      "id": "MTR",
      "geometry": {
        "type": "Point",
        "coordinates": [
          -75.8258,
          8.82374
        ]
      },
      "properties": {
        "clave_union": "MTR",
        "nombre_oficial": "Los Garzones Airport",
        "codigo_iata": "MTR",
        "codigo_oaci": "SKMR",
        "pais": "Colombia",
        "provincia_estado_departamento": "Córdoba Department",
        "ciudad": "Montería",
        "tipo": "doméstico",
        "elevacion_m": 12,
        "longitud_pista_m": 2298,
        "entidad_operadora": null,
        "fuente": "Aerocivil Colombia - AIP: https://www.aerocivil.gov.co/proveedor_servicios/publicaciones/3572/aip-publicacion-de-informacion-aeronautica/ | OurAirports: https://davidmegginson.github.io/ourairports-data/airports.csv, https://davidmegginson.github.io/ourairports-data/runways.csv, https://davidmegginson.github.io/ourairports-data/regions.csv",
        "fuente_tipo": "referencia_oficial+fuente_secundaria_complementaria",
        "fuente_oficial": "https://www.aerocivil.gov.co/proveedor_servicios/publicaciones/3572/aip-publicacion-de-informacion-aeronautica/",
        "fuente_secundaria": "https://davidmegginson.github.io/ourairports-data/airports.csv",
        "nivel_fuente_oficial": "aip_oficial_localizado",
        "servicio_regular_fuente": "OurAirports scheduled_service=yes",
        "fecha_actualizacion_dato": "2026-08-04",
        "observaciones": "Inclusión basada en scheduled_service=yes y código IATA de OurAirports. La existencia, denominación y códigos deben contrastarse con la AIP vigente antes de uso operacional. Coordenadas, elevación y pista proceden de OurAirports; la pista principal es la mayor pista no cerrada registrada. Campos incompletos: entidad operadora no verificada en una fuente oficial abierta.",
        "roles_adicionales": []
      }
    },
    {
      "type": "Feature",
      "id": "MVP",
      "geometry": {
        "type": "Point",
        "coordinates": [
          -70.2339,
          1.25366
        ]
      },
      "properties": {
        "clave_union": "MVP",
        "nombre_oficial": "Fabio Alberto Leon Bentley Airport",
        "codigo_iata": "MVP",
        "codigo_oaci": "SKMU",
        "pais": "Colombia",
        "provincia_estado_departamento": "Vaupés Department",
        "ciudad": "Mitú",
        "tipo": "doméstico",
        "elevacion_m": 207,
        "longitud_pista_m": 1795,
        "entidad_operadora": null,
        "fuente": "Aerocivil Colombia - AIP: https://www.aerocivil.gov.co/proveedor_servicios/publicaciones/3572/aip-publicacion-de-informacion-aeronautica/ | OurAirports: https://davidmegginson.github.io/ourairports-data/airports.csv, https://davidmegginson.github.io/ourairports-data/runways.csv, https://davidmegginson.github.io/ourairports-data/regions.csv",
        "fuente_tipo": "referencia_oficial+fuente_secundaria_complementaria",
        "fuente_oficial": "https://www.aerocivil.gov.co/proveedor_servicios/publicaciones/3572/aip-publicacion-de-informacion-aeronautica/",
        "fuente_secundaria": "https://davidmegginson.github.io/ourairports-data/airports.csv",
        "nivel_fuente_oficial": "aip_oficial_localizado",
        "servicio_regular_fuente": "OurAirports scheduled_service=yes",
        "fecha_actualizacion_dato": "2026-08-04",
        "observaciones": "Inclusión basada en scheduled_service=yes y código IATA de OurAirports. La existencia, denominación y códigos deben contrastarse con la AIP vigente antes de uso operacional. Coordenadas, elevación y pista proceden de OurAirports; la pista principal es la mayor pista no cerrada registrada. Campos incompletos: entidad operadora no verificada en una fuente oficial abierta.",
        "roles_adicionales": []
      }
    },
    {
      "type": "Feature",
      "id": "MZL",
      "geometry": {
        "type": "Point",
        "coordinates": [
          -75.4647,
          5.0296
        ]
      },
      "properties": {
        "clave_union": "MZL",
        "nombre_oficial": "La Nubia Airport",
        "codigo_iata": "MZL",
        "codigo_oaci": "SKMZ",
        "pais": "Colombia",
        "provincia_estado_departamento": "Caldas Department",
        "ciudad": "Manizales",
        "tipo": "doméstico",
        "elevacion_m": 2094,
        "longitud_pista_m": 1474,
        "entidad_operadora": null,
        "fuente": "Aerocivil Colombia - AIP: https://www.aerocivil.gov.co/proveedor_servicios/publicaciones/3572/aip-publicacion-de-informacion-aeronautica/ | OurAirports: https://davidmegginson.github.io/ourairports-data/airports.csv, https://davidmegginson.github.io/ourairports-data/runways.csv, https://davidmegginson.github.io/ourairports-data/regions.csv",
        "fuente_tipo": "referencia_oficial+fuente_secundaria_complementaria",
        "fuente_oficial": "https://www.aerocivil.gov.co/proveedor_servicios/publicaciones/3572/aip-publicacion-de-informacion-aeronautica/",
        "fuente_secundaria": "https://davidmegginson.github.io/ourairports-data/airports.csv",
        "nivel_fuente_oficial": "aip_oficial_localizado",
        "servicio_regular_fuente": "OurAirports scheduled_service=yes",
        "fecha_actualizacion_dato": "2026-08-04",
        "observaciones": "Inclusión basada en scheduled_service=yes y código IATA de OurAirports. La existencia, denominación y códigos deben contrastarse con la AIP vigente antes de uso operacional. Coordenadas, elevación y pista proceden de OurAirports; la pista principal es la mayor pista no cerrada registrada. Campos incompletos: entidad operadora no verificada en una fuente oficial abierta.",
        "roles_adicionales": []
      }
    },
    {
      "type": "Feature",
      "id": "NQU",
      "geometry": {
        "type": "Point",
        "coordinates": [
          -77.261868,
          5.710348
        ]
      },
      "properties": {
        "clave_union": "NQU",
        "nombre_oficial": "Reyes Murillo Airport",
        "codigo_iata": "NQU",
        "codigo_oaci": "SKNQ",
        "pais": "Colombia",
        "provincia_estado_departamento": "Chocó Department",
        "ciudad": "Nuquí",
        "tipo": "doméstico",
        "elevacion_m": 4,
        "longitud_pista_m": 1200,
        "entidad_operadora": null,
        "fuente": "Aerocivil Colombia - AIP: https://www.aerocivil.gov.co/proveedor_servicios/publicaciones/3572/aip-publicacion-de-informacion-aeronautica/ | OurAirports: https://davidmegginson.github.io/ourairports-data/airports.csv, https://davidmegginson.github.io/ourairports-data/runways.csv, https://davidmegginson.github.io/ourairports-data/regions.csv",
        "fuente_tipo": "referencia_oficial+fuente_secundaria_complementaria",
        "fuente_oficial": "https://www.aerocivil.gov.co/proveedor_servicios/publicaciones/3572/aip-publicacion-de-informacion-aeronautica/",
        "fuente_secundaria": "https://davidmegginson.github.io/ourairports-data/airports.csv",
        "nivel_fuente_oficial": "aip_oficial_localizado",
        "servicio_regular_fuente": "OurAirports scheduled_service=yes",
        "fecha_actualizacion_dato": "2026-08-04",
        "observaciones": "Inclusión basada en scheduled_service=yes y código IATA de OurAirports. La existencia, denominación y códigos deben contrastarse con la AIP vigente antes de uso operacional. Coordenadas, elevación y pista proceden de OurAirports; la pista principal es la mayor pista no cerrada registrada. Campos incompletos: entidad operadora no verificada en una fuente oficial abierta.",
        "roles_adicionales": []
      }
    },
    {
      "type": "Feature",
      "id": "NVA",
      "geometry": {
        "type": "Point",
        "coordinates": [
          -75.294,
          2.95015
        ]
      },
      "properties": {
        "clave_union": "NVA",
        "nombre_oficial": "Benito Salas Airport",
        "codigo_iata": "NVA",
        "codigo_oaci": "SKNV",
        "pais": "Colombia",
        "provincia_estado_departamento": "Huila Department",
        "ciudad": "Neiva",
        "tipo": "doméstico",
        "elevacion_m": 446,
        "longitud_pista_m": 1792,
        "entidad_operadora": null,
        "fuente": "Aerocivil Colombia - AIP: https://www.aerocivil.gov.co/proveedor_servicios/publicaciones/3572/aip-publicacion-de-informacion-aeronautica/ | OurAirports: https://davidmegginson.github.io/ourairports-data/airports.csv, https://davidmegginson.github.io/ourairports-data/runways.csv, https://davidmegginson.github.io/ourairports-data/regions.csv",
        "fuente_tipo": "referencia_oficial+fuente_secundaria_complementaria",
        "fuente_oficial": "https://www.aerocivil.gov.co/proveedor_servicios/publicaciones/3572/aip-publicacion-de-informacion-aeronautica/",
        "fuente_secundaria": "https://davidmegginson.github.io/ourairports-data/airports.csv",
        "nivel_fuente_oficial": "aip_oficial_localizado",
        "servicio_regular_fuente": "OurAirports scheduled_service=yes",
        "fecha_actualizacion_dato": "2026-08-04",
        "observaciones": "Inclusión basada en scheduled_service=yes y código IATA de OurAirports. La existencia, denominación y códigos deben contrastarse con la AIP vigente antes de uso operacional. Coordenadas, elevación y pista proceden de OurAirports; la pista principal es la mayor pista no cerrada registrada. Campos incompletos: entidad operadora no verificada en una fuente oficial abierta.",
        "roles_adicionales": []
      }
    },
    {
      "type": "Feature",
      "id": "PCR",
      "geometry": {
        "type": "Point",
        "coordinates": [
          -67.4932,
          6.18472
        ]
      },
      "properties": {
        "clave_union": "PCR",
        "nombre_oficial": "German Olano Airport",
        "codigo_iata": "PCR",
        "codigo_oaci": "SKPC",
        "pais": "Colombia",
        "provincia_estado_departamento": "Vichada Department",
        "ciudad": "Puerto Carreño",
        "tipo": "doméstico",
        "elevacion_m": 54,
        "longitud_pista_m": 1800,
        "entidad_operadora": null,
        "fuente": "Aerocivil Colombia - AIP: https://www.aerocivil.gov.co/proveedor_servicios/publicaciones/3572/aip-publicacion-de-informacion-aeronautica/ | OurAirports: https://davidmegginson.github.io/ourairports-data/airports.csv, https://davidmegginson.github.io/ourairports-data/runways.csv, https://davidmegginson.github.io/ourairports-data/regions.csv",
        "fuente_tipo": "referencia_oficial+fuente_secundaria_complementaria",
        "fuente_oficial": "https://www.aerocivil.gov.co/proveedor_servicios/publicaciones/3572/aip-publicacion-de-informacion-aeronautica/",
        "fuente_secundaria": "https://davidmegginson.github.io/ourairports-data/airports.csv",
        "nivel_fuente_oficial": "aip_oficial_localizado",
        "servicio_regular_fuente": "OurAirports scheduled_service=yes",
        "fecha_actualizacion_dato": "2026-08-04",
        "observaciones": "Inclusión basada en scheduled_service=yes y código IATA de OurAirports. La existencia, denominación y códigos deben contrastarse con la AIP vigente antes de uso operacional. Coordenadas, elevación y pista proceden de OurAirports; la pista principal es la mayor pista no cerrada registrada. Campos incompletos: entidad operadora no verificada en una fuente oficial abierta.",
        "roles_adicionales": []
      }
    },
    {
      "type": "Feature",
      "id": "PDA",
      "geometry": {
        "type": "Point",
        "coordinates": [
          -67.9062,
          3.85353
        ]
      },
      "properties": {
        "clave_union": "PDA",
        "nombre_oficial": "Obando Cesar Gaviria Trujillo Airport",
        "codigo_iata": "PDA",
        "codigo_oaci": "SKPD",
        "pais": "Colombia",
        "provincia_estado_departamento": "Guainía Department",
        "ciudad": "Puerto Inírida",
        "tipo": "doméstico",
        "elevacion_m": 140,
        "longitud_pista_m": 1801,
        "entidad_operadora": null,
        "fuente": "Aerocivil Colombia - AIP: https://www.aerocivil.gov.co/proveedor_servicios/publicaciones/3572/aip-publicacion-de-informacion-aeronautica/ | OurAirports: https://davidmegginson.github.io/ourairports-data/airports.csv, https://davidmegginson.github.io/ourairports-data/runways.csv, https://davidmegginson.github.io/ourairports-data/regions.csv",
        "fuente_tipo": "referencia_oficial+fuente_secundaria_complementaria",
        "fuente_oficial": "https://www.aerocivil.gov.co/proveedor_servicios/publicaciones/3572/aip-publicacion-de-informacion-aeronautica/",
        "fuente_secundaria": "https://davidmegginson.github.io/ourairports-data/airports.csv",
        "nivel_fuente_oficial": "aip_oficial_localizado",
        "servicio_regular_fuente": "OurAirports scheduled_service=yes",
        "fecha_actualizacion_dato": "2026-08-04",
        "observaciones": "Inclusión basada en scheduled_service=yes y código IATA de OurAirports. La existencia, denominación y códigos deben contrastarse con la AIP vigente antes de uso operacional. Coordenadas, elevación y pista proceden de OurAirports; la pista principal es la mayor pista no cerrada registrada. Campos incompletos: entidad operadora no verificada en una fuente oficial abierta.",
        "roles_adicionales": []
      }
    },
    {
      "type": "Feature",
      "id": "PEI",
      "geometry": {
        "type": "Point",
        "coordinates": [
          -75.7395,
          4.81267
        ]
      },
      "properties": {
        "clave_union": "PEI",
        "nombre_oficial": "Matecaña International Airport",
        "codigo_iata": "PEI",
        "codigo_oaci": "SKPE",
        "pais": "Colombia",
        "provincia_estado_departamento": "Risaralda Department",
        "ciudad": "Pereira",
        "tipo": "internacional",
        "elevacion_m": 1346,
        "longitud_pista_m": 2020,
        "entidad_operadora": null,
        "fuente": "Aerocivil Colombia - AIP: https://www.aerocivil.gov.co/proveedor_servicios/publicaciones/3572/aip-publicacion-de-informacion-aeronautica/ | OurAirports: https://davidmegginson.github.io/ourairports-data/airports.csv, https://davidmegginson.github.io/ourairports-data/runways.csv, https://davidmegginson.github.io/ourairports-data/regions.csv",
        "fuente_tipo": "referencia_oficial+fuente_secundaria_complementaria",
        "fuente_oficial": "https://www.aerocivil.gov.co/proveedor_servicios/publicaciones/3572/aip-publicacion-de-informacion-aeronautica/",
        "fuente_secundaria": "https://davidmegginson.github.io/ourairports-data/airports.csv",
        "nivel_fuente_oficial": "aip_oficial_localizado",
        "servicio_regular_fuente": "OurAirports scheduled_service=yes",
        "fecha_actualizacion_dato": "2026-08-04",
        "observaciones": "Inclusión basada en scheduled_service=yes y código IATA de OurAirports. La existencia, denominación y códigos deben contrastarse con la AIP vigente antes de uso operacional. Coordenadas, elevación y pista proceden de OurAirports; la pista principal es la mayor pista no cerrada registrada. Campos incompletos: entidad operadora no verificada en una fuente oficial abierta. Roles adicionales identificados de forma conservadora: función_internacional.",
        "roles_adicionales": [
          "función_internacional"
        ]
      }
    },
    {
      "type": "Feature",
      "id": "PPN",
      "geometry": {
        "type": "Point",
        "coordinates": [
          -76.609253,
          2.454359
        ]
      },
      "properties": {
        "clave_union": "PPN",
        "nombre_oficial": "Guillermo León Valencia Airport",
        "codigo_iata": "PPN",
        "codigo_oaci": "SKPP",
        "pais": "Colombia",
        "provincia_estado_departamento": "Cauca Department",
        "ciudad": "Popayán",
        "tipo": "doméstico",
        "elevacion_m": 1733,
        "longitud_pista_m": 1910,
        "entidad_operadora": null,
        "fuente": "Aerocivil Colombia - AIP: https://www.aerocivil.gov.co/proveedor_servicios/publicaciones/3572/aip-publicacion-de-informacion-aeronautica/ | OurAirports: https://davidmegginson.github.io/ourairports-data/airports.csv, https://davidmegginson.github.io/ourairports-data/runways.csv, https://davidmegginson.github.io/ourairports-data/regions.csv",
        "fuente_tipo": "referencia_oficial+fuente_secundaria_complementaria",
        "fuente_oficial": "https://www.aerocivil.gov.co/proveedor_servicios/publicaciones/3572/aip-publicacion-de-informacion-aeronautica/",
        "fuente_secundaria": "https://davidmegginson.github.io/ourairports-data/airports.csv",
        "nivel_fuente_oficial": "aip_oficial_localizado",
        "servicio_regular_fuente": "OurAirports scheduled_service=yes",
        "fecha_actualizacion_dato": "2026-08-04",
        "observaciones": "Inclusión basada en scheduled_service=yes y código IATA de OurAirports. La existencia, denominación y códigos deben contrastarse con la AIP vigente antes de uso operacional. Coordenadas, elevación y pista proceden de OurAirports; la pista principal es la mayor pista no cerrada registrada. Campos incompletos: entidad operadora no verificada en una fuente oficial abierta.",
        "roles_adicionales": []
      }
    },
    {
      "type": "Feature",
      "id": "PSO",
      "geometry": {
        "type": "Point",
        "coordinates": [
          -77.29093,
          1.396722
        ]
      },
      "properties": {
        "clave_union": "PSO",
        "nombre_oficial": "Antonio Nariño Airport",
        "codigo_iata": "PSO",
        "codigo_oaci": "SKPS",
        "pais": "Colombia",
        "provincia_estado_departamento": "Nariño Department",
        "ciudad": "Chachagüí",
        "tipo": "doméstico",
        "elevacion_m": 1814,
        "longitud_pista_m": 2312,
        "entidad_operadora": null,
        "fuente": "Aerocivil Colombia - AIP: https://www.aerocivil.gov.co/proveedor_servicios/publicaciones/3572/aip-publicacion-de-informacion-aeronautica/ | OurAirports: https://davidmegginson.github.io/ourairports-data/airports.csv, https://davidmegginson.github.io/ourairports-data/runways.csv, https://davidmegginson.github.io/ourairports-data/regions.csv",
        "fuente_tipo": "referencia_oficial+fuente_secundaria_complementaria",
        "fuente_oficial": "https://www.aerocivil.gov.co/proveedor_servicios/publicaciones/3572/aip-publicacion-de-informacion-aeronautica/",
        "fuente_secundaria": "https://davidmegginson.github.io/ourairports-data/airports.csv",
        "nivel_fuente_oficial": "aip_oficial_localizado",
        "servicio_regular_fuente": "OurAirports scheduled_service=yes",
        "fecha_actualizacion_dato": "2026-08-04",
        "observaciones": "Inclusión basada en scheduled_service=yes y código IATA de OurAirports. La existencia, denominación y códigos deben contrastarse con la AIP vigente antes de uso operacional. Coordenadas, elevación y pista proceden de OurAirports; la pista principal es la mayor pista no cerrada registrada. Campos incompletos: entidad operadora no verificada en una fuente oficial abierta.",
        "roles_adicionales": []
      }
    },
    {
      "type": "Feature",
      "id": "PUU",
      "geometry": {
        "type": "Point",
        "coordinates": [
          -76.5008,
          0.505228
        ]
      },
      "properties": {
        "clave_union": "PUU",
        "nombre_oficial": "Tres De Mayo Airport",
        "codigo_iata": "PUU",
        "codigo_oaci": "SKAS",
        "pais": "Colombia",
        "provincia_estado_departamento": "Putumayo Department",
        "ciudad": "Puerto Asís",
        "tipo": "doméstico",
        "elevacion_m": 248,
        "longitud_pista_m": 1625,
        "entidad_operadora": null,
        "fuente": "Aerocivil Colombia - AIP: https://www.aerocivil.gov.co/proveedor_servicios/publicaciones/3572/aip-publicacion-de-informacion-aeronautica/ | OurAirports: https://davidmegginson.github.io/ourairports-data/airports.csv, https://davidmegginson.github.io/ourairports-data/runways.csv, https://davidmegginson.github.io/ourairports-data/regions.csv",
        "fuente_tipo": "referencia_oficial+fuente_secundaria_complementaria",
        "fuente_oficial": "https://www.aerocivil.gov.co/proveedor_servicios/publicaciones/3572/aip-publicacion-de-informacion-aeronautica/",
        "fuente_secundaria": "https://davidmegginson.github.io/ourairports-data/airports.csv",
        "nivel_fuente_oficial": "aip_oficial_localizado",
        "servicio_regular_fuente": "OurAirports scheduled_service=yes",
        "fecha_actualizacion_dato": "2026-08-04",
        "observaciones": "Inclusión basada en scheduled_service=yes y código IATA de OurAirports. La existencia, denominación y códigos deben contrastarse con la AIP vigente antes de uso operacional. Coordenadas, elevación y pista proceden de OurAirports; la pista principal es la mayor pista no cerrada registrada. Campos incompletos: entidad operadora no verificada en una fuente oficial abierta.",
        "roles_adicionales": []
      }
    },
    {
      "type": "Feature",
      "id": "PVA",
      "geometry": {
        "type": "Point",
        "coordinates": [
          -81.357977,
          13.357461
        ]
      },
      "properties": {
        "clave_union": "PVA",
        "nombre_oficial": "El Embrujo Airport",
        "codigo_iata": "PVA",
        "codigo_oaci": "SKPV",
        "pais": "Colombia",
        "provincia_estado_departamento": "San Andrés, Providencia y Santa Catalina Department",
        "ciudad": "Providencia",
        "tipo": "doméstico",
        "elevacion_m": 3,
        "longitud_pista_m": 1168,
        "entidad_operadora": null,
        "fuente": "Aerocivil Colombia - AIP: https://www.aerocivil.gov.co/proveedor_servicios/publicaciones/3572/aip-publicacion-de-informacion-aeronautica/ | OurAirports: https://davidmegginson.github.io/ourairports-data/airports.csv, https://davidmegginson.github.io/ourairports-data/runways.csv, https://davidmegginson.github.io/ourairports-data/regions.csv",
        "fuente_tipo": "referencia_oficial+fuente_secundaria_complementaria",
        "fuente_oficial": "https://www.aerocivil.gov.co/proveedor_servicios/publicaciones/3572/aip-publicacion-de-informacion-aeronautica/",
        "fuente_secundaria": "https://davidmegginson.github.io/ourairports-data/airports.csv",
        "nivel_fuente_oficial": "aip_oficial_localizado",
        "servicio_regular_fuente": "OurAirports scheduled_service=yes",
        "fecha_actualizacion_dato": "2026-08-04",
        "observaciones": "Inclusión basada en scheduled_service=yes y código IATA de OurAirports. La existencia, denominación y códigos deben contrastarse con la AIP vigente antes de uso operacional. Coordenadas, elevación y pista proceden de OurAirports; la pista principal es la mayor pista no cerrada registrada. Campos incompletos: entidad operadora no verificada en una fuente oficial abierta.",
        "roles_adicionales": []
      }
    },
    {
      "type": "Feature",
      "id": "RCH",
      "geometry": {
        "type": "Point",
        "coordinates": [
          -72.926,
          11.5262
        ]
      },
      "properties": {
        "clave_union": "RCH",
        "nombre_oficial": "Almirante Padilla Airport",
        "codigo_iata": "RCH",
        "codigo_oaci": "SKRH",
        "pais": "Colombia",
        "provincia_estado_departamento": "La Guajira Department",
        "ciudad": "Riohacha",
        "tipo": "internacional",
        "elevacion_m": 13,
        "longitud_pista_m": 1650,
        "entidad_operadora": null,
        "fuente": "Aerocivil Colombia - AIP: https://www.aerocivil.gov.co/proveedor_servicios/publicaciones/3572/aip-publicacion-de-informacion-aeronautica/ | OurAirports: https://davidmegginson.github.io/ourairports-data/airports.csv, https://davidmegginson.github.io/ourairports-data/runways.csv, https://davidmegginson.github.io/ourairports-data/regions.csv",
        "fuente_tipo": "referencia_oficial+fuente_secundaria_complementaria",
        "fuente_oficial": "https://www.aerocivil.gov.co/proveedor_servicios/publicaciones/3572/aip-publicacion-de-informacion-aeronautica/",
        "fuente_secundaria": "https://davidmegginson.github.io/ourairports-data/airports.csv",
        "nivel_fuente_oficial": "aip_oficial_localizado",
        "servicio_regular_fuente": "OurAirports scheduled_service=yes",
        "fecha_actualizacion_dato": "2026-08-04",
        "observaciones": "Inclusión basada en scheduled_service=yes y código IATA de OurAirports. La existencia, denominación y códigos deben contrastarse con la AIP vigente antes de uso operacional. Coordenadas, elevación y pista proceden de OurAirports; la pista principal es la mayor pista no cerrada registrada. Campos incompletos: entidad operadora no verificada en una fuente oficial abierta. Roles adicionales identificados de forma conservadora: función_internacional.",
        "roles_adicionales": [
          "función_internacional"
        ]
      }
    },
    {
      "type": "Feature",
      "id": "RVE",
      "geometry": {
        "type": "Point",
        "coordinates": [
          -71.857179,
          6.951868
        ]
      },
      "properties": {
        "clave_union": "RVE",
        "nombre_oficial": "Los Colonizadores Airport",
        "codigo_iata": "RVE",
        "codigo_oaci": "SKSA",
        "pais": "Colombia",
        "provincia_estado_departamento": "Arauca Department",
        "ciudad": "Saravena",
        "tipo": "doméstico",
        "elevacion_m": 207,
        "longitud_pista_m": 1200,
        "entidad_operadora": null,
        "fuente": "Aerocivil Colombia - AIP: https://www.aerocivil.gov.co/proveedor_servicios/publicaciones/3572/aip-publicacion-de-informacion-aeronautica/ | OurAirports: https://davidmegginson.github.io/ourairports-data/airports.csv, https://davidmegginson.github.io/ourairports-data/runways.csv, https://davidmegginson.github.io/ourairports-data/regions.csv",
        "fuente_tipo": "referencia_oficial+fuente_secundaria_complementaria",
        "fuente_oficial": "https://www.aerocivil.gov.co/proveedor_servicios/publicaciones/3572/aip-publicacion-de-informacion-aeronautica/",
        "fuente_secundaria": "https://davidmegginson.github.io/ourairports-data/airports.csv",
        "nivel_fuente_oficial": "aip_oficial_localizado",
        "servicio_regular_fuente": "OurAirports scheduled_service=yes",
        "fecha_actualizacion_dato": "2026-08-04",
        "observaciones": "Inclusión basada en scheduled_service=yes y código IATA de OurAirports. La existencia, denominación y códigos deben contrastarse con la AIP vigente antes de uso operacional. Coordenadas, elevación y pista proceden de OurAirports; la pista principal es la mayor pista no cerrada registrada. Campos incompletos: entidad operadora no verificada en una fuente oficial abierta.",
        "roles_adicionales": []
      }
    },
    {
      "type": "Feature",
      "id": "SJE",
      "geometry": {
        "type": "Point",
        "coordinates": [
          -72.6394,
          2.57969
        ]
      },
      "properties": {
        "clave_union": "SJE",
        "nombre_oficial": "Jorge E. Gonzalez Torres Airport",
        "codigo_iata": "SJE",
        "codigo_oaci": "SKSJ",
        "pais": "Colombia",
        "provincia_estado_departamento": "Guaviare Department",
        "ciudad": "San José Del Guaviare",
        "tipo": "doméstico",
        "elevacion_m": 184,
        "longitud_pista_m": 1493,
        "entidad_operadora": null,
        "fuente": "Aerocivil Colombia - AIP: https://www.aerocivil.gov.co/proveedor_servicios/publicaciones/3572/aip-publicacion-de-informacion-aeronautica/ | OurAirports: https://davidmegginson.github.io/ourairports-data/airports.csv, https://davidmegginson.github.io/ourairports-data/runways.csv, https://davidmegginson.github.io/ourairports-data/regions.csv",
        "fuente_tipo": "referencia_oficial+fuente_secundaria_complementaria",
        "fuente_oficial": "https://www.aerocivil.gov.co/proveedor_servicios/publicaciones/3572/aip-publicacion-de-informacion-aeronautica/",
        "fuente_secundaria": "https://davidmegginson.github.io/ourairports-data/airports.csv",
        "nivel_fuente_oficial": "aip_oficial_localizado",
        "servicio_regular_fuente": "OurAirports scheduled_service=yes",
        "fecha_actualizacion_dato": "2026-08-04",
        "observaciones": "Inclusión basada en scheduled_service=yes y código IATA de OurAirports. La existencia, denominación y códigos deben contrastarse con la AIP vigente antes de uso operacional. Coordenadas, elevación y pista proceden de OurAirports; la pista principal es la mayor pista no cerrada registrada. Campos incompletos: entidad operadora no verificada en una fuente oficial abierta.",
        "roles_adicionales": []
      }
    },
    {
      "type": "Feature",
      "id": "SMR",
      "geometry": {
        "type": "Point",
        "coordinates": [
          -74.2306,
          11.1196
        ]
      },
      "properties": {
        "clave_union": "SMR",
        "nombre_oficial": "Simón Bolívar International Airport",
        "codigo_iata": "SMR",
        "codigo_oaci": "SKSM",
        "pais": "Colombia",
        "provincia_estado_departamento": "Magdalena Department",
        "ciudad": "Santa Marta",
        "tipo": "internacional",
        "elevacion_m": 7,
        "longitud_pista_m": 1700,
        "entidad_operadora": null,
        "fuente": "Aerocivil Colombia - AIP: https://www.aerocivil.gov.co/proveedor_servicios/publicaciones/3572/aip-publicacion-de-informacion-aeronautica/ | OurAirports: https://davidmegginson.github.io/ourairports-data/airports.csv, https://davidmegginson.github.io/ourairports-data/runways.csv, https://davidmegginson.github.io/ourairports-data/regions.csv",
        "fuente_tipo": "referencia_oficial+fuente_secundaria_complementaria",
        "fuente_oficial": "https://www.aerocivil.gov.co/proveedor_servicios/publicaciones/3572/aip-publicacion-de-informacion-aeronautica/",
        "fuente_secundaria": "https://davidmegginson.github.io/ourairports-data/airports.csv",
        "nivel_fuente_oficial": "aip_oficial_localizado",
        "servicio_regular_fuente": "OurAirports scheduled_service=yes",
        "fecha_actualizacion_dato": "2026-08-04",
        "observaciones": "Inclusión basada en scheduled_service=yes y código IATA de OurAirports. La existencia, denominación y códigos deben contrastarse con la AIP vigente antes de uso operacional. Coordenadas, elevación y pista proceden de OurAirports; la pista principal es la mayor pista no cerrada registrada. Campos incompletos: entidad operadora no verificada en una fuente oficial abierta. Roles adicionales identificados de forma conservadora: función_internacional.",
        "roles_adicionales": [
          "función_internacional"
        ]
      }
    },
    {
      "type": "Feature",
      "id": "SVI",
      "geometry": {
        "type": "Point",
        "coordinates": [
          -74.7663,
          2.15217
        ]
      },
      "properties": {
        "clave_union": "SVI",
        "nombre_oficial": "Eduardo Falla Solano Airport",
        "codigo_iata": "SVI",
        "codigo_oaci": "SKSV",
        "pais": "Colombia",
        "provincia_estado_departamento": "Caquetá Department",
        "ciudad": "San Vicente Del Caguán",
        "tipo": "doméstico",
        "elevacion_m": 280,
        "longitud_pista_m": 1500,
        "entidad_operadora": null,
        "fuente": "Aerocivil Colombia - AIP: https://www.aerocivil.gov.co/proveedor_servicios/publicaciones/3572/aip-publicacion-de-informacion-aeronautica/ | OurAirports: https://davidmegginson.github.io/ourairports-data/airports.csv, https://davidmegginson.github.io/ourairports-data/runways.csv, https://davidmegginson.github.io/ourairports-data/regions.csv",
        "fuente_tipo": "referencia_oficial+fuente_secundaria_complementaria",
        "fuente_oficial": "https://www.aerocivil.gov.co/proveedor_servicios/publicaciones/3572/aip-publicacion-de-informacion-aeronautica/",
        "fuente_secundaria": "https://davidmegginson.github.io/ourairports-data/airports.csv",
        "nivel_fuente_oficial": "aip_oficial_localizado",
        "servicio_regular_fuente": "OurAirports scheduled_service=yes",
        "fecha_actualizacion_dato": "2026-08-04",
        "observaciones": "Inclusión basada en scheduled_service=yes y código IATA de OurAirports. La existencia, denominación y códigos deben contrastarse con la AIP vigente antes de uso operacional. Coordenadas, elevación y pista proceden de OurAirports; la pista principal es la mayor pista no cerrada registrada. Campos incompletos: entidad operadora no verificada en una fuente oficial abierta.",
        "roles_adicionales": []
      }
    },
    {
      "type": "Feature",
      "id": "TCD",
      "geometry": {
        "type": "Point",
        "coordinates": [
          -69.749762,
          -2.895802
        ]
      },
      "properties": {
        "clave_union": "TCD",
        "nombre_oficial": "Tarapacá Airport",
        "codigo_iata": "TCD",
        "codigo_oaci": "SKRA",
        "pais": "Colombia",
        "provincia_estado_departamento": "Amazonas Department",
        "ciudad": "Tarapacá",
        "tipo": "doméstico",
        "elevacion_m": 77,
        "longitud_pista_m": 1075,
        "entidad_operadora": null,
        "fuente": "Aerocivil Colombia - AIP: https://www.aerocivil.gov.co/proveedor_servicios/publicaciones/3572/aip-publicacion-de-informacion-aeronautica/ | OurAirports: https://davidmegginson.github.io/ourairports-data/airports.csv, https://davidmegginson.github.io/ourairports-data/runways.csv, https://davidmegginson.github.io/ourairports-data/regions.csv",
        "fuente_tipo": "referencia_oficial+fuente_secundaria_complementaria",
        "fuente_oficial": "https://www.aerocivil.gov.co/proveedor_servicios/publicaciones/3572/aip-publicacion-de-informacion-aeronautica/",
        "fuente_secundaria": "https://davidmegginson.github.io/ourairports-data/airports.csv",
        "nivel_fuente_oficial": "aip_oficial_localizado",
        "servicio_regular_fuente": "OurAirports scheduled_service=yes",
        "fecha_actualizacion_dato": "2026-08-04",
        "observaciones": "Inclusión basada en scheduled_service=yes y código IATA de OurAirports. La existencia, denominación y códigos deben contrastarse con la AIP vigente antes de uso operacional. Coordenadas, elevación y pista proceden de OurAirports; la pista principal es la mayor pista no cerrada registrada. Campos incompletos: entidad operadora no verificada en una fuente oficial abierta.",
        "roles_adicionales": []
      }
    },
    {
      "type": "Feature",
      "id": "TCO",
      "geometry": {
        "type": "Point",
        "coordinates": [
          -78.7492,
          1.81442
        ]
      },
      "properties": {
        "clave_union": "TCO",
        "nombre_oficial": "La Florida Airport",
        "codigo_iata": "TCO",
        "codigo_oaci": "SKCO",
        "pais": "Colombia",
        "provincia_estado_departamento": "Nariño Department",
        "ciudad": "Tumaco",
        "tipo": "doméstico",
        "elevacion_m": 2,
        "longitud_pista_m": 1600,
        "entidad_operadora": null,
        "fuente": "Aerocivil Colombia - AIP: https://www.aerocivil.gov.co/proveedor_servicios/publicaciones/3572/aip-publicacion-de-informacion-aeronautica/ | OurAirports: https://davidmegginson.github.io/ourairports-data/airports.csv, https://davidmegginson.github.io/ourairports-data/runways.csv, https://davidmegginson.github.io/ourairports-data/regions.csv",
        "fuente_tipo": "referencia_oficial+fuente_secundaria_complementaria",
        "fuente_oficial": "https://www.aerocivil.gov.co/proveedor_servicios/publicaciones/3572/aip-publicacion-de-informacion-aeronautica/",
        "fuente_secundaria": "https://davidmegginson.github.io/ourairports-data/airports.csv",
        "nivel_fuente_oficial": "aip_oficial_localizado",
        "servicio_regular_fuente": "OurAirports scheduled_service=yes",
        "fecha_actualizacion_dato": "2026-08-04",
        "observaciones": "Inclusión basada en scheduled_service=yes y código IATA de OurAirports. La existencia, denominación y códigos deben contrastarse con la AIP vigente antes de uso operacional. Coordenadas, elevación y pista proceden de OurAirports; la pista principal es la mayor pista no cerrada registrada. Campos incompletos: entidad operadora no verificada en una fuente oficial abierta.",
        "roles_adicionales": []
      }
    },
    {
      "type": "Feature",
      "id": "TLU",
      "geometry": {
        "type": "Point",
        "coordinates": [
          -75.5854,
          9.50945
        ]
      },
      "properties": {
        "clave_union": "TLU",
        "nombre_oficial": "Golfo de Morrosquillo Airport",
        "codigo_iata": "TLU",
        "codigo_oaci": "SKTL",
        "pais": "Colombia",
        "provincia_estado_departamento": "Sucre Department",
        "ciudad": "Santiago de Tolú",
        "tipo": "doméstico",
        "elevacion_m": 5,
        "longitud_pista_m": 1350,
        "entidad_operadora": null,
        "fuente": "Aerocivil Colombia - AIP: https://www.aerocivil.gov.co/proveedor_servicios/publicaciones/3572/aip-publicacion-de-informacion-aeronautica/ | OurAirports: https://davidmegginson.github.io/ourairports-data/airports.csv, https://davidmegginson.github.io/ourairports-data/runways.csv, https://davidmegginson.github.io/ourairports-data/regions.csv",
        "fuente_tipo": "referencia_oficial+fuente_secundaria_complementaria",
        "fuente_oficial": "https://www.aerocivil.gov.co/proveedor_servicios/publicaciones/3572/aip-publicacion-de-informacion-aeronautica/",
        "fuente_secundaria": "https://davidmegginson.github.io/ourairports-data/airports.csv",
        "nivel_fuente_oficial": "aip_oficial_localizado",
        "servicio_regular_fuente": "OurAirports scheduled_service=yes",
        "fecha_actualizacion_dato": "2026-08-04",
        "observaciones": "Inclusión basada en scheduled_service=yes y código IATA de OurAirports. La existencia, denominación y códigos deben contrastarse con la AIP vigente antes de uso operacional. Coordenadas, elevación y pista proceden de OurAirports; la pista principal es la mayor pista no cerrada registrada. Campos incompletos: entidad operadora no verificada en una fuente oficial abierta.",
        "roles_adicionales": []
      }
    },
    {
      "type": "Feature",
      "id": "TME",
      "geometry": {
        "type": "Point",
        "coordinates": [
          -71.7603,
          6.45108
        ]
      },
      "properties": {
        "clave_union": "TME",
        "nombre_oficial": "Gustavo Vargas Airport",
        "codigo_iata": "TME",
        "codigo_oaci": "SKTM",
        "pais": "Colombia",
        "provincia_estado_departamento": "Arauca Department",
        "ciudad": "Tame",
        "tipo": "doméstico",
        "elevacion_m": 320,
        "longitud_pista_m": 2000,
        "entidad_operadora": null,
        "fuente": "Aerocivil Colombia - AIP: https://www.aerocivil.gov.co/proveedor_servicios/publicaciones/3572/aip-publicacion-de-informacion-aeronautica/ | OurAirports: https://davidmegginson.github.io/ourairports-data/airports.csv, https://davidmegginson.github.io/ourairports-data/runways.csv, https://davidmegginson.github.io/ourairports-data/regions.csv",
        "fuente_tipo": "referencia_oficial+fuente_secundaria_complementaria",
        "fuente_oficial": "https://www.aerocivil.gov.co/proveedor_servicios/publicaciones/3572/aip-publicacion-de-informacion-aeronautica/",
        "fuente_secundaria": "https://davidmegginson.github.io/ourairports-data/airports.csv",
        "nivel_fuente_oficial": "aip_oficial_localizado",
        "servicio_regular_fuente": "OurAirports scheduled_service=yes",
        "fecha_actualizacion_dato": "2026-08-04",
        "observaciones": "Inclusión basada en scheduled_service=yes y código IATA de OurAirports. La existencia, denominación y códigos deben contrastarse con la AIP vigente antes de uso operacional. Coordenadas, elevación y pista proceden de OurAirports; la pista principal es la mayor pista no cerrada registrada. Campos incompletos: entidad operadora no verificada en una fuente oficial abierta.",
        "roles_adicionales": []
      }
    },
    {
      "type": "Feature",
      "id": "UIB",
      "geometry": {
        "type": "Point",
        "coordinates": [
          -76.6412,
          5.69076
        ]
      },
      "properties": {
        "clave_union": "UIB",
        "nombre_oficial": "El Caraño Airport",
        "codigo_iata": "UIB",
        "codigo_oaci": "SKUI",
        "pais": "Colombia",
        "provincia_estado_departamento": "Chocó Department",
        "ciudad": "Quibdó",
        "tipo": "doméstico",
        "elevacion_m": 62,
        "longitud_pista_m": 1400,
        "entidad_operadora": null,
        "fuente": "Aerocivil Colombia - AIP: https://www.aerocivil.gov.co/proveedor_servicios/publicaciones/3572/aip-publicacion-de-informacion-aeronautica/ | OurAirports: https://davidmegginson.github.io/ourairports-data/airports.csv, https://davidmegginson.github.io/ourairports-data/runways.csv, https://davidmegginson.github.io/ourairports-data/regions.csv",
        "fuente_tipo": "referencia_oficial+fuente_secundaria_complementaria",
        "fuente_oficial": "https://www.aerocivil.gov.co/proveedor_servicios/publicaciones/3572/aip-publicacion-de-informacion-aeronautica/",
        "fuente_secundaria": "https://davidmegginson.github.io/ourairports-data/airports.csv",
        "nivel_fuente_oficial": "aip_oficial_localizado",
        "servicio_regular_fuente": "OurAirports scheduled_service=yes",
        "fecha_actualizacion_dato": "2026-08-04",
        "observaciones": "Inclusión basada en scheduled_service=yes y código IATA de OurAirports. La existencia, denominación y códigos deben contrastarse con la AIP vigente antes de uso operacional. Coordenadas, elevación y pista proceden de OurAirports; la pista principal es la mayor pista no cerrada registrada. Campos incompletos: entidad operadora no verificada en una fuente oficial abierta.",
        "roles_adicionales": []
      }
    },
    {
      "type": "Feature",
      "id": "VUP",
      "geometry": {
        "type": "Point",
        "coordinates": [
          -73.2495,
          10.435
        ]
      },
      "properties": {
        "clave_union": "VUP",
        "nombre_oficial": "Alfonso López Pumarejo Airport",
        "codigo_iata": "VUP",
        "codigo_oaci": "SKVP",
        "pais": "Colombia",
        "provincia_estado_departamento": "César Department",
        "ciudad": "Valledupar",
        "tipo": "doméstico",
        "elevacion_m": 147,
        "longitud_pista_m": 2100,
        "entidad_operadora": null,
        "fuente": "Aerocivil Colombia - AIP: https://www.aerocivil.gov.co/proveedor_servicios/publicaciones/3572/aip-publicacion-de-informacion-aeronautica/ | OurAirports: https://davidmegginson.github.io/ourairports-data/airports.csv, https://davidmegginson.github.io/ourairports-data/runways.csv, https://davidmegginson.github.io/ourairports-data/regions.csv",
        "fuente_tipo": "referencia_oficial+fuente_secundaria_complementaria",
        "fuente_oficial": "https://www.aerocivil.gov.co/proveedor_servicios/publicaciones/3572/aip-publicacion-de-informacion-aeronautica/",
        "fuente_secundaria": "https://davidmegginson.github.io/ourairports-data/airports.csv",
        "nivel_fuente_oficial": "aip_oficial_localizado",
        "servicio_regular_fuente": "OurAirports scheduled_service=yes",
        "fecha_actualizacion_dato": "2026-08-04",
        "observaciones": "Inclusión basada en scheduled_service=yes y código IATA de OurAirports. La existencia, denominación y códigos deben contrastarse con la AIP vigente antes de uso operacional. Coordenadas, elevación y pista proceden de OurAirports; la pista principal es la mayor pista no cerrada registrada. Campos incompletos: entidad operadora no verificada en una fuente oficial abierta.",
        "roles_adicionales": []
      }
    },
    {
      "type": "Feature",
      "id": "VVC",
      "geometry": {
        "type": "Point",
        "coordinates": [
          -73.6138,
          4.16787
        ]
      },
      "properties": {
        "clave_union": "VVC",
        "nombre_oficial": "Vanguardia Airport",
        "codigo_iata": "VVC",
        "codigo_oaci": "SKVV",
        "pais": "Colombia",
        "provincia_estado_departamento": "Meta Department",
        "ciudad": "Villavicencio",
        "tipo": "doméstico",
        "elevacion_m": 425,
        "longitud_pista_m": 1712,
        "entidad_operadora": null,
        "fuente": "Aerocivil Colombia - AIP: https://www.aerocivil.gov.co/proveedor_servicios/publicaciones/3572/aip-publicacion-de-informacion-aeronautica/ | OurAirports: https://davidmegginson.github.io/ourairports-data/airports.csv, https://davidmegginson.github.io/ourairports-data/runways.csv, https://davidmegginson.github.io/ourairports-data/regions.csv",
        "fuente_tipo": "referencia_oficial+fuente_secundaria_complementaria",
        "fuente_oficial": "https://www.aerocivil.gov.co/proveedor_servicios/publicaciones/3572/aip-publicacion-de-informacion-aeronautica/",
        "fuente_secundaria": "https://davidmegginson.github.io/ourairports-data/airports.csv",
        "nivel_fuente_oficial": "aip_oficial_localizado",
        "servicio_regular_fuente": "OurAirports scheduled_service=yes",
        "fecha_actualizacion_dato": "2026-08-04",
        "observaciones": "Inclusión basada en scheduled_service=yes y código IATA de OurAirports. La existencia, denominación y códigos deben contrastarse con la AIP vigente antes de uso operacional. Coordenadas, elevación y pista proceden de OurAirports; la pista principal es la mayor pista no cerrada registrada. Campos incompletos: entidad operadora no verificada en una fuente oficial abierta.",
        "roles_adicionales": []
      }
    },
    {
      "type": "Feature",
      "id": "CUE",
      "geometry": {
        "type": "Point",
        "coordinates": [
          -78.984398,
          -2.88947
        ]
      },
      "properties": {
        "clave_union": "CUE",
        "nombre_oficial": "Mariscal Lamar Airport",
        "codigo_iata": "CUE",
        "codigo_oaci": "SECU",
        "pais": "Ecuador",
        "provincia_estado_departamento": "Azuay Province",
        "ciudad": "Cuenca",
        "tipo": "internacional",
        "elevacion_m": 2532,
        "longitud_pista_m": 1900,
        "entidad_operadora": null,
        "fuente": "DGAC Ecuador - IFIS / AIP Ecuador: https://www.ais.aviacioncivil.gob.ec/ifis3/aip/AIP | OurAirports: https://davidmegginson.github.io/ourairports-data/airports.csv, https://davidmegginson.github.io/ourairports-data/runways.csv, https://davidmegginson.github.io/ourairports-data/regions.csv",
        "fuente_tipo": "referencia_oficial+fuente_secundaria_complementaria",
        "fuente_oficial": "https://www.ais.aviacioncivil.gob.ec/ifis3/aip/AIP",
        "fuente_secundaria": "https://davidmegginson.github.io/ourairports-data/airports.csv",
        "nivel_fuente_oficial": "aip_oficial_localizado",
        "servicio_regular_fuente": "OurAirports scheduled_service=yes",
        "fecha_actualizacion_dato": "2026-08-04",
        "observaciones": "Inclusión basada en scheduled_service=yes y código IATA de OurAirports. La existencia, denominación y códigos deben contrastarse con la AIP vigente antes de uso operacional. Coordenadas, elevación y pista proceden de OurAirports; la pista principal es la mayor pista no cerrada registrada. Campos incompletos: entidad operadora no verificada en una fuente oficial abierta. Roles adicionales identificados de forma conservadora: función_internacional.",
        "roles_adicionales": [
          "función_internacional"
        ]
      }
    },
    {
      "type": "Feature",
      "id": "ESM",
      "geometry": {
        "type": "Point",
        "coordinates": [
          -79.626602,
          0.978519
        ]
      },
      "properties": {
        "clave_union": "ESM",
        "nombre_oficial": "Carlos Concha Torres International Airport",
        "codigo_iata": "ESM",
        "codigo_oaci": "SETN",
        "pais": "Ecuador",
        "provincia_estado_departamento": "Esmeraldas Province",
        "ciudad": "Tachina",
        "tipo": "internacional",
        "elevacion_m": 10,
        "longitud_pista_m": 2400,
        "entidad_operadora": null,
        "fuente": "DGAC Ecuador - IFIS / AIP Ecuador: https://www.ais.aviacioncivil.gob.ec/ifis3/aip/AIP | OurAirports: https://davidmegginson.github.io/ourairports-data/airports.csv, https://davidmegginson.github.io/ourairports-data/runways.csv, https://davidmegginson.github.io/ourairports-data/regions.csv",
        "fuente_tipo": "referencia_oficial+fuente_secundaria_complementaria",
        "fuente_oficial": "https://www.ais.aviacioncivil.gob.ec/ifis3/aip/AIP",
        "fuente_secundaria": "https://davidmegginson.github.io/ourairports-data/airports.csv",
        "nivel_fuente_oficial": "aip_oficial_localizado",
        "servicio_regular_fuente": "OurAirports scheduled_service=yes",
        "fecha_actualizacion_dato": "2026-08-04",
        "observaciones": "Inclusión basada en scheduled_service=yes y código IATA de OurAirports. La existencia, denominación y códigos deben contrastarse con la AIP vigente antes de uso operacional. Coordenadas, elevación y pista proceden de OurAirports; la pista principal es la mayor pista no cerrada registrada. Campos incompletos: entidad operadora no verificada en una fuente oficial abierta. Roles adicionales identificados de forma conservadora: función_internacional.",
        "roles_adicionales": [
          "función_internacional"
        ]
      }
    },
    {
      "type": "Feature",
      "id": "ETR",
      "geometry": {
        "type": "Point",
        "coordinates": [
          -79.996957,
          -3.441986
        ]
      },
      "properties": {
        "clave_union": "ETR",
        "nombre_oficial": "Santa Rosa - Artillery Colonel Victor Larrea International Airport",
        "codigo_iata": "ETR",
        "codigo_oaci": "SERO",
        "pais": "Ecuador",
        "provincia_estado_departamento": "El Oro Province",
        "ciudad": "Santa Rosa",
        "tipo": "internacional",
        "elevacion_m": 6,
        "longitud_pista_m": 2629,
        "entidad_operadora": null,
        "fuente": "DGAC Ecuador - IFIS / AIP Ecuador: https://www.ais.aviacioncivil.gob.ec/ifis3/aip/AIP | OurAirports: https://davidmegginson.github.io/ourairports-data/airports.csv, https://davidmegginson.github.io/ourairports-data/runways.csv, https://davidmegginson.github.io/ourairports-data/regions.csv",
        "fuente_tipo": "referencia_oficial+fuente_secundaria_complementaria",
        "fuente_oficial": "https://www.ais.aviacioncivil.gob.ec/ifis3/aip/AIP",
        "fuente_secundaria": "https://davidmegginson.github.io/ourairports-data/airports.csv",
        "nivel_fuente_oficial": "aip_oficial_localizado",
        "servicio_regular_fuente": "OurAirports scheduled_service=yes",
        "fecha_actualizacion_dato": "2026-08-04",
        "observaciones": "Inclusión basada en scheduled_service=yes y código IATA de OurAirports. La existencia, denominación y códigos deben contrastarse con la AIP vigente antes de uso operacional. Coordenadas, elevación y pista proceden de OurAirports; la pista principal es la mayor pista no cerrada registrada. Campos incompletos: entidad operadora no verificada en una fuente oficial abierta. Roles adicionales identificados de forma conservadora: función_internacional.",
        "roles_adicionales": [
          "función_internacional"
        ]
      }
    },
    {
      "type": "Feature",
      "id": "GPS",
      "geometry": {
        "type": "Point",
        "coordinates": [
          -90.2659,
          -0.453758
        ]
      },
      "properties": {
        "clave_union": "GPS",
        "nombre_oficial": "Seymour Galapagos Ecological Airport",
        "codigo_iata": "GPS",
        "codigo_oaci": "SEGS",
        "pais": "Ecuador",
        "provincia_estado_departamento": "Galapagos Province",
        "ciudad": "Isla Baltra",
        "tipo": "doméstico",
        "elevacion_m": 63,
        "longitud_pista_m": 2401,
        "entidad_operadora": null,
        "fuente": "DGAC Ecuador - IFIS / AIP Ecuador: https://www.ais.aviacioncivil.gob.ec/ifis3/aip/AIP | OurAirports: https://davidmegginson.github.io/ourairports-data/airports.csv, https://davidmegginson.github.io/ourairports-data/runways.csv, https://davidmegginson.github.io/ourairports-data/regions.csv",
        "fuente_tipo": "referencia_oficial+fuente_secundaria_complementaria",
        "fuente_oficial": "https://www.ais.aviacioncivil.gob.ec/ifis3/aip/AIP",
        "fuente_secundaria": "https://davidmegginson.github.io/ourairports-data/airports.csv",
        "nivel_fuente_oficial": "aip_oficial_localizado",
        "servicio_regular_fuente": "OurAirports scheduled_service=yes",
        "fecha_actualizacion_dato": "2026-08-04",
        "observaciones": "Inclusión basada en scheduled_service=yes y código IATA de OurAirports. La existencia, denominación y códigos deben contrastarse con la AIP vigente antes de uso operacional. Coordenadas, elevación y pista proceden de OurAirports; la pista principal es la mayor pista no cerrada registrada. Campos incompletos: entidad operadora no verificada en una fuente oficial abierta.",
        "roles_adicionales": []
      }
    },
    {
      "type": "Feature",
      "id": "GYE",
      "geometry": {
        "type": "Point",
        "coordinates": [
          -79.883598,
          -2.15742
        ]
      },
      "properties": {
        "clave_union": "GYE",
        "nombre_oficial": "José Joaquín de Olmedo International Airport",
        "codigo_iata": "GYE",
        "codigo_oaci": "SEGU",
        "pais": "Ecuador",
        "provincia_estado_departamento": "Guayas Province",
        "ciudad": "Guayaquil",
        "tipo": "internacional",
        "elevacion_m": 6,
        "longitud_pista_m": 2790,
        "entidad_operadora": "Terminal Aeroportuaria de Guayaquil S.A. (TAGSA)",
        "fuente": "DGAC Ecuador - IFIS / AIP Ecuador: https://www.ais.aviacioncivil.gob.ec/ifis3/aip/AIP | OurAirports: https://davidmegginson.github.io/ourairports-data/airports.csv, https://davidmegginson.github.io/ourairports-data/runways.csv, https://davidmegginson.github.io/ourairports-data/regions.csv",
        "fuente_tipo": "referencia_oficial+fuente_secundaria_complementaria",
        "fuente_oficial": "https://www.ais.aviacioncivil.gob.ec/ifis3/aip/AIP",
        "fuente_secundaria": "https://davidmegginson.github.io/ourairports-data/airports.csv",
        "nivel_fuente_oficial": "aip_oficial_localizado",
        "servicio_regular_fuente": "OurAirports scheduled_service=yes",
        "fecha_actualizacion_dato": "2026-08-04",
        "observaciones": "Inclusión basada en scheduled_service=yes y código IATA de OurAirports. La existencia, denominación y códigos deben contrastarse con la AIP vigente antes de uso operacional. Coordenadas, elevación y pista proceden de OurAirports; la pista principal es la mayor pista no cerrada registrada. Roles adicionales identificados de forma conservadora: carga_relevante, función_internacional.",
        "roles_adicionales": [
          "carga_relevante",
          "función_internacional"
        ]
      }
    },
    {
      "type": "Feature",
      "id": "IBB",
      "geometry": {
        "type": "Point",
        "coordinates": [
          -90.953003,
          -0.942628
        ]
      },
      "properties": {
        "clave_union": "IBB",
        "nombre_oficial": "General Villamil Airport",
        "codigo_iata": "IBB",
        "codigo_oaci": "SEII",
        "pais": "Ecuador",
        "provincia_estado_departamento": "Galapagos Province",
        "ciudad": "Puerto Villamil",
        "tipo": "doméstico",
        "elevacion_m": 11,
        "longitud_pista_m": 1500,
        "entidad_operadora": null,
        "fuente": "DGAC Ecuador - IFIS / AIP Ecuador: https://www.ais.aviacioncivil.gob.ec/ifis3/aip/AIP | OurAirports: https://davidmegginson.github.io/ourairports-data/airports.csv, https://davidmegginson.github.io/ourairports-data/runways.csv, https://davidmegginson.github.io/ourairports-data/regions.csv",
        "fuente_tipo": "referencia_oficial+fuente_secundaria_complementaria",
        "fuente_oficial": "https://www.ais.aviacioncivil.gob.ec/ifis3/aip/AIP",
        "fuente_secundaria": "https://davidmegginson.github.io/ourairports-data/airports.csv",
        "nivel_fuente_oficial": "aip_oficial_localizado",
        "servicio_regular_fuente": "OurAirports scheduled_service=yes",
        "fecha_actualizacion_dato": "2026-08-04",
        "observaciones": "Inclusión basada en scheduled_service=yes y código IATA de OurAirports. La existencia, denominación y códigos deben contrastarse con la AIP vigente antes de uso operacional. Coordenadas, elevación y pista proceden de OurAirports; la pista principal es la mayor pista no cerrada registrada. Campos incompletos: entidad operadora no verificada en una fuente oficial abierta.",
        "roles_adicionales": []
      }
    },
    {
      "type": "Feature",
      "id": "LOH",
      "geometry": {
        "type": "Point",
        "coordinates": [
          -79.371902,
          -3.995606
        ]
      },
      "properties": {
        "clave_union": "LOH",
        "nombre_oficial": "Ciudad de Catamayo Airport",
        "codigo_iata": "LOH",
        "codigo_oaci": "SECA",
        "pais": "Ecuador",
        "provincia_estado_departamento": "Loja Province",
        "ciudad": "La Toma (Catamayo)",
        "tipo": "doméstico",
        "elevacion_m": 1236,
        "longitud_pista_m": 2050,
        "entidad_operadora": null,
        "fuente": "DGAC Ecuador - IFIS / AIP Ecuador: https://www.ais.aviacioncivil.gob.ec/ifis3/aip/AIP | OurAirports: https://davidmegginson.github.io/ourairports-data/airports.csv, https://davidmegginson.github.io/ourairports-data/runways.csv, https://davidmegginson.github.io/ourairports-data/regions.csv",
        "fuente_tipo": "referencia_oficial+fuente_secundaria_complementaria",
        "fuente_oficial": "https://www.ais.aviacioncivil.gob.ec/ifis3/aip/AIP",
        "fuente_secundaria": "https://davidmegginson.github.io/ourairports-data/airports.csv",
        "nivel_fuente_oficial": "aip_oficial_localizado",
        "servicio_regular_fuente": "OurAirports scheduled_service=yes",
        "fecha_actualizacion_dato": "2026-08-04",
        "observaciones": "Inclusión basada en scheduled_service=yes y código IATA de OurAirports. La existencia, denominación y códigos deben contrastarse con la AIP vigente antes de uso operacional. Coordenadas, elevación y pista proceden de OurAirports; la pista principal es la mayor pista no cerrada registrada. Campos incompletos: entidad operadora no verificada en una fuente oficial abierta.",
        "roles_adicionales": []
      }
    },
    {
      "type": "Feature",
      "id": "LTX",
      "geometry": {
        "type": "Point",
        "coordinates": [
          -78.615799,
          -0.906833
        ]
      },
      "properties": {
        "clave_union": "LTX",
        "nombre_oficial": "Cotopaxi International Airport",
        "codigo_iata": "LTX",
        "codigo_oaci": "SELT",
        "pais": "Ecuador",
        "provincia_estado_departamento": "Cotopaxi Province",
        "ciudad": "Latacunga",
        "tipo": "militar-mixto",
        "elevacion_m": 2806,
        "longitud_pista_m": 3693,
        "entidad_operadora": null,
        "fuente": "DGAC Ecuador - IFIS / AIP Ecuador: https://www.ais.aviacioncivil.gob.ec/ifis3/aip/AIP | OurAirports: https://davidmegginson.github.io/ourairports-data/airports.csv, https://davidmegginson.github.io/ourairports-data/runways.csv, https://davidmegginson.github.io/ourairports-data/regions.csv",
        "fuente_tipo": "referencia_oficial+fuente_secundaria_complementaria",
        "fuente_oficial": "https://www.ais.aviacioncivil.gob.ec/ifis3/aip/AIP",
        "fuente_secundaria": "https://davidmegginson.github.io/ourairports-data/airports.csv",
        "nivel_fuente_oficial": "aip_oficial_localizado",
        "servicio_regular_fuente": "OurAirports scheduled_service=yes",
        "fecha_actualizacion_dato": "2026-08-04",
        "observaciones": "Inclusión basada en scheduled_service=yes y código IATA de OurAirports. La existencia, denominación y códigos deben contrastarse con la AIP vigente antes de uso operacional. Coordenadas, elevación y pista proceden de OurAirports; la pista principal es la mayor pista no cerrada registrada. Campos incompletos: entidad operadora no verificada en una fuente oficial abierta. Roles adicionales identificados de forma conservadora: carga_relevante, uso_militar_compartido.",
        "roles_adicionales": [
          "carga_relevante",
          "uso_militar_compartido"
        ]
      }
    },
    {
      "type": "Feature",
      "id": "MEC",
      "geometry": {
        "type": "Point",
        "coordinates": [
          -80.67880249023438,
          -0.9460780024528503
        ]
      },
      "properties": {
        "clave_union": "MEC",
        "nombre_oficial": "Eloy Alfaro International Airport",
        "codigo_iata": "MEC",
        "codigo_oaci": "SEMT",
        "pais": "Ecuador",
        "provincia_estado_departamento": "Manabi Province",
        "ciudad": "Manta",
        "tipo": "internacional",
        "elevacion_m": 15,
        "longitud_pista_m": 2860,
        "entidad_operadora": null,
        "fuente": "DGAC Ecuador - IFIS / AIP Ecuador: https://www.ais.aviacioncivil.gob.ec/ifis3/aip/AIP | OurAirports: https://davidmegginson.github.io/ourairports-data/airports.csv, https://davidmegginson.github.io/ourairports-data/runways.csv, https://davidmegginson.github.io/ourairports-data/regions.csv",
        "fuente_tipo": "referencia_oficial+fuente_secundaria_complementaria",
        "fuente_oficial": "https://www.ais.aviacioncivil.gob.ec/ifis3/aip/AIP",
        "fuente_secundaria": "https://davidmegginson.github.io/ourairports-data/airports.csv",
        "nivel_fuente_oficial": "aip_oficial_localizado",
        "servicio_regular_fuente": "OurAirports scheduled_service=yes",
        "fecha_actualizacion_dato": "2026-08-04",
        "observaciones": "Inclusión basada en scheduled_service=yes y código IATA de OurAirports. La existencia, denominación y códigos deben contrastarse con la AIP vigente antes de uso operacional. Coordenadas, elevación y pista proceden de OurAirports; la pista principal es la mayor pista no cerrada registrada. Campos incompletos: entidad operadora no verificada en una fuente oficial abierta. Roles adicionales identificados de forma conservadora: función_internacional.",
        "roles_adicionales": [
          "función_internacional"
        ]
      }
    },
    {
      "type": "Feature",
      "id": "OCC",
      "geometry": {
        "type": "Point",
        "coordinates": [
          -76.986801,
          -0.462886
        ]
      },
      "properties": {
        "clave_union": "OCC",
        "nombre_oficial": "Francisco De Orellana Airport",
        "codigo_iata": "OCC",
        "codigo_oaci": "SECO",
        "pais": "Ecuador",
        "provincia_estado_departamento": "Orellana Province",
        "ciudad": "Coca",
        "tipo": "doméstico",
        "elevacion_m": 254,
        "longitud_pista_m": 2060,
        "entidad_operadora": null,
        "fuente": "DGAC Ecuador - IFIS / AIP Ecuador: https://www.ais.aviacioncivil.gob.ec/ifis3/aip/AIP | OurAirports: https://davidmegginson.github.io/ourairports-data/airports.csv, https://davidmegginson.github.io/ourairports-data/runways.csv, https://davidmegginson.github.io/ourairports-data/regions.csv",
        "fuente_tipo": "referencia_oficial+fuente_secundaria_complementaria",
        "fuente_oficial": "https://www.ais.aviacioncivil.gob.ec/ifis3/aip/AIP",
        "fuente_secundaria": "https://davidmegginson.github.io/ourairports-data/airports.csv",
        "nivel_fuente_oficial": "aip_oficial_localizado",
        "servicio_regular_fuente": "OurAirports scheduled_service=yes",
        "fecha_actualizacion_dato": "2026-08-04",
        "observaciones": "Inclusión basada en scheduled_service=yes y código IATA de OurAirports. La existencia, denominación y códigos deben contrastarse con la AIP vigente antes de uso operacional. Coordenadas, elevación y pista proceden de OurAirports; la pista principal es la mayor pista no cerrada registrada. Campos incompletos: entidad operadora no verificada en una fuente oficial abierta.",
        "roles_adicionales": []
      }
    },
    {
      "type": "Feature",
      "id": "SCY",
      "geometry": {
        "type": "Point",
        "coordinates": [
          -89.617401,
          -0.910206
        ]
      },
      "properties": {
        "clave_union": "SCY",
        "nombre_oficial": "San Cristóbal Airport",
        "codigo_iata": "SCY",
        "codigo_oaci": "SEST",
        "pais": "Ecuador",
        "provincia_estado_departamento": "Galapagos Province",
        "ciudad": "Puerto Baquerizo Moreno",
        "tipo": "doméstico",
        "elevacion_m": 19,
        "longitud_pista_m": 1894,
        "entidad_operadora": null,
        "fuente": "DGAC Ecuador - IFIS / AIP Ecuador: https://www.ais.aviacioncivil.gob.ec/ifis3/aip/AIP | OurAirports: https://davidmegginson.github.io/ourairports-data/airports.csv, https://davidmegginson.github.io/ourairports-data/runways.csv, https://davidmegginson.github.io/ourairports-data/regions.csv",
        "fuente_tipo": "referencia_oficial+fuente_secundaria_complementaria",
        "fuente_oficial": "https://www.ais.aviacioncivil.gob.ec/ifis3/aip/AIP",
        "fuente_secundaria": "https://davidmegginson.github.io/ourairports-data/airports.csv",
        "nivel_fuente_oficial": "aip_oficial_localizado",
        "servicio_regular_fuente": "OurAirports scheduled_service=yes",
        "fecha_actualizacion_dato": "2026-08-04",
        "observaciones": "Inclusión basada en scheduled_service=yes y código IATA de OurAirports. La existencia, denominación y códigos deben contrastarse con la AIP vigente antes de uso operacional. Coordenadas, elevación y pista proceden de OurAirports; la pista principal es la mayor pista no cerrada registrada. Campos incompletos: entidad operadora no verificada en una fuente oficial abierta.",
        "roles_adicionales": []
      }
    },
    {
      "type": "Feature",
      "id": "SNC",
      "geometry": {
        "type": "Point",
        "coordinates": [
          -80.985067,
          -2.210057
        ]
      },
      "properties": {
        "clave_union": "SNC",
        "nombre_oficial": "General Ulpiano Paez International Airport",
        "codigo_iata": "SNC",
        "codigo_oaci": "SESA",
        "pais": "Ecuador",
        "provincia_estado_departamento": "Santa Elena Province",
        "ciudad": "Salinas/La Libertad",
        "tipo": "militar-mixto",
        "elevacion_m": 5,
        "longitud_pista_m": 2630,
        "entidad_operadora": null,
        "fuente": "DGAC Ecuador - IFIS / AIP Ecuador: https://www.ais.aviacioncivil.gob.ec/ifis3/aip/AIP | OurAirports: https://davidmegginson.github.io/ourairports-data/airports.csv, https://davidmegginson.github.io/ourairports-data/runways.csv, https://davidmegginson.github.io/ourairports-data/regions.csv",
        "fuente_tipo": "referencia_oficial+fuente_secundaria_complementaria",
        "fuente_oficial": "https://www.ais.aviacioncivil.gob.ec/ifis3/aip/AIP",
        "fuente_secundaria": "https://davidmegginson.github.io/ourairports-data/airports.csv",
        "nivel_fuente_oficial": "aip_oficial_localizado",
        "servicio_regular_fuente": "OurAirports scheduled_service=yes",
        "fecha_actualizacion_dato": "2026-08-04",
        "observaciones": "Inclusión basada en scheduled_service=yes y código IATA de OurAirports. La existencia, denominación y códigos deben contrastarse con la AIP vigente antes de uso operacional. Coordenadas, elevación y pista proceden de OurAirports; la pista principal es la mayor pista no cerrada registrada. Campos incompletos: entidad operadora no verificada en una fuente oficial abierta. Roles adicionales identificados de forma conservadora: uso_militar_compartido.",
        "roles_adicionales": [
          "uso_militar_compartido"
        ]
      }
    },
    {
      "type": "Feature",
      "id": "TUA",
      "geometry": {
        "type": "Point",
        "coordinates": [
          -77.708099,
          0.809506
        ]
      },
      "properties": {
        "clave_union": "TUA",
        "nombre_oficial": "Lieutenant Colonel Luis A. Mantilla International Airport",
        "codigo_iata": "TUA",
        "codigo_oaci": "SETU",
        "pais": "Ecuador",
        "provincia_estado_departamento": "Carchi Province",
        "ciudad": "Tulcán",
        "tipo": "internacional",
        "elevacion_m": 2941,
        "longitud_pista_m": 2460,
        "entidad_operadora": null,
        "fuente": "DGAC Ecuador - IFIS / AIP Ecuador: https://www.ais.aviacioncivil.gob.ec/ifis3/aip/AIP | OurAirports: https://davidmegginson.github.io/ourairports-data/airports.csv, https://davidmegginson.github.io/ourairports-data/runways.csv, https://davidmegginson.github.io/ourairports-data/regions.csv",
        "fuente_tipo": "referencia_oficial+fuente_secundaria_complementaria",
        "fuente_oficial": "https://www.ais.aviacioncivil.gob.ec/ifis3/aip/AIP",
        "fuente_secundaria": "https://davidmegginson.github.io/ourairports-data/airports.csv",
        "nivel_fuente_oficial": "aip_oficial_localizado",
        "servicio_regular_fuente": "OurAirports scheduled_service=yes",
        "fecha_actualizacion_dato": "2026-08-04",
        "observaciones": "Inclusión basada en scheduled_service=yes y código IATA de OurAirports. La existencia, denominación y códigos deben contrastarse con la AIP vigente antes de uso operacional. Coordenadas, elevación y pista proceden de OurAirports; la pista principal es la mayor pista no cerrada registrada. Campos incompletos: entidad operadora no verificada en una fuente oficial abierta. Roles adicionales identificados de forma conservadora: función_internacional.",
        "roles_adicionales": [
          "función_internacional"
        ]
      }
    },
    {
      "type": "Feature",
      "id": "UIO",
      "geometry": {
        "type": "Point",
        "coordinates": [
          -78.354306,
          -0.125399
        ]
      },
      "properties": {
        "clave_union": "UIO",
        "nombre_oficial": "Mariscal Sucre International Airport",
        "codigo_iata": "UIO",
        "codigo_oaci": "SEQM",
        "pais": "Ecuador",
        "provincia_estado_departamento": "Pichincha Province",
        "ciudad": "Quito",
        "tipo": "internacional",
        "elevacion_m": 2390,
        "longitud_pista_m": 4098,
        "entidad_operadora": "Corporación Quiport S.A.",
        "fuente": "DGAC Ecuador - IFIS / AIP Ecuador: https://www.ais.aviacioncivil.gob.ec/ifis3/aip/AIP | OurAirports: https://davidmegginson.github.io/ourairports-data/airports.csv, https://davidmegginson.github.io/ourairports-data/runways.csv, https://davidmegginson.github.io/ourairports-data/regions.csv",
        "fuente_tipo": "referencia_oficial+fuente_secundaria_complementaria",
        "fuente_oficial": "https://www.ais.aviacioncivil.gob.ec/ifis3/aip/AIP",
        "fuente_secundaria": "https://davidmegginson.github.io/ourairports-data/airports.csv",
        "nivel_fuente_oficial": "aip_oficial_localizado",
        "servicio_regular_fuente": "OurAirports scheduled_service=yes",
        "fecha_actualizacion_dato": "2026-08-04",
        "observaciones": "Inclusión basada en scheduled_service=yes y código IATA de OurAirports. La existencia, denominación y códigos deben contrastarse con la AIP vigente antes de uso operacional. Coordenadas, elevación y pista proceden de OurAirports; la pista principal es la mayor pista no cerrada registrada. Roles adicionales identificados de forma conservadora: carga_relevante, función_internacional.",
        "roles_adicionales": [
          "carga_relevante",
          "función_internacional"
        ]
      }
    },
    {
      "type": "Feature",
      "id": "XMS",
      "geometry": {
        "type": "Point",
        "coordinates": [
          -78.12079620361328,
          -2.2991700172424316
        ]
      },
      "properties": {
        "clave_union": "XMS",
        "nombre_oficial": "Coronel E Carvajal Airport",
        "codigo_iata": "XMS",
        "codigo_oaci": "SEMC",
        "pais": "Ecuador",
        "provincia_estado_departamento": "Morona-Santiago Province",
        "ciudad": "Macas",
        "tipo": "doméstico",
        "elevacion_m": 1052,
        "longitud_pista_m": 2500,
        "entidad_operadora": null,
        "fuente": "DGAC Ecuador - IFIS / AIP Ecuador: https://www.ais.aviacioncivil.gob.ec/ifis3/aip/AIP | OurAirports: https://davidmegginson.github.io/ourairports-data/airports.csv, https://davidmegginson.github.io/ourairports-data/runways.csv, https://davidmegginson.github.io/ourairports-data/regions.csv",
        "fuente_tipo": "referencia_oficial+fuente_secundaria_complementaria",
        "fuente_oficial": "https://www.ais.aviacioncivil.gob.ec/ifis3/aip/AIP",
        "fuente_secundaria": "https://davidmegginson.github.io/ourairports-data/airports.csv",
        "nivel_fuente_oficial": "aip_oficial_localizado",
        "servicio_regular_fuente": "OurAirports scheduled_service=yes",
        "fecha_actualizacion_dato": "2026-08-04",
        "observaciones": "Inclusión basada en scheduled_service=yes y código IATA de OurAirports. La existencia, denominación y códigos deben contrastarse con la AIP vigente antes de uso operacional. Coordenadas, elevación y pista proceden de OurAirports; la pista principal es la mayor pista no cerrada registrada. Campos incompletos: entidad operadora no verificada en una fuente oficial abierta.",
        "roles_adicionales": []
      }
    },
    {
      "type": "Feature",
      "id": "CAY",
      "geometry": {
        "type": "Point",
        "coordinates": [
          -52.361326,
          4.819964
        ]
      },
      "properties": {
        "clave_union": "CAY",
        "nombre_oficial": "Cayenne – Félix Eboué Airport",
        "codigo_iata": "CAY",
        "codigo_oaci": "SOCA",
        "pais": "Guayana Francesa",
        "provincia_estado_departamento": "Cayenne",
        "ciudad": "Matoury",
        "tipo": "internacional",
        "elevacion_m": 8,
        "longitud_pista_m": 3196,
        "entidad_operadora": null,
        "fuente": "Service de l'information aéronautique de France - eAIP: https://www.sia.aviation-civile.gouv.fr/ | OurAirports: https://davidmegginson.github.io/ourairports-data/airports.csv, https://davidmegginson.github.io/ourairports-data/runways.csv, https://davidmegginson.github.io/ourairports-data/regions.csv",
        "fuente_tipo": "referencia_oficial+fuente_secundaria_complementaria",
        "fuente_oficial": "https://www.sia.aviation-civile.gouv.fr/",
        "fuente_secundaria": "https://davidmegginson.github.io/ourairports-data/airports.csv",
        "nivel_fuente_oficial": "portal_aeronautico_oficial",
        "servicio_regular_fuente": "OurAirports scheduled_service=yes",
        "fecha_actualizacion_dato": "2026-08-04",
        "observaciones": "Inclusión basada en scheduled_service=yes y código IATA de OurAirports. La existencia, denominación y códigos deben contrastarse con la AIP vigente antes de uso operacional. Coordenadas, elevación y pista proceden de OurAirports; la pista principal es la mayor pista no cerrada registrada. Campos incompletos: entidad operadora no verificada en una fuente oficial abierta. Roles adicionales identificados de forma conservadora: función_internacional.",
        "roles_adicionales": [
          "función_internacional"
        ]
      }
    },
    {
      "type": "Feature",
      "id": "LDX",
      "geometry": {
        "type": "Point",
        "coordinates": [
          -54.034964,
          5.481891
        ]
      },
      "properties": {
        "clave_union": "LDX",
        "nombre_oficial": "Saint-Laurent-du-Maroni Airport",
        "codigo_iata": "LDX",
        "codigo_oaci": "SOOM",
        "pais": "Guayana Francesa",
        "provincia_estado_departamento": "Saint-Laurent-du-Maroni",
        "ciudad": "Saint-Laurent-du-Maroni",
        "tipo": "internacional",
        "elevacion_m": 5,
        "longitud_pista_m": 1000,
        "entidad_operadora": null,
        "fuente": "Service de l'information aéronautique de France - eAIP: https://www.sia.aviation-civile.gouv.fr/ | OurAirports: https://davidmegginson.github.io/ourairports-data/airports.csv, https://davidmegginson.github.io/ourairports-data/runways.csv, https://davidmegginson.github.io/ourairports-data/regions.csv",
        "fuente_tipo": "referencia_oficial+fuente_secundaria_complementaria",
        "fuente_oficial": "https://www.sia.aviation-civile.gouv.fr/",
        "fuente_secundaria": "https://davidmegginson.github.io/ourairports-data/airports.csv",
        "nivel_fuente_oficial": "portal_aeronautico_oficial",
        "servicio_regular_fuente": "OurAirports scheduled_service=yes",
        "fecha_actualizacion_dato": "2026-08-04",
        "observaciones": "Inclusión basada en scheduled_service=yes y código IATA de OurAirports. La existencia, denominación y códigos deben contrastarse con la AIP vigente antes de uso operacional. Coordenadas, elevación y pista proceden de OurAirports; la pista principal es la mayor pista no cerrada registrada. Campos incompletos: entidad operadora no verificada en una fuente oficial abierta. Roles adicionales identificados de forma conservadora: función_internacional.",
        "roles_adicionales": [
          "función_internacional"
        ]
      }
    },
    {
      "type": "Feature",
      "id": "MPY",
      "geometry": {
        "type": "Point",
        "coordinates": [
          -54.039431,
          3.655907
        ]
      },
      "properties": {
        "clave_union": "MPY",
        "nombre_oficial": "Maripasoula Airport",
        "codigo_iata": "MPY",
        "codigo_oaci": "SOOA",
        "pais": "Guayana Francesa",
        "provincia_estado_departamento": "Saint-Laurent-du-Maroni",
        "ciudad": "Maripasoula",
        "tipo": "doméstico",
        "elevacion_m": 124,
        "longitud_pista_m": 1200,
        "entidad_operadora": null,
        "fuente": "Service de l'information aéronautique de France - eAIP: https://www.sia.aviation-civile.gouv.fr/ | OurAirports: https://davidmegginson.github.io/ourairports-data/airports.csv, https://davidmegginson.github.io/ourairports-data/runways.csv, https://davidmegginson.github.io/ourairports-data/regions.csv",
        "fuente_tipo": "referencia_oficial+fuente_secundaria_complementaria",
        "fuente_oficial": "https://www.sia.aviation-civile.gouv.fr/",
        "fuente_secundaria": "https://davidmegginson.github.io/ourairports-data/airports.csv",
        "nivel_fuente_oficial": "portal_aeronautico_oficial",
        "servicio_regular_fuente": "OurAirports scheduled_service=yes",
        "fecha_actualizacion_dato": "2026-08-04",
        "observaciones": "Inclusión basada en scheduled_service=yes y código IATA de OurAirports. La existencia, denominación y códigos deben contrastarse con la AIP vigente antes de uso operacional. Coordenadas, elevación y pista proceden de OurAirports; la pista principal es la mayor pista no cerrada registrada. Campos incompletos: entidad operadora no verificada en una fuente oficial abierta.",
        "roles_adicionales": []
      }
    },
    {
      "type": "Feature",
      "id": "GEO",
      "geometry": {
        "type": "Point",
        "coordinates": [
          -58.254101,
          6.49855
        ]
      },
      "properties": {
        "clave_union": "GEO",
        "nombre_oficial": "Cheddi Jagan International Airport",
        "codigo_iata": "GEO",
        "codigo_oaci": "SYCJ",
        "pais": "Guyana",
        "provincia_estado_departamento": "Demerara-Mahaica",
        "ciudad": "Georgetown",
        "tipo": "internacional",
        "elevacion_m": 29,
        "longitud_pista_m": 3360,
        "entidad_operadora": "Cheddi Jagan International Airport Corporation",
        "fuente": "Guyana Civil Aviation Authority - Guyana AIP: https://www.gcaa-gy.org/guyana-aip.html | OurAirports: https://davidmegginson.github.io/ourairports-data/airports.csv, https://davidmegginson.github.io/ourairports-data/runways.csv, https://davidmegginson.github.io/ourairports-data/regions.csv",
        "fuente_tipo": "referencia_oficial+fuente_secundaria_complementaria",
        "fuente_oficial": "https://www.gcaa-gy.org/guyana-aip.html",
        "fuente_secundaria": "https://davidmegginson.github.io/ourairports-data/airports.csv",
        "nivel_fuente_oficial": "aip_oficial_localizado",
        "servicio_regular_fuente": "OurAirports scheduled_service=yes",
        "fecha_actualizacion_dato": "2026-08-04",
        "observaciones": "Inclusión basada en scheduled_service=yes y código IATA de OurAirports. La existencia, denominación y códigos deben contrastarse con la AIP vigente antes de uso operacional. Coordenadas, elevación y pista proceden de OurAirports; la pista principal es la mayor pista no cerrada registrada. Roles adicionales identificados de forma conservadora: función_internacional.",
        "roles_adicionales": [
          "función_internacional"
        ]
      }
    },
    {
      "type": "Feature",
      "id": "KAI",
      "geometry": {
        "type": "Point",
        "coordinates": [
          -59.48898,
          5.177349
        ]
      },
      "properties": {
        "clave_union": "KAI",
        "nombre_oficial": "Kaieteur Airport",
        "codigo_iata": "KAI",
        "codigo_oaci": "SYKA",
        "pais": "Guyana",
        "provincia_estado_departamento": "Potaro-Siparuni",
        "ciudad": "Kaieteur Falls",
        "tipo": "doméstico",
        "elevacion_m": 463,
        "longitud_pista_m": 615,
        "entidad_operadora": null,
        "fuente": "Guyana Civil Aviation Authority - Guyana AIP: https://www.gcaa-gy.org/guyana-aip.html | OurAirports: https://davidmegginson.github.io/ourairports-data/airports.csv, https://davidmegginson.github.io/ourairports-data/runways.csv, https://davidmegginson.github.io/ourairports-data/regions.csv",
        "fuente_tipo": "referencia_oficial+fuente_secundaria_complementaria",
        "fuente_oficial": "https://www.gcaa-gy.org/guyana-aip.html",
        "fuente_secundaria": "https://davidmegginson.github.io/ourairports-data/airports.csv",
        "nivel_fuente_oficial": "aip_oficial_localizado",
        "servicio_regular_fuente": "OurAirports scheduled_service=yes",
        "fecha_actualizacion_dato": "2026-08-04",
        "observaciones": "Inclusión basada en scheduled_service=yes y código IATA de OurAirports. La existencia, denominación y códigos deben contrastarse con la AIP vigente antes de uso operacional. Coordenadas, elevación y pista proceden de OurAirports; la pista principal es la mayor pista no cerrada registrada. Campos incompletos: entidad operadora no verificada en una fuente oficial abierta.",
        "roles_adicionales": []
      }
    },
    {
      "type": "Feature",
      "id": "LTM",
      "geometry": {
        "type": "Point",
        "coordinates": [
          -59.789398,
          3.37276
        ]
      },
      "properties": {
        "clave_union": "LTM",
        "nombre_oficial": "Lethem Airport",
        "codigo_iata": "LTM",
        "codigo_oaci": "SYLT",
        "pais": "Guyana",
        "provincia_estado_departamento": "Upper Takutu-Upper Essequibo",
        "ciudad": "Lethem",
        "tipo": "doméstico",
        "elevacion_m": 107,
        "longitud_pista_m": 1824,
        "entidad_operadora": null,
        "fuente": "Guyana Civil Aviation Authority - Guyana AIP: https://www.gcaa-gy.org/guyana-aip.html | OurAirports: https://davidmegginson.github.io/ourairports-data/airports.csv, https://davidmegginson.github.io/ourairports-data/runways.csv, https://davidmegginson.github.io/ourairports-data/regions.csv",
        "fuente_tipo": "referencia_oficial+fuente_secundaria_complementaria",
        "fuente_oficial": "https://www.gcaa-gy.org/guyana-aip.html",
        "fuente_secundaria": "https://davidmegginson.github.io/ourairports-data/airports.csv",
        "nivel_fuente_oficial": "aip_oficial_localizado",
        "servicio_regular_fuente": "OurAirports scheduled_service=yes",
        "fecha_actualizacion_dato": "2026-08-04",
        "observaciones": "Inclusión basada en scheduled_service=yes y código IATA de OurAirports. La existencia, denominación y códigos deben contrastarse con la AIP vigente antes de uso operacional. Coordenadas, elevación y pista proceden de OurAirports; la pista principal es la mayor pista no cerrada registrada. Campos incompletos: entidad operadora no verificada en una fuente oficial abierta.",
        "roles_adicionales": []
      }
    },
    {
      "type": "Feature",
      "id": "OGL",
      "geometry": {
        "type": "Point",
        "coordinates": [
          -58.107657,
          6.805881
        ]
      },
      "properties": {
        "clave_union": "OGL",
        "nombre_oficial": "Eugene F. Correia International Airport",
        "codigo_iata": "OGL",
        "codigo_oaci": "SYEC",
        "pais": "Guyana",
        "provincia_estado_departamento": "Demerara-Mahaica",
        "ciudad": "Ogle",
        "tipo": "internacional",
        "elevacion_m": 3,
        "longitud_pista_m": 1280,
        "entidad_operadora": "Ogle Airport Inc.",
        "fuente": "Guyana Civil Aviation Authority - Guyana AIP: https://www.gcaa-gy.org/guyana-aip.html | OurAirports: https://davidmegginson.github.io/ourairports-data/airports.csv, https://davidmegginson.github.io/ourairports-data/runways.csv, https://davidmegginson.github.io/ourairports-data/regions.csv",
        "fuente_tipo": "referencia_oficial+fuente_secundaria_complementaria",
        "fuente_oficial": "https://www.gcaa-gy.org/guyana-aip.html",
        "fuente_secundaria": "https://davidmegginson.github.io/ourairports-data/airports.csv",
        "nivel_fuente_oficial": "aip_oficial_localizado",
        "servicio_regular_fuente": "OurAirports scheduled_service=yes",
        "fecha_actualizacion_dato": "2026-08-04",
        "observaciones": "Inclusión basada en scheduled_service=yes y código IATA de OurAirports. La existencia, denominación y códigos deben contrastarse con la AIP vigente antes de uso operacional. Coordenadas, elevación y pista proceden de OurAirports; la pista principal es la mayor pista no cerrada registrada. Roles adicionales identificados de forma conservadora: función_internacional.",
        "roles_adicionales": [
          "función_internacional"
        ]
      }
    },
    {
      "type": "Feature",
      "id": "AGT",
      "geometry": {
        "type": "Point",
        "coordinates": [
          -54.839544,
          -25.457186
        ]
      },
      "properties": {
        "clave_union": "AGT",
        "nombre_oficial": "Guaraní International Airport",
        "codigo_iata": "AGT",
        "codigo_oaci": "SGES",
        "pais": "Paraguay",
        "provincia_estado_departamento": "Alto Paraná Department",
        "ciudad": "Ciudad del Este",
        "tipo": "internacional",
        "elevacion_m": 258,
        "longitud_pista_m": 3400,
        "entidad_operadora": "Dirección Nacional de Aeronáutica Civil (DINAC)",
        "fuente": "DINAC Paraguay - AIP Paraguay: https://www.dinac.gov.py/v3/index.php/ais/aip-paraguay | OurAirports: https://davidmegginson.github.io/ourairports-data/airports.csv, https://davidmegginson.github.io/ourairports-data/runways.csv, https://davidmegginson.github.io/ourairports-data/regions.csv",
        "fuente_tipo": "referencia_oficial+fuente_secundaria_complementaria",
        "fuente_oficial": "https://www.dinac.gov.py/v3/index.php/ais/aip-paraguay",
        "fuente_secundaria": "https://davidmegginson.github.io/ourairports-data/airports.csv",
        "nivel_fuente_oficial": "aip_oficial_localizado",
        "servicio_regular_fuente": "OurAirports scheduled_service=yes",
        "fecha_actualizacion_dato": "2026-08-04",
        "observaciones": "Inclusión basada en scheduled_service=yes y código IATA de OurAirports. La existencia, denominación y códigos deben contrastarse con la AIP vigente antes de uso operacional. Coordenadas, elevación y pista proceden de OurAirports; la pista principal es la mayor pista no cerrada registrada. Roles adicionales identificados de forma conservadora: carga_relevante, función_internacional.",
        "roles_adicionales": [
          "carga_relevante",
          "función_internacional"
        ]
      }
    },
    {
      "type": "Feature",
      "id": "ASU",
      "geometry": {
        "type": "Point",
        "coordinates": [
          -57.519227,
          -25.240156
        ]
      },
      "properties": {
        "clave_union": "ASU",
        "nombre_oficial": "Silvio Pettirossi International Airport",
        "codigo_iata": "ASU",
        "codigo_oaci": "SGAS",
        "pais": "Paraguay",
        "provincia_estado_departamento": "Central Department",
        "ciudad": "Asunción",
        "tipo": "internacional",
        "elevacion_m": 89,
        "longitud_pista_m": 3352,
        "entidad_operadora": "Dirección Nacional de Aeronáutica Civil (DINAC)",
        "fuente": "DINAC Paraguay - AIP Paraguay: https://www.dinac.gov.py/v3/index.php/ais/aip-paraguay | OurAirports: https://davidmegginson.github.io/ourairports-data/airports.csv, https://davidmegginson.github.io/ourairports-data/runways.csv, https://davidmegginson.github.io/ourairports-data/regions.csv",
        "fuente_tipo": "referencia_oficial+fuente_secundaria_complementaria",
        "fuente_oficial": "https://www.dinac.gov.py/v3/index.php/ais/aip-paraguay",
        "fuente_secundaria": "https://davidmegginson.github.io/ourairports-data/airports.csv",
        "nivel_fuente_oficial": "aip_oficial_localizado",
        "servicio_regular_fuente": "OurAirports scheduled_service=yes",
        "fecha_actualizacion_dato": "2026-08-04",
        "observaciones": "Inclusión basada en scheduled_service=yes y código IATA de OurAirports. La existencia, denominación y códigos deben contrastarse con la AIP vigente antes de uso operacional. Coordenadas, elevación y pista proceden de OurAirports; la pista principal es la mayor pista no cerrada registrada. Roles adicionales identificados de forma conservadora: carga_relevante, función_internacional.",
        "roles_adicionales": [
          "carga_relevante",
          "función_internacional"
        ]
      }
    },
    {
      "type": "Feature",
      "id": "ENO",
      "geometry": {
        "type": "Point",
        "coordinates": [
          -55.837584,
          -27.227537
        ]
      },
      "properties": {
        "clave_union": "ENO",
        "nombre_oficial": "Teniente Ramon A. Ayub Gonzalez International Airport",
        "codigo_iata": "ENO",
        "codigo_oaci": "SGEN",
        "pais": "Paraguay",
        "provincia_estado_departamento": "Itapúa Department",
        "ciudad": "Encarnación",
        "tipo": "internacional",
        "elevacion_m": 201,
        "longitud_pista_m": 2200,
        "entidad_operadora": "Dirección Nacional de Aeronáutica Civil (DINAC)",
        "fuente": "DINAC Paraguay - AIP Paraguay: https://www.dinac.gov.py/v3/index.php/ais/aip-paraguay | OurAirports: https://davidmegginson.github.io/ourairports-data/airports.csv, https://davidmegginson.github.io/ourairports-data/runways.csv, https://davidmegginson.github.io/ourairports-data/regions.csv",
        "fuente_tipo": "referencia_oficial+fuente_secundaria_complementaria",
        "fuente_oficial": "https://www.dinac.gov.py/v3/index.php/ais/aip-paraguay",
        "fuente_secundaria": "https://davidmegginson.github.io/ourairports-data/airports.csv",
        "nivel_fuente_oficial": "aip_oficial_localizado",
        "servicio_regular_fuente": "OurAirports scheduled_service=yes",
        "fecha_actualizacion_dato": "2026-08-04",
        "observaciones": "Inclusión basada en scheduled_service=yes y código IATA de OurAirports. La existencia, denominación y códigos deben contrastarse con la AIP vigente antes de uso operacional. Coordenadas, elevación y pista proceden de OurAirports; la pista principal es la mayor pista no cerrada registrada. Roles adicionales identificados de forma conservadora: función_internacional.",
        "roles_adicionales": [
          "función_internacional"
        ]
      }
    },
    {
      "type": "Feature",
      "id": "ANS",
      "geometry": {
        "type": "Point",
        "coordinates": [
          -73.35040283203125,
          -13.706399917602539
        ]
      },
      "properties": {
        "clave_union": "ANS",
        "nombre_oficial": "Andahuaylas Airport",
        "codigo_iata": "ANS",
        "codigo_oaci": "SPHY",
        "pais": "Perú",
        "provincia_estado_departamento": "Apurímac Region",
        "ciudad": "Andahuaylas",
        "tipo": "doméstico",
        "elevacion_m": 3444,
        "longitud_pista_m": 2500,
        "entidad_operadora": null,
        "fuente": "CORPAC Perú - Servicios de Información Aeronáutica: https://www.corpac.gob.pe/ | OurAirports: https://davidmegginson.github.io/ourairports-data/airports.csv, https://davidmegginson.github.io/ourairports-data/runways.csv, https://davidmegginson.github.io/ourairports-data/regions.csv",
        "fuente_tipo": "referencia_oficial+fuente_secundaria_complementaria",
        "fuente_oficial": "https://www.corpac.gob.pe/",
        "fuente_secundaria": "https://davidmegginson.github.io/ourairports-data/airports.csv",
        "nivel_fuente_oficial": "portal_aeronautico_oficial",
        "servicio_regular_fuente": "OurAirports scheduled_service=yes",
        "fecha_actualizacion_dato": "2026-08-04",
        "observaciones": "Inclusión basada en scheduled_service=yes y código IATA de OurAirports. La existencia, denominación y códigos deben contrastarse con la AIP vigente antes de uso operacional. Coordenadas, elevación y pista proceden de OurAirports; la pista principal es la mayor pista no cerrada registrada. Campos incompletos: entidad operadora no verificada en una fuente oficial abierta.",
        "roles_adicionales": []
      }
    },
    {
      "type": "Feature",
      "id": "AQP",
      "geometry": {
        "type": "Point",
        "coordinates": [
          -71.569485,
          -16.340786
        ]
      },
      "properties": {
        "clave_union": "AQP",
        "nombre_oficial": "Rodríguez Ballón International Airport",
        "codigo_iata": "AQP",
        "codigo_oaci": "SPQU",
        "pais": "Perú",
        "provincia_estado_departamento": "Arequipa Region",
        "ciudad": "Arequipa",
        "tipo": "internacional",
        "elevacion_m": 2562,
        "longitud_pista_m": 2980,
        "entidad_operadora": null,
        "fuente": "CORPAC Perú - Servicios de Información Aeronáutica: https://www.corpac.gob.pe/ | OurAirports: https://davidmegginson.github.io/ourairports-data/airports.csv, https://davidmegginson.github.io/ourairports-data/runways.csv, https://davidmegginson.github.io/ourairports-data/regions.csv",
        "fuente_tipo": "referencia_oficial+fuente_secundaria_complementaria",
        "fuente_oficial": "https://www.corpac.gob.pe/",
        "fuente_secundaria": "https://davidmegginson.github.io/ourairports-data/airports.csv",
        "nivel_fuente_oficial": "portal_aeronautico_oficial",
        "servicio_regular_fuente": "OurAirports scheduled_service=yes",
        "fecha_actualizacion_dato": "2026-08-04",
        "observaciones": "Inclusión basada en scheduled_service=yes y código IATA de OurAirports. La existencia, denominación y códigos deben contrastarse con la AIP vigente antes de uso operacional. Coordenadas, elevación y pista proceden de OurAirports; la pista principal es la mayor pista no cerrada registrada. Campos incompletos: entidad operadora no verificada en una fuente oficial abierta. Roles adicionales identificados de forma conservadora: función_internacional.",
        "roles_adicionales": [
          "función_internacional"
        ]
      }
    },
    {
      "type": "Feature",
      "id": "AYP",
      "geometry": {
        "type": "Point",
        "coordinates": [
          -74.204399,
          -13.1548
        ]
      },
      "properties": {
        "clave_union": "AYP",
        "nombre_oficial": "Air Force Colonel Alfredo Mendivil Duarte Airport",
        "codigo_iata": "AYP",
        "codigo_oaci": "SPHO",
        "pais": "Perú",
        "provincia_estado_departamento": "Ayacucho Region",
        "ciudad": "Ayacucho",
        "tipo": "militar-mixto",
        "elevacion_m": 2718,
        "longitud_pista_m": 2800,
        "entidad_operadora": null,
        "fuente": "CORPAC Perú - Servicios de Información Aeronáutica: https://www.corpac.gob.pe/ | OurAirports: https://davidmegginson.github.io/ourairports-data/airports.csv, https://davidmegginson.github.io/ourairports-data/runways.csv, https://davidmegginson.github.io/ourairports-data/regions.csv",
        "fuente_tipo": "referencia_oficial+fuente_secundaria_complementaria",
        "fuente_oficial": "https://www.corpac.gob.pe/",
        "fuente_secundaria": "https://davidmegginson.github.io/ourairports-data/airports.csv",
        "nivel_fuente_oficial": "portal_aeronautico_oficial",
        "servicio_regular_fuente": "OurAirports scheduled_service=yes",
        "fecha_actualizacion_dato": "2026-08-04",
        "observaciones": "Inclusión basada en scheduled_service=yes y código IATA de OurAirports. La existencia, denominación y códigos deben contrastarse con la AIP vigente antes de uso operacional. Coordenadas, elevación y pista proceden de OurAirports; la pista principal es la mayor pista no cerrada registrada. Campos incompletos: entidad operadora no verificada en una fuente oficial abierta. Roles adicionales identificados de forma conservadora: uso_militar_compartido.",
        "roles_adicionales": [
          "uso_militar_compartido"
        ]
      }
    },
    {
      "type": "Feature",
      "id": "CHH",
      "geometry": {
        "type": "Point",
        "coordinates": [
          -77.856195,
          -6.201911
        ]
      },
      "properties": {
        "clave_union": "CHH",
        "nombre_oficial": "Chachapoyas Airport",
        "codigo_iata": "CHH",
        "codigo_oaci": "SPPY",
        "pais": "Perú",
        "provincia_estado_departamento": "Amazonas Region",
        "ciudad": "Chachapoyas",
        "tipo": "doméstico",
        "elevacion_m": 2540,
        "longitud_pista_m": 1980,
        "entidad_operadora": null,
        "fuente": "CORPAC Perú - Servicios de Información Aeronáutica: https://www.corpac.gob.pe/ | OurAirports: https://davidmegginson.github.io/ourairports-data/airports.csv, https://davidmegginson.github.io/ourairports-data/runways.csv, https://davidmegginson.github.io/ourairports-data/regions.csv",
        "fuente_tipo": "referencia_oficial+fuente_secundaria_complementaria",
        "fuente_oficial": "https://www.corpac.gob.pe/",
        "fuente_secundaria": "https://davidmegginson.github.io/ourairports-data/airports.csv",
        "nivel_fuente_oficial": "portal_aeronautico_oficial",
        "servicio_regular_fuente": "OurAirports scheduled_service=yes",
        "fecha_actualizacion_dato": "2026-08-04",
        "observaciones": "Inclusión basada en scheduled_service=yes y código IATA de OurAirports. La existencia, denominación y códigos deben contrastarse con la AIP vigente antes de uso operacional. Coordenadas, elevación y pista proceden de OurAirports; la pista principal es la mayor pista no cerrada registrada. Campos incompletos: entidad operadora no verificada en una fuente oficial abierta.",
        "roles_adicionales": []
      }
    },
    {
      "type": "Feature",
      "id": "CHM",
      "geometry": {
        "type": "Point",
        "coordinates": [
          -78.523804,
          -9.14961
        ]
      },
      "properties": {
        "clave_union": "CHM",
        "nombre_oficial": "FAP Lieutenant Jaime Andres de Montreuil Morales Airport",
        "codigo_iata": "CHM",
        "codigo_oaci": "SPEO",
        "pais": "Perú",
        "provincia_estado_departamento": "Ancash Region",
        "ciudad": "Chimbote",
        "tipo": "doméstico",
        "elevacion_m": 21,
        "longitud_pista_m": 1800,
        "entidad_operadora": null,
        "fuente": "CORPAC Perú - Servicios de Información Aeronáutica: https://www.corpac.gob.pe/ | OurAirports: https://davidmegginson.github.io/ourairports-data/airports.csv, https://davidmegginson.github.io/ourairports-data/runways.csv, https://davidmegginson.github.io/ourairports-data/regions.csv",
        "fuente_tipo": "referencia_oficial+fuente_secundaria_complementaria",
        "fuente_oficial": "https://www.corpac.gob.pe/",
        "fuente_secundaria": "https://davidmegginson.github.io/ourairports-data/airports.csv",
        "nivel_fuente_oficial": "portal_aeronautico_oficial",
        "servicio_regular_fuente": "OurAirports scheduled_service=yes",
        "fecha_actualizacion_dato": "2026-08-04",
        "observaciones": "Inclusión basada en scheduled_service=yes y código IATA de OurAirports. La existencia, denominación y códigos deben contrastarse con la AIP vigente antes de uso operacional. Coordenadas, elevación y pista proceden de OurAirports; la pista principal es la mayor pista no cerrada registrada. Campos incompletos: entidad operadora no verificada en una fuente oficial abierta.",
        "roles_adicionales": []
      }
    },
    {
      "type": "Feature",
      "id": "CIX",
      "geometry": {
        "type": "Point",
        "coordinates": [
          -79.828254,
          -6.789223
        ]
      },
      "properties": {
        "clave_union": "CIX",
        "nombre_oficial": "Capitán FAP José A. Quiñones González International Airport",
        "codigo_iata": "CIX",
        "codigo_oaci": "SPHI",
        "pais": "Perú",
        "provincia_estado_departamento": "Lambayeque Region",
        "ciudad": "Chiclayo",
        "tipo": "militar-mixto",
        "elevacion_m": 30,
        "longitud_pista_m": 2519,
        "entidad_operadora": null,
        "fuente": "CORPAC Perú - Servicios de Información Aeronáutica: https://www.corpac.gob.pe/ | OurAirports: https://davidmegginson.github.io/ourairports-data/airports.csv, https://davidmegginson.github.io/ourairports-data/runways.csv, https://davidmegginson.github.io/ourairports-data/regions.csv",
        "fuente_tipo": "referencia_oficial+fuente_secundaria_complementaria",
        "fuente_oficial": "https://www.corpac.gob.pe/",
        "fuente_secundaria": "https://davidmegginson.github.io/ourairports-data/airports.csv",
        "nivel_fuente_oficial": "portal_aeronautico_oficial",
        "servicio_regular_fuente": "OurAirports scheduled_service=yes",
        "fecha_actualizacion_dato": "2026-08-04",
        "observaciones": "Inclusión basada en scheduled_service=yes y código IATA de OurAirports. La existencia, denominación y códigos deben contrastarse con la AIP vigente antes de uso operacional. Coordenadas, elevación y pista proceden de OurAirports; la pista principal es la mayor pista no cerrada registrada. Campos incompletos: entidad operadora no verificada en una fuente oficial abierta. Roles adicionales identificados de forma conservadora: uso_militar_compartido.",
        "roles_adicionales": [
          "uso_militar_compartido"
        ]
      }
    },
    {
      "type": "Feature",
      "id": "CJA",
      "geometry": {
        "type": "Point",
        "coordinates": [
          -78.489403,
          -7.13918
        ]
      },
      "properties": {
        "clave_union": "CJA",
        "nombre_oficial": "Mayor General FAP Armando Revoredo Iglesias Airport",
        "codigo_iata": "CJA",
        "codigo_oaci": "SPJR",
        "pais": "Perú",
        "provincia_estado_departamento": "Cajamarca Region",
        "ciudad": "Cajamarca",
        "tipo": "doméstico",
        "elevacion_m": 2676,
        "longitud_pista_m": 2500,
        "entidad_operadora": null,
        "fuente": "CORPAC Perú - Servicios de Información Aeronáutica: https://www.corpac.gob.pe/ | OurAirports: https://davidmegginson.github.io/ourairports-data/airports.csv, https://davidmegginson.github.io/ourairports-data/runways.csv, https://davidmegginson.github.io/ourairports-data/regions.csv",
        "fuente_tipo": "referencia_oficial+fuente_secundaria_complementaria",
        "fuente_oficial": "https://www.corpac.gob.pe/",
        "fuente_secundaria": "https://davidmegginson.github.io/ourairports-data/airports.csv",
        "nivel_fuente_oficial": "portal_aeronautico_oficial",
        "servicio_regular_fuente": "OurAirports scheduled_service=yes",
        "fecha_actualizacion_dato": "2026-08-04",
        "observaciones": "Inclusión basada en scheduled_service=yes y código IATA de OurAirports. La existencia, denominación y códigos deben contrastarse con la AIP vigente antes de uso operacional. Coordenadas, elevación y pista proceden de OurAirports; la pista principal es la mayor pista no cerrada registrada. Campos incompletos: entidad operadora no verificada en una fuente oficial abierta.",
        "roles_adicionales": []
      }
    },
    {
      "type": "Feature",
      "id": "CUZ",
      "geometry": {
        "type": "Point",
        "coordinates": [
          -71.9387969971,
          -13.535699844400002
        ]
      },
      "properties": {
        "clave_union": "CUZ",
        "nombre_oficial": "Alejandro Velasco Astete International Airport",
        "codigo_iata": "CUZ",
        "codigo_oaci": "SPZO",
        "pais": "Perú",
        "provincia_estado_departamento": "Cuzco Region",
        "ciudad": "Cusco",
        "tipo": "internacional",
        "elevacion_m": 3310,
        "longitud_pista_m": 3397,
        "entidad_operadora": null,
        "fuente": "CORPAC Perú - Servicios de Información Aeronáutica: https://www.corpac.gob.pe/ | OurAirports: https://davidmegginson.github.io/ourairports-data/airports.csv, https://davidmegginson.github.io/ourairports-data/runways.csv, https://davidmegginson.github.io/ourairports-data/regions.csv",
        "fuente_tipo": "referencia_oficial+fuente_secundaria_complementaria",
        "fuente_oficial": "https://www.corpac.gob.pe/",
        "fuente_secundaria": "https://davidmegginson.github.io/ourairports-data/airports.csv",
        "nivel_fuente_oficial": "portal_aeronautico_oficial",
        "servicio_regular_fuente": "OurAirports scheduled_service=yes",
        "fecha_actualizacion_dato": "2026-08-04",
        "observaciones": "Inclusión basada en scheduled_service=yes y código IATA de OurAirports. La existencia, denominación y códigos deben contrastarse con la AIP vigente antes de uso operacional. Coordenadas, elevación y pista proceden de OurAirports; la pista principal es la mayor pista no cerrada registrada. Campos incompletos: entidad operadora no verificada en una fuente oficial abierta. Roles adicionales identificados de forma conservadora: función_internacional.",
        "roles_adicionales": [
          "función_internacional"
        ]
      }
    },
    {
      "type": "Feature",
      "id": "HUU",
      "geometry": {
        "type": "Point",
        "coordinates": [
          -76.20480346679688,
          -9.878809928894043
        ]
      },
      "properties": {
        "clave_union": "HUU",
        "nombre_oficial": "Alferez Fap David Figueroa Fernandini Airport",
        "codigo_iata": "HUU",
        "codigo_oaci": "SPNC",
        "pais": "Perú",
        "provincia_estado_departamento": "Huánuco Region",
        "ciudad": "Huánuco",
        "tipo": "doméstico",
        "elevacion_m": 1850,
        "longitud_pista_m": 2500,
        "entidad_operadora": null,
        "fuente": "CORPAC Perú - Servicios de Información Aeronáutica: https://www.corpac.gob.pe/ | OurAirports: https://davidmegginson.github.io/ourairports-data/airports.csv, https://davidmegginson.github.io/ourairports-data/runways.csv, https://davidmegginson.github.io/ourairports-data/regions.csv",
        "fuente_tipo": "referencia_oficial+fuente_secundaria_complementaria",
        "fuente_oficial": "https://www.corpac.gob.pe/",
        "fuente_secundaria": "https://davidmegginson.github.io/ourairports-data/airports.csv",
        "nivel_fuente_oficial": "portal_aeronautico_oficial",
        "servicio_regular_fuente": "OurAirports scheduled_service=yes",
        "fecha_actualizacion_dato": "2026-08-04",
        "observaciones": "Inclusión basada en scheduled_service=yes y código IATA de OurAirports. La existencia, denominación y códigos deben contrastarse con la AIP vigente antes de uso operacional. Coordenadas, elevación y pista proceden de OurAirports; la pista principal es la mayor pista no cerrada registrada. Campos incompletos: entidad operadora no verificada en una fuente oficial abierta.",
        "roles_adicionales": []
      }
    },
    {
      "type": "Feature",
      "id": "ILQ",
      "geometry": {
        "type": "Point",
        "coordinates": [
          -71.344002,
          -17.695
        ]
      },
      "properties": {
        "clave_union": "ILQ",
        "nombre_oficial": "General Jorge Fernandez Maldon Airport",
        "codigo_iata": "ILQ",
        "codigo_oaci": "SPLO",
        "pais": "Perú",
        "provincia_estado_departamento": "Moquegua Region",
        "ciudad": "Ilo",
        "tipo": "doméstico",
        "elevacion_m": 22,
        "longitud_pista_m": 2500,
        "entidad_operadora": null,
        "fuente": "CORPAC Perú - Servicios de Información Aeronáutica: https://www.corpac.gob.pe/ | OurAirports: https://davidmegginson.github.io/ourairports-data/airports.csv, https://davidmegginson.github.io/ourairports-data/runways.csv, https://davidmegginson.github.io/ourairports-data/regions.csv",
        "fuente_tipo": "referencia_oficial+fuente_secundaria_complementaria",
        "fuente_oficial": "https://www.corpac.gob.pe/",
        "fuente_secundaria": "https://davidmegginson.github.io/ourairports-data/airports.csv",
        "nivel_fuente_oficial": "portal_aeronautico_oficial",
        "servicio_regular_fuente": "OurAirports scheduled_service=yes",
        "fecha_actualizacion_dato": "2026-08-04",
        "observaciones": "Inclusión basada en scheduled_service=yes y código IATA de OurAirports. La existencia, denominación y códigos deben contrastarse con la AIP vigente antes de uso operacional. Coordenadas, elevación y pista proceden de OurAirports; la pista principal es la mayor pista no cerrada registrada. Campos incompletos: entidad operadora no verificada en una fuente oficial abierta.",
        "roles_adicionales": []
      }
    },
    {
      "type": "Feature",
      "id": "IQT",
      "geometry": {
        "type": "Point",
        "coordinates": [
          -73.3088,
          -3.78474
        ]
      },
      "properties": {
        "clave_union": "IQT",
        "nombre_oficial": "Coronel FAP Francisco Secada Vignetta International Airport",
        "codigo_iata": "IQT",
        "codigo_oaci": "SPQT",
        "pais": "Perú",
        "provincia_estado_departamento": "Loreto Region",
        "ciudad": "Iquitos",
        "tipo": "internacional",
        "elevacion_m": 93,
        "longitud_pista_m": 2500,
        "entidad_operadora": null,
        "fuente": "CORPAC Perú - Servicios de Información Aeronáutica: https://www.corpac.gob.pe/ | OurAirports: https://davidmegginson.github.io/ourairports-data/airports.csv, https://davidmegginson.github.io/ourairports-data/runways.csv, https://davidmegginson.github.io/ourairports-data/regions.csv",
        "fuente_tipo": "referencia_oficial+fuente_secundaria_complementaria",
        "fuente_oficial": "https://www.corpac.gob.pe/",
        "fuente_secundaria": "https://davidmegginson.github.io/ourairports-data/airports.csv",
        "nivel_fuente_oficial": "portal_aeronautico_oficial",
        "servicio_regular_fuente": "OurAirports scheduled_service=yes",
        "fecha_actualizacion_dato": "2026-08-04",
        "observaciones": "Inclusión basada en scheduled_service=yes y código IATA de OurAirports. La existencia, denominación y códigos deben contrastarse con la AIP vigente antes de uso operacional. Coordenadas, elevación y pista proceden de OurAirports; la pista principal es la mayor pista no cerrada registrada. Campos incompletos: entidad operadora no verificada en una fuente oficial abierta. Roles adicionales identificados de forma conservadora: función_internacional.",
        "roles_adicionales": [
          "función_internacional"
        ]
      }
    },
    {
      "type": "Feature",
      "id": "JAE",
      "geometry": {
        "type": "Point",
        "coordinates": [
          -78.774002,
          -5.59248
        ]
      },
      "properties": {
        "clave_union": "JAE",
        "nombre_oficial": "Shumba Airport",
        "codigo_iata": "JAE",
        "codigo_oaci": "SPJE",
        "pais": "Perú",
        "provincia_estado_departamento": "Cajamarca Region",
        "ciudad": "Jaén",
        "tipo": "doméstico",
        "elevacion_m": 755,
        "longitud_pista_m": 2400,
        "entidad_operadora": null,
        "fuente": "CORPAC Perú - Servicios de Información Aeronáutica: https://www.corpac.gob.pe/ | OurAirports: https://davidmegginson.github.io/ourairports-data/airports.csv, https://davidmegginson.github.io/ourairports-data/runways.csv, https://davidmegginson.github.io/ourairports-data/regions.csv",
        "fuente_tipo": "referencia_oficial+fuente_secundaria_complementaria",
        "fuente_oficial": "https://www.corpac.gob.pe/",
        "fuente_secundaria": "https://davidmegginson.github.io/ourairports-data/airports.csv",
        "nivel_fuente_oficial": "portal_aeronautico_oficial",
        "servicio_regular_fuente": "OurAirports scheduled_service=yes",
        "fecha_actualizacion_dato": "2026-08-04",
        "observaciones": "Inclusión basada en scheduled_service=yes y código IATA de OurAirports. La existencia, denominación y códigos deben contrastarse con la AIP vigente antes de uso operacional. Coordenadas, elevación y pista proceden de OurAirports; la pista principal es la mayor pista no cerrada registrada. Campos incompletos: entidad operadora no verificada en una fuente oficial abierta.",
        "roles_adicionales": []
      }
    },
    {
      "type": "Feature",
      "id": "JAU",
      "geometry": {
        "type": "Point",
        "coordinates": [
          -75.47339630130001,
          -11.7831001282
        ]
      },
      "properties": {
        "clave_union": "JAU",
        "nombre_oficial": "Francisco Carle Airport",
        "codigo_iata": "JAU",
        "codigo_oaci": "SPJJ",
        "pais": "Perú",
        "provincia_estado_departamento": "Junín Region",
        "ciudad": "Jauja",
        "tipo": "doméstico",
        "elevacion_m": 3363,
        "longitud_pista_m": 2810,
        "entidad_operadora": null,
        "fuente": "CORPAC Perú - Servicios de Información Aeronáutica: https://www.corpac.gob.pe/ | OurAirports: https://davidmegginson.github.io/ourairports-data/airports.csv, https://davidmegginson.github.io/ourairports-data/runways.csv, https://davidmegginson.github.io/ourairports-data/regions.csv",
        "fuente_tipo": "referencia_oficial+fuente_secundaria_complementaria",
        "fuente_oficial": "https://www.corpac.gob.pe/",
        "fuente_secundaria": "https://davidmegginson.github.io/ourairports-data/airports.csv",
        "nivel_fuente_oficial": "portal_aeronautico_oficial",
        "servicio_regular_fuente": "OurAirports scheduled_service=yes",
        "fecha_actualizacion_dato": "2026-08-04",
        "observaciones": "Inclusión basada en scheduled_service=yes y código IATA de OurAirports. La existencia, denominación y códigos deben contrastarse con la AIP vigente antes de uso operacional. Coordenadas, elevación y pista proceden de OurAirports; la pista principal es la mayor pista no cerrada registrada. Campos incompletos: entidad operadora no verificada en una fuente oficial abierta.",
        "roles_adicionales": []
      }
    },
    {
      "type": "Feature",
      "id": "JUL",
      "geometry": {
        "type": "Point",
        "coordinates": [
          -70.15653,
          -15.467689
        ]
      },
      "properties": {
        "clave_union": "JUL",
        "nombre_oficial": "Inca Manco Capac International Airport",
        "codigo_iata": "JUL",
        "codigo_oaci": "SPJL",
        "pais": "Perú",
        "provincia_estado_departamento": "Puno Region",
        "ciudad": "Juliaca",
        "tipo": "internacional",
        "elevacion_m": 3826,
        "longitud_pista_m": 4200,
        "entidad_operadora": null,
        "fuente": "CORPAC Perú - Servicios de Información Aeronáutica: https://www.corpac.gob.pe/ | OurAirports: https://davidmegginson.github.io/ourairports-data/airports.csv, https://davidmegginson.github.io/ourairports-data/runways.csv, https://davidmegginson.github.io/ourairports-data/regions.csv",
        "fuente_tipo": "referencia_oficial+fuente_secundaria_complementaria",
        "fuente_oficial": "https://www.corpac.gob.pe/",
        "fuente_secundaria": "https://davidmegginson.github.io/ourairports-data/airports.csv",
        "nivel_fuente_oficial": "portal_aeronautico_oficial",
        "servicio_regular_fuente": "OurAirports scheduled_service=yes",
        "fecha_actualizacion_dato": "2026-08-04",
        "observaciones": "Inclusión basada en scheduled_service=yes y código IATA de OurAirports. La existencia, denominación y códigos deben contrastarse con la AIP vigente antes de uso operacional. Coordenadas, elevación y pista proceden de OurAirports; la pista principal es la mayor pista no cerrada registrada. Campos incompletos: entidad operadora no verificada en una fuente oficial abierta. Roles adicionales identificados de forma conservadora: función_internacional.",
        "roles_adicionales": [
          "función_internacional"
        ]
      }
    },
    {
      "type": "Feature",
      "id": "LIM",
      "geometry": {
        "type": "Point",
        "coordinates": [
          -77.114305,
          -12.0219
        ]
      },
      "properties": {
        "clave_union": "LIM",
        "nombre_oficial": "Jorge Chávez International Airport",
        "codigo_iata": "LIM",
        "codigo_oaci": "SPJC",
        "pais": "Perú",
        "provincia_estado_departamento": "Lima Region",
        "ciudad": "Lima",
        "tipo": "internacional",
        "elevacion_m": 34,
        "longitud_pista_m": 3507,
        "entidad_operadora": "Lima Airport Partners S.R.L.",
        "fuente": "CORPAC Perú - Servicios de Información Aeronáutica: https://www.corpac.gob.pe/ | OurAirports: https://davidmegginson.github.io/ourairports-data/airports.csv, https://davidmegginson.github.io/ourairports-data/runways.csv, https://davidmegginson.github.io/ourairports-data/regions.csv",
        "fuente_tipo": "referencia_oficial+fuente_secundaria_complementaria",
        "fuente_oficial": "https://www.corpac.gob.pe/",
        "fuente_secundaria": "https://davidmegginson.github.io/ourairports-data/airports.csv",
        "nivel_fuente_oficial": "portal_aeronautico_oficial",
        "servicio_regular_fuente": "OurAirports scheduled_service=yes",
        "fecha_actualizacion_dato": "2026-08-04",
        "observaciones": "Inclusión basada en scheduled_service=yes y código IATA de OurAirports. La existencia, denominación y códigos deben contrastarse con la AIP vigente antes de uso operacional. Coordenadas, elevación y pista proceden de OurAirports; la pista principal es la mayor pista no cerrada registrada. Roles adicionales identificados de forma conservadora: carga_relevante, función_internacional.",
        "roles_adicionales": [
          "carga_relevante",
          "función_internacional"
        ]
      }
    },
    {
      "type": "Feature",
      "id": "NZC",
      "geometry": {
        "type": "Point",
        "coordinates": [
          -74.961502,
          -14.854
        ]
      },
      "properties": {
        "clave_union": "NZC",
        "nombre_oficial": "Maria Reiche Neuman Airport",
        "codigo_iata": "NZC",
        "codigo_oaci": "SPZA",
        "pais": "Perú",
        "provincia_estado_departamento": "Ica Region",
        "ciudad": "Nazca",
        "tipo": "doméstico",
        "elevacion_m": 567,
        "longitud_pista_m": 1023,
        "entidad_operadora": null,
        "fuente": "CORPAC Perú - Servicios de Información Aeronáutica: https://www.corpac.gob.pe/ | OurAirports: https://davidmegginson.github.io/ourairports-data/airports.csv, https://davidmegginson.github.io/ourairports-data/runways.csv, https://davidmegginson.github.io/ourairports-data/regions.csv",
        "fuente_tipo": "referencia_oficial+fuente_secundaria_complementaria",
        "fuente_oficial": "https://www.corpac.gob.pe/",
        "fuente_secundaria": "https://davidmegginson.github.io/ourairports-data/airports.csv",
        "nivel_fuente_oficial": "portal_aeronautico_oficial",
        "servicio_regular_fuente": "OurAirports scheduled_service=yes",
        "fecha_actualizacion_dato": "2026-08-04",
        "observaciones": "Inclusión basada en scheduled_service=yes y código IATA de OurAirports. La existencia, denominación y códigos deben contrastarse con la AIP vigente antes de uso operacional. Coordenadas, elevación y pista proceden de OurAirports; la pista principal es la mayor pista no cerrada registrada. Campos incompletos: entidad operadora no verificada en una fuente oficial abierta.",
        "roles_adicionales": []
      }
    },
    {
      "type": "Feature",
      "id": "PCL",
      "geometry": {
        "type": "Point",
        "coordinates": [
          -74.574495,
          -8.378064
        ]
      },
      "properties": {
        "clave_union": "PCL",
        "nombre_oficial": "Cap FAP David Abenzur Rengifo International Airport",
        "codigo_iata": "PCL",
        "codigo_oaci": "SPCL",
        "pais": "Perú",
        "provincia_estado_departamento": "Ucayali Region",
        "ciudad": "Pucallpa",
        "tipo": "internacional",
        "elevacion_m": 156,
        "longitud_pista_m": 2800,
        "entidad_operadora": null,
        "fuente": "CORPAC Perú - Servicios de Información Aeronáutica: https://www.corpac.gob.pe/ | OurAirports: https://davidmegginson.github.io/ourairports-data/airports.csv, https://davidmegginson.github.io/ourairports-data/runways.csv, https://davidmegginson.github.io/ourairports-data/regions.csv",
        "fuente_tipo": "referencia_oficial+fuente_secundaria_complementaria",
        "fuente_oficial": "https://www.corpac.gob.pe/",
        "fuente_secundaria": "https://davidmegginson.github.io/ourairports-data/airports.csv",
        "nivel_fuente_oficial": "portal_aeronautico_oficial",
        "servicio_regular_fuente": "OurAirports scheduled_service=yes",
        "fecha_actualizacion_dato": "2026-08-04",
        "observaciones": "Inclusión basada en scheduled_service=yes y código IATA de OurAirports. La existencia, denominación y códigos deben contrastarse con la AIP vigente antes de uso operacional. Coordenadas, elevación y pista proceden de OurAirports; la pista principal es la mayor pista no cerrada registrada. Campos incompletos: entidad operadora no verificada en una fuente oficial abierta. Roles adicionales identificados de forma conservadora: función_internacional.",
        "roles_adicionales": [
          "función_internacional"
        ]
      }
    },
    {
      "type": "Feature",
      "id": "PEM",
      "geometry": {
        "type": "Point",
        "coordinates": [
          -69.2285995483,
          -12.6135997772
        ]
      },
      "properties": {
        "clave_union": "PEM",
        "nombre_oficial": "Padre Aldamiz International Airport",
        "codigo_iata": "PEM",
        "codigo_oaci": "SPTU",
        "pais": "Perú",
        "provincia_estado_departamento": "Madre de Dios Region",
        "ciudad": "Puerto Maldonado",
        "tipo": "internacional",
        "elevacion_m": 201,
        "longitud_pista_m": 3500,
        "entidad_operadora": null,
        "fuente": "CORPAC Perú - Servicios de Información Aeronáutica: https://www.corpac.gob.pe/ | OurAirports: https://davidmegginson.github.io/ourairports-data/airports.csv, https://davidmegginson.github.io/ourairports-data/runways.csv, https://davidmegginson.github.io/ourairports-data/regions.csv",
        "fuente_tipo": "referencia_oficial+fuente_secundaria_complementaria",
        "fuente_oficial": "https://www.corpac.gob.pe/",
        "fuente_secundaria": "https://davidmegginson.github.io/ourairports-data/airports.csv",
        "nivel_fuente_oficial": "portal_aeronautico_oficial",
        "servicio_regular_fuente": "OurAirports scheduled_service=yes",
        "fecha_actualizacion_dato": "2026-08-04",
        "observaciones": "Inclusión basada en scheduled_service=yes y código IATA de OurAirports. La existencia, denominación y códigos deben contrastarse con la AIP vigente antes de uso operacional. Coordenadas, elevación y pista proceden de OurAirports; la pista principal es la mayor pista no cerrada registrada. Campos incompletos: entidad operadora no verificada en una fuente oficial abierta. Roles adicionales identificados de forma conservadora: función_internacional.",
        "roles_adicionales": [
          "función_internacional"
        ]
      }
    },
    {
      "type": "Feature",
      "id": "PIU",
      "geometry": {
        "type": "Point",
        "coordinates": [
          -80.616402,
          -5.20575
        ]
      },
      "properties": {
        "clave_union": "PIU",
        "nombre_oficial": "PAF Captain Guillermo Concha Iberico International Airport",
        "codigo_iata": "PIU",
        "codigo_oaci": "SPUR",
        "pais": "Perú",
        "provincia_estado_departamento": "Piura Region",
        "ciudad": "Piura",
        "tipo": "internacional",
        "elevacion_m": 37,
        "longitud_pista_m": 2500,
        "entidad_operadora": null,
        "fuente": "CORPAC Perú - Servicios de Información Aeronáutica: https://www.corpac.gob.pe/ | OurAirports: https://davidmegginson.github.io/ourairports-data/airports.csv, https://davidmegginson.github.io/ourairports-data/runways.csv, https://davidmegginson.github.io/ourairports-data/regions.csv",
        "fuente_tipo": "referencia_oficial+fuente_secundaria_complementaria",
        "fuente_oficial": "https://www.corpac.gob.pe/",
        "fuente_secundaria": "https://davidmegginson.github.io/ourairports-data/airports.csv",
        "nivel_fuente_oficial": "portal_aeronautico_oficial",
        "servicio_regular_fuente": "OurAirports scheduled_service=yes",
        "fecha_actualizacion_dato": "2026-08-04",
        "observaciones": "Inclusión basada en scheduled_service=yes y código IATA de OurAirports. La existencia, denominación y códigos deben contrastarse con la AIP vigente antes de uso operacional. Coordenadas, elevación y pista proceden de OurAirports; la pista principal es la mayor pista no cerrada registrada. Campos incompletos: entidad operadora no verificada en una fuente oficial abierta. Roles adicionales identificados de forma conservadora: función_internacional.",
        "roles_adicionales": [
          "función_internacional"
        ]
      }
    },
    {
      "type": "Feature",
      "id": "TBP",
      "geometry": {
        "type": "Point",
        "coordinates": [
          -80.381086,
          -3.552074
        ]
      },
      "properties": {
        "clave_union": "TBP",
        "nombre_oficial": "Captain Pedro Canga Rodríguez International Airport",
        "codigo_iata": "TBP",
        "codigo_oaci": "SPME",
        "pais": "Perú",
        "provincia_estado_departamento": "Tumbes Region",
        "ciudad": "Tumbes",
        "tipo": "internacional",
        "elevacion_m": 35,
        "longitud_pista_m": 2500,
        "entidad_operadora": null,
        "fuente": "CORPAC Perú - Servicios de Información Aeronáutica: https://www.corpac.gob.pe/ | OurAirports: https://davidmegginson.github.io/ourairports-data/airports.csv, https://davidmegginson.github.io/ourairports-data/runways.csv, https://davidmegginson.github.io/ourairports-data/regions.csv",
        "fuente_tipo": "referencia_oficial+fuente_secundaria_complementaria",
        "fuente_oficial": "https://www.corpac.gob.pe/",
        "fuente_secundaria": "https://davidmegginson.github.io/ourairports-data/airports.csv",
        "nivel_fuente_oficial": "portal_aeronautico_oficial",
        "servicio_regular_fuente": "OurAirports scheduled_service=yes",
        "fecha_actualizacion_dato": "2026-08-04",
        "observaciones": "Inclusión basada en scheduled_service=yes y código IATA de OurAirports. La existencia, denominación y códigos deben contrastarse con la AIP vigente antes de uso operacional. Coordenadas, elevación y pista proceden de OurAirports; la pista principal es la mayor pista no cerrada registrada. Campos incompletos: entidad operadora no verificada en una fuente oficial abierta. Roles adicionales identificados de forma conservadora: función_internacional.",
        "roles_adicionales": [
          "función_internacional"
        ]
      }
    },
    {
      "type": "Feature",
      "id": "TCQ",
      "geometry": {
        "type": "Point",
        "coordinates": [
          -70.2758026123,
          -18.053300857500002
        ]
      },
      "properties": {
        "clave_union": "TCQ",
        "nombre_oficial": "Coronel FAP Carlos Ciriani Santa Rosa International Airport",
        "codigo_iata": "TCQ",
        "codigo_oaci": "SPTN",
        "pais": "Perú",
        "provincia_estado_departamento": "Tacna Region",
        "ciudad": "Tacna",
        "tipo": "militar-mixto",
        "elevacion_m": 469,
        "longitud_pista_m": 2500,
        "entidad_operadora": null,
        "fuente": "CORPAC Perú - Servicios de Información Aeronáutica: https://www.corpac.gob.pe/ | OurAirports: https://davidmegginson.github.io/ourairports-data/airports.csv, https://davidmegginson.github.io/ourairports-data/runways.csv, https://davidmegginson.github.io/ourairports-data/regions.csv",
        "fuente_tipo": "referencia_oficial+fuente_secundaria_complementaria",
        "fuente_oficial": "https://www.corpac.gob.pe/",
        "fuente_secundaria": "https://davidmegginson.github.io/ourairports-data/airports.csv",
        "nivel_fuente_oficial": "portal_aeronautico_oficial",
        "servicio_regular_fuente": "OurAirports scheduled_service=yes",
        "fecha_actualizacion_dato": "2026-08-04",
        "observaciones": "Inclusión basada en scheduled_service=yes y código IATA de OurAirports. La existencia, denominación y códigos deben contrastarse con la AIP vigente antes de uso operacional. Coordenadas, elevación y pista proceden de OurAirports; la pista principal es la mayor pista no cerrada registrada. Campos incompletos: entidad operadora no verificada en una fuente oficial abierta. Roles adicionales identificados de forma conservadora: uso_militar_compartido.",
        "roles_adicionales": [
          "uso_militar_compartido"
        ]
      }
    },
    {
      "type": "Feature",
      "id": "TPP",
      "geometry": {
        "type": "Point",
        "coordinates": [
          -76.37319946289062,
          -6.508739948272705
        ]
      },
      "properties": {
        "clave_union": "TPP",
        "nombre_oficial": "Cadete FAP Guillermo Del Castillo Paredes Airport",
        "codigo_iata": "TPP",
        "codigo_oaci": "SPST",
        "pais": "Perú",
        "provincia_estado_departamento": "San Martín Region",
        "ciudad": "Tarapoto",
        "tipo": "doméstico",
        "elevacion_m": 265,
        "longitud_pista_m": 2600,
        "entidad_operadora": null,
        "fuente": "CORPAC Perú - Servicios de Información Aeronáutica: https://www.corpac.gob.pe/ | OurAirports: https://davidmegginson.github.io/ourairports-data/airports.csv, https://davidmegginson.github.io/ourairports-data/runways.csv, https://davidmegginson.github.io/ourairports-data/regions.csv",
        "fuente_tipo": "referencia_oficial+fuente_secundaria_complementaria",
        "fuente_oficial": "https://www.corpac.gob.pe/",
        "fuente_secundaria": "https://davidmegginson.github.io/ourairports-data/airports.csv",
        "nivel_fuente_oficial": "portal_aeronautico_oficial",
        "servicio_regular_fuente": "OurAirports scheduled_service=yes",
        "fecha_actualizacion_dato": "2026-08-04",
        "observaciones": "Inclusión basada en scheduled_service=yes y código IATA de OurAirports. La existencia, denominación y códigos deben contrastarse con la AIP vigente antes de uso operacional. Coordenadas, elevación y pista proceden de OurAirports; la pista principal es la mayor pista no cerrada registrada. Campos incompletos: entidad operadora no verificada en una fuente oficial abierta.",
        "roles_adicionales": []
      }
    },
    {
      "type": "Feature",
      "id": "TRU",
      "geometry": {
        "type": "Point",
        "coordinates": [
          -79.108821,
          -8.082382
        ]
      },
      "properties": {
        "clave_union": "TRU",
        "nombre_oficial": "Capitán FAP Carlos Martínez de Pinillos International Airport",
        "codigo_iata": "TRU",
        "codigo_oaci": "SPRU",
        "pais": "Perú",
        "provincia_estado_departamento": "La Libertad Region",
        "ciudad": "Trujillo",
        "tipo": "internacional",
        "elevacion_m": 32,
        "longitud_pista_m": 3024,
        "entidad_operadora": null,
        "fuente": "CORPAC Perú - Servicios de Información Aeronáutica: https://www.corpac.gob.pe/ | OurAirports: https://davidmegginson.github.io/ourairports-data/airports.csv, https://davidmegginson.github.io/ourairports-data/runways.csv, https://davidmegginson.github.io/ourairports-data/regions.csv",
        "fuente_tipo": "referencia_oficial+fuente_secundaria_complementaria",
        "fuente_oficial": "https://www.corpac.gob.pe/",
        "fuente_secundaria": "https://davidmegginson.github.io/ourairports-data/airports.csv",
        "nivel_fuente_oficial": "portal_aeronautico_oficial",
        "servicio_regular_fuente": "OurAirports scheduled_service=yes",
        "fecha_actualizacion_dato": "2026-08-04",
        "observaciones": "Inclusión basada en scheduled_service=yes y código IATA de OurAirports. La existencia, denominación y códigos deben contrastarse con la AIP vigente antes de uso operacional. Coordenadas, elevación y pista proceden de OurAirports; la pista principal es la mayor pista no cerrada registrada. Campos incompletos: entidad operadora no verificada en una fuente oficial abierta. Roles adicionales identificados de forma conservadora: función_internacional.",
        "roles_adicionales": [
          "función_internacional"
        ]
      }
    },
    {
      "type": "Feature",
      "id": "TYL",
      "geometry": {
        "type": "Point",
        "coordinates": [
          -81.254097,
          -4.57664
        ]
      },
      "properties": {
        "clave_union": "TYL",
        "nombre_oficial": "Captain Victor Montes Arias International Airport",
        "codigo_iata": "TYL",
        "codigo_oaci": "SPYL",
        "pais": "Perú",
        "provincia_estado_departamento": "Piura Region",
        "ciudad": "Talara",
        "tipo": "internacional",
        "elevacion_m": 86,
        "longitud_pista_m": 2450,
        "entidad_operadora": null,
        "fuente": "CORPAC Perú - Servicios de Información Aeronáutica: https://www.corpac.gob.pe/ | OurAirports: https://davidmegginson.github.io/ourairports-data/airports.csv, https://davidmegginson.github.io/ourairports-data/runways.csv, https://davidmegginson.github.io/ourairports-data/regions.csv",
        "fuente_tipo": "referencia_oficial+fuente_secundaria_complementaria",
        "fuente_oficial": "https://www.corpac.gob.pe/",
        "fuente_secundaria": "https://davidmegginson.github.io/ourairports-data/airports.csv",
        "nivel_fuente_oficial": "portal_aeronautico_oficial",
        "servicio_regular_fuente": "OurAirports scheduled_service=yes",
        "fecha_actualizacion_dato": "2026-08-04",
        "observaciones": "Inclusión basada en scheduled_service=yes y código IATA de OurAirports. La existencia, denominación y códigos deben contrastarse con la AIP vigente antes de uso operacional. Coordenadas, elevación y pista proceden de OurAirports; la pista principal es la mayor pista no cerrada registrada. Campos incompletos: entidad operadora no verificada en una fuente oficial abierta. Roles adicionales identificados de forma conservadora: función_internacional.",
        "roles_adicionales": [
          "función_internacional"
        ]
      }
    },
    {
      "type": "Feature",
      "id": "YMS",
      "geometry": {
        "type": "Point",
        "coordinates": [
          -76.118202,
          -5.89377
        ]
      },
      "properties": {
        "clave_union": "YMS",
        "nombre_oficial": "Moises Benzaquen Rengifo Airport",
        "codigo_iata": "YMS",
        "codigo_oaci": "SPMS",
        "pais": "Perú",
        "provincia_estado_departamento": "Loreto Region",
        "ciudad": "Yurimaguas",
        "tipo": "doméstico",
        "elevacion_m": 179,
        "longitud_pista_m": 1802,
        "entidad_operadora": null,
        "fuente": "CORPAC Perú - Servicios de Información Aeronáutica: https://www.corpac.gob.pe/ | OurAirports: https://davidmegginson.github.io/ourairports-data/airports.csv, https://davidmegginson.github.io/ourairports-data/runways.csv, https://davidmegginson.github.io/ourairports-data/regions.csv",
        "fuente_tipo": "referencia_oficial+fuente_secundaria_complementaria",
        "fuente_oficial": "https://www.corpac.gob.pe/",
        "fuente_secundaria": "https://davidmegginson.github.io/ourairports-data/airports.csv",
        "nivel_fuente_oficial": "portal_aeronautico_oficial",
        "servicio_regular_fuente": "OurAirports scheduled_service=yes",
        "fecha_actualizacion_dato": "2026-08-04",
        "observaciones": "Inclusión basada en scheduled_service=yes y código IATA de OurAirports. La existencia, denominación y códigos deben contrastarse con la AIP vigente antes de uso operacional. Coordenadas, elevación y pista proceden de OurAirports; la pista principal es la mayor pista no cerrada registrada. Campos incompletos: entidad operadora no verificada en una fuente oficial abierta.",
        "roles_adicionales": []
      }
    },
    {
      "type": "Feature",
      "id": "AGI",
      "geometry": {
        "type": "Point",
        "coordinates": [
          -56.673247,
          5.841252
        ]
      },
      "properties": {
        "clave_union": "AGI",
        "nombre_oficial": "Wageningen Airstrip",
        "codigo_iata": "AGI",
        "codigo_oaci": "SMWA",
        "pais": "Surinam",
        "provincia_estado_departamento": "Nickerie",
        "ciudad": "Wageningen",
        "tipo": "doméstico",
        "elevacion_m": 2,
        "longitud_pista_m": null,
        "entidad_operadora": null,
        "fuente": "Civil Aviation Safety Authority Suriname - AIS: https://www.casas.sr/act-and-regulations/ | OurAirports: https://davidmegginson.github.io/ourairports-data/airports.csv, https://davidmegginson.github.io/ourairports-data/runways.csv, https://davidmegginson.github.io/ourairports-data/regions.csv",
        "fuente_tipo": "referencia_oficial+fuente_secundaria_complementaria",
        "fuente_oficial": "https://www.casas.sr/act-and-regulations/",
        "fuente_secundaria": "https://davidmegginson.github.io/ourairports-data/airports.csv",
        "nivel_fuente_oficial": "portal_aeronautico_oficial",
        "servicio_regular_fuente": "OurAirports scheduled_service=yes",
        "fecha_actualizacion_dato": "2026-08-04",
        "observaciones": "Inclusión basada en scheduled_service=yes y código IATA de OurAirports. La existencia, denominación y códigos deben contrastarse con la AIP vigente antes de uso operacional. Coordenadas, elevación y pista proceden de OurAirports; la pista principal es la mayor pista no cerrada registrada. Campos incompletos: longitud de pista principal no disponible; entidad operadora no verificada en una fuente oficial abierta.",
        "roles_adicionales": []
      }
    },
    {
      "type": "Feature",
      "id": "DRJ",
      "geometry": {
        "type": "Point",
        "coordinates": [
          -54.672766,
          4.111359
        ]
      },
      "properties": {
        "clave_union": "DRJ",
        "nombre_oficial": "Drietabbetje Airport",
        "codigo_iata": "DRJ",
        "codigo_oaci": "SMDA",
        "pais": "Surinam",
        "provincia_estado_departamento": "Sipaliwini",
        "ciudad": "Drietabbetje",
        "tipo": "doméstico",
        "elevacion_m": 72,
        "longitud_pista_m": null,
        "entidad_operadora": null,
        "fuente": "Civil Aviation Safety Authority Suriname - AIS: https://www.casas.sr/act-and-regulations/ | OurAirports: https://davidmegginson.github.io/ourairports-data/airports.csv, https://davidmegginson.github.io/ourairports-data/runways.csv, https://davidmegginson.github.io/ourairports-data/regions.csv",
        "fuente_tipo": "referencia_oficial+fuente_secundaria_complementaria",
        "fuente_oficial": "https://www.casas.sr/act-and-regulations/",
        "fuente_secundaria": "https://davidmegginson.github.io/ourairports-data/airports.csv",
        "nivel_fuente_oficial": "portal_aeronautico_oficial",
        "servicio_regular_fuente": "OurAirports scheduled_service=yes",
        "fecha_actualizacion_dato": "2026-08-04",
        "observaciones": "Inclusión basada en scheduled_service=yes y código IATA de OurAirports. La existencia, denominación y códigos deben contrastarse con la AIP vigente antes de uso operacional. Coordenadas, elevación y pista proceden de OurAirports; la pista principal es la mayor pista no cerrada registrada. Campos incompletos: longitud de pista principal no disponible; entidad operadora no verificada en una fuente oficial abierta.",
        "roles_adicionales": []
      }
    },
    {
      "type": "Feature",
      "id": "EAX",
      "geometry": {
        "type": "Point",
        "coordinates": [
          -55.189504,
          5.863807
        ]
      },
      "properties": {
        "clave_union": "EAX",
        "nombre_oficial": "Eduard Alexander Gummels Airport",
        "codigo_iata": "EAX",
        "codigo_oaci": "SMEG",
        "pais": "Surinam",
        "provincia_estado_departamento": "Paramaribo",
        "ciudad": "Kwatta",
        "tipo": "doméstico",
        "elevacion_m": 15,
        "longitud_pista_m": 1199,
        "entidad_operadora": null,
        "fuente": "Civil Aviation Safety Authority Suriname - AIS: https://www.casas.sr/act-and-regulations/ | OurAirports: https://davidmegginson.github.io/ourairports-data/airports.csv, https://davidmegginson.github.io/ourairports-data/runways.csv, https://davidmegginson.github.io/ourairports-data/regions.csv",
        "fuente_tipo": "referencia_oficial+fuente_secundaria_complementaria",
        "fuente_oficial": "https://www.casas.sr/act-and-regulations/",
        "fuente_secundaria": "https://davidmegginson.github.io/ourairports-data/airports.csv",
        "nivel_fuente_oficial": "portal_aeronautico_oficial",
        "servicio_regular_fuente": "OurAirports scheduled_service=yes",
        "fecha_actualizacion_dato": "2026-08-04",
        "observaciones": "Inclusión basada en scheduled_service=yes y código IATA de OurAirports. La existencia, denominación y códigos deben contrastarse con la AIP vigente antes de uso operacional. Coordenadas, elevación y pista proceden de OurAirports; la pista principal es la mayor pista no cerrada registrada. Campos incompletos: entidad operadora no verificada en una fuente oficial abierta.",
        "roles_adicionales": []
      }
    },
    {
      "type": "Feature",
      "id": "MOJ",
      "geometry": {
        "type": "Point",
        "coordinates": [
          -54.4003,
          5.6076
        ]
      },
      "properties": {
        "clave_union": "MOJ",
        "nombre_oficial": "Moengo Airstrip",
        "codigo_iata": "MOJ",
        "codigo_oaci": "SMMO",
        "pais": "Surinam",
        "provincia_estado_departamento": "Marowijne",
        "ciudad": "Moengo",
        "tipo": "doméstico",
        "elevacion_m": 15,
        "longitud_pista_m": null,
        "entidad_operadora": null,
        "fuente": "Civil Aviation Safety Authority Suriname - AIS: https://www.casas.sr/act-and-regulations/ | OurAirports: https://davidmegginson.github.io/ourairports-data/airports.csv, https://davidmegginson.github.io/ourairports-data/runways.csv, https://davidmegginson.github.io/ourairports-data/regions.csv",
        "fuente_tipo": "referencia_oficial+fuente_secundaria_complementaria",
        "fuente_oficial": "https://www.casas.sr/act-and-regulations/",
        "fuente_secundaria": "https://davidmegginson.github.io/ourairports-data/airports.csv",
        "nivel_fuente_oficial": "portal_aeronautico_oficial",
        "servicio_regular_fuente": "OurAirports scheduled_service=yes",
        "fecha_actualizacion_dato": "2026-08-04",
        "observaciones": "Inclusión basada en scheduled_service=yes y código IATA de OurAirports. La existencia, denominación y códigos deben contrastarse con la AIP vigente antes de uso operacional. Coordenadas, elevación y pista proceden de OurAirports; la pista principal es la mayor pista no cerrada registrada. Campos incompletos: longitud de pista principal no disponible; entidad operadora no verificada en una fuente oficial abierta.",
        "roles_adicionales": []
      }
    },
    {
      "type": "Feature",
      "id": "ORG",
      "geometry": {
        "type": "Point",
        "coordinates": [
          -55.192299,
          5.811211
        ]
      },
      "properties": {
        "clave_union": "ORG",
        "nombre_oficial": "Zorg en Hoop Airport",
        "codigo_iata": "ORG",
        "codigo_oaci": "SMZO",
        "pais": "Surinam",
        "provincia_estado_departamento": "Paramaribo",
        "ciudad": "Paramaribo",
        "tipo": "doméstico",
        "elevacion_m": 3,
        "longitud_pista_m": 750,
        "entidad_operadora": null,
        "fuente": "Civil Aviation Safety Authority Suriname - AIS: https://www.casas.sr/act-and-regulations/ | OurAirports: https://davidmegginson.github.io/ourairports-data/airports.csv, https://davidmegginson.github.io/ourairports-data/runways.csv, https://davidmegginson.github.io/ourairports-data/regions.csv",
        "fuente_tipo": "referencia_oficial+fuente_secundaria_complementaria",
        "fuente_oficial": "https://www.casas.sr/act-and-regulations/",
        "fuente_secundaria": "https://davidmegginson.github.io/ourairports-data/airports.csv",
        "nivel_fuente_oficial": "portal_aeronautico_oficial",
        "servicio_regular_fuente": "OurAirports scheduled_service=yes",
        "fecha_actualizacion_dato": "2026-08-04",
        "observaciones": "Inclusión basada en scheduled_service=yes y código IATA de OurAirports. La existencia, denominación y códigos deben contrastarse con la AIP vigente antes de uso operacional. Coordenadas, elevación y pista proceden de OurAirports; la pista principal es la mayor pista no cerrada registrada. Campos incompletos: entidad operadora no verificada en una fuente oficial abierta.",
        "roles_adicionales": []
      }
    },
    {
      "type": "Feature",
      "id": "PBM",
      "geometry": {
        "type": "Point",
        "coordinates": [
          -55.187801,
          5.45283
        ]
      },
      "properties": {
        "clave_union": "PBM",
        "nombre_oficial": "Johan Adolf Pengel International Airport",
        "codigo_iata": "PBM",
        "codigo_oaci": "SMJP",
        "pais": "Surinam",
        "provincia_estado_departamento": "Para",
        "ciudad": "Paramaribo",
        "tipo": "internacional",
        "elevacion_m": 18,
        "longitud_pista_m": 3480,
        "entidad_operadora": null,
        "fuente": "Civil Aviation Safety Authority Suriname - AIS: https://www.casas.sr/act-and-regulations/ | OurAirports: https://davidmegginson.github.io/ourairports-data/airports.csv, https://davidmegginson.github.io/ourairports-data/runways.csv, https://davidmegginson.github.io/ourairports-data/regions.csv",
        "fuente_tipo": "referencia_oficial+fuente_secundaria_complementaria",
        "fuente_oficial": "https://www.casas.sr/act-and-regulations/",
        "fuente_secundaria": "https://davidmegginson.github.io/ourairports-data/airports.csv",
        "nivel_fuente_oficial": "portal_aeronautico_oficial",
        "servicio_regular_fuente": "OurAirports scheduled_service=yes",
        "fecha_actualizacion_dato": "2026-08-04",
        "observaciones": "Inclusión basada en scheduled_service=yes y código IATA de OurAirports. La existencia, denominación y códigos deben contrastarse con la AIP vigente antes de uso operacional. Coordenadas, elevación y pista proceden de OurAirports; la pista principal es la mayor pista no cerrada registrada. Campos incompletos: entidad operadora no verificada en una fuente oficial abierta. Roles adicionales identificados de forma conservadora: carga_relevante, función_internacional.",
        "roles_adicionales": [
          "carga_relevante",
          "función_internacional"
        ]
      }
    },
    {
      "type": "Feature",
      "id": "MVD",
      "geometry": {
        "type": "Point",
        "coordinates": [
          -56.026497,
          -34.835647
        ]
      },
      "properties": {
        "clave_union": "MVD",
        "nombre_oficial": "Carrasco General Cesáreo L. Berisso International Airport",
        "codigo_iata": "MVD",
        "codigo_oaci": "SUMU",
        "pais": "Uruguay",
        "provincia_estado_departamento": "Canelones Department",
        "ciudad": "Ciudad de la Costa",
        "tipo": "internacional",
        "elevacion_m": 32,
        "longitud_pista_m": 3200,
        "entidad_operadora": "Aeropuertos Uruguay",
        "fuente": "DINACIA Uruguay - AIS / AIP: https://www.dinacia.gub.uy/ais | OurAirports: https://davidmegginson.github.io/ourairports-data/airports.csv, https://davidmegginson.github.io/ourairports-data/runways.csv, https://davidmegginson.github.io/ourairports-data/regions.csv",
        "fuente_tipo": "referencia_oficial+fuente_secundaria_complementaria",
        "fuente_oficial": "https://www.dinacia.gub.uy/ais",
        "fuente_secundaria": "https://davidmegginson.github.io/ourairports-data/airports.csv",
        "nivel_fuente_oficial": "aip_oficial_localizado",
        "servicio_regular_fuente": "OurAirports scheduled_service=yes",
        "fecha_actualizacion_dato": "2026-08-04",
        "observaciones": "Inclusión basada en scheduled_service=yes y código IATA de OurAirports. La existencia, denominación y códigos deben contrastarse con la AIP vigente antes de uso operacional. Coordenadas, elevación y pista proceden de OurAirports; la pista principal es la mayor pista no cerrada registrada. Roles adicionales identificados de forma conservadora: carga_relevante, función_internacional.",
        "roles_adicionales": [
          "carga_relevante",
          "función_internacional"
        ]
      }
    },
    {
      "type": "Feature",
      "id": "PDP",
      "geometry": {
        "type": "Point",
        "coordinates": [
          -55.094299,
          -34.855099
        ]
      },
      "properties": {
        "clave_union": "PDP",
        "nombre_oficial": "Capitan Corbeta CA Curbelo International Airport",
        "codigo_iata": "PDP",
        "codigo_oaci": "SULS",
        "pais": "Uruguay",
        "provincia_estado_departamento": "Maldonado Department",
        "ciudad": "Punta del Este",
        "tipo": "internacional",
        "elevacion_m": 29,
        "longitud_pista_m": 2133,
        "entidad_operadora": "Aeropuertos Uruguay",
        "fuente": "DINACIA Uruguay - AIS / AIP: https://www.dinacia.gub.uy/ais | OurAirports: https://davidmegginson.github.io/ourairports-data/airports.csv, https://davidmegginson.github.io/ourairports-data/runways.csv, https://davidmegginson.github.io/ourairports-data/regions.csv",
        "fuente_tipo": "referencia_oficial+fuente_secundaria_complementaria",
        "fuente_oficial": "https://www.dinacia.gub.uy/ais",
        "fuente_secundaria": "https://davidmegginson.github.io/ourairports-data/airports.csv",
        "nivel_fuente_oficial": "aip_oficial_localizado",
        "servicio_regular_fuente": "OurAirports scheduled_service=yes",
        "fecha_actualizacion_dato": "2026-08-04",
        "observaciones": "Inclusión basada en scheduled_service=yes y código IATA de OurAirports. La existencia, denominación y códigos deben contrastarse con la AIP vigente antes de uso operacional. Coordenadas, elevación y pista proceden de OurAirports; la pista principal es la mayor pista no cerrada registrada. Roles adicionales identificados de forma conservadora: función_internacional.",
        "roles_adicionales": [
          "función_internacional"
        ]
      }
    },
    {
      "type": "Feature",
      "id": "RVY",
      "geometry": {
        "type": "Point",
        "coordinates": [
          -55.4762,
          -30.9746
        ]
      },
      "properties": {
        "clave_union": "RVY",
        "nombre_oficial": "Pres. Gral. Óscar D. Gestido Binational Airport",
        "codigo_iata": "RVY",
        "codigo_oaci": "SURV",
        "pais": "Uruguay",
        "provincia_estado_departamento": "Rivera Department",
        "ciudad": "Rivera/Santana do Livramento",
        "tipo": "internacional",
        "elevacion_m": 217,
        "longitud_pista_m": 1830,
        "entidad_operadora": "Aeropuertos Uruguay",
        "fuente": "DINACIA Uruguay - AIS / AIP: https://www.dinacia.gub.uy/ais | OurAirports: https://davidmegginson.github.io/ourairports-data/airports.csv, https://davidmegginson.github.io/ourairports-data/runways.csv, https://davidmegginson.github.io/ourairports-data/regions.csv",
        "fuente_tipo": "referencia_oficial+fuente_secundaria_complementaria",
        "fuente_oficial": "https://www.dinacia.gub.uy/ais",
        "fuente_secundaria": "https://davidmegginson.github.io/ourairports-data/airports.csv",
        "nivel_fuente_oficial": "aip_oficial_localizado",
        "servicio_regular_fuente": "OurAirports scheduled_service=yes",
        "fecha_actualizacion_dato": "2026-08-04",
        "observaciones": "Inclusión basada en scheduled_service=yes y código IATA de OurAirports. La existencia, denominación y códigos deben contrastarse con la AIP vigente antes de uso operacional. Coordenadas, elevación y pista proceden de OurAirports; la pista principal es la mayor pista no cerrada registrada. Roles adicionales identificados de forma conservadora: función_internacional.",
        "roles_adicionales": [
          "función_internacional"
        ]
      }
    },
    {
      "type": "Feature",
      "id": "BLA",
      "geometry": {
        "type": "Point",
        "coordinates": [
          -64.692222,
          10.111111
        ]
      },
      "properties": {
        "clave_union": "BLA",
        "nombre_oficial": "General José Antonio Anzoategui International Airport",
        "codigo_iata": "BLA",
        "codigo_oaci": "SVBC",
        "pais": "Venezuela",
        "provincia_estado_departamento": "Anzoátegui State",
        "ciudad": "Barcelona",
        "tipo": "internacional",
        "elevacion_m": 9,
        "longitud_pista_m": 3000,
        "entidad_operadora": null,
        "fuente": "INAC Venezuela - portal aeronáutico oficial: https://www.inac.gob.ve/ | OurAirports: https://davidmegginson.github.io/ourairports-data/airports.csv, https://davidmegginson.github.io/ourairports-data/runways.csv, https://davidmegginson.github.io/ourairports-data/regions.csv",
        "fuente_tipo": "referencia_oficial+fuente_secundaria_complementaria",
        "fuente_oficial": "https://www.inac.gob.ve/",
        "fuente_secundaria": "https://davidmegginson.github.io/ourairports-data/airports.csv",
        "nivel_fuente_oficial": "portal_aeronautico_oficial",
        "servicio_regular_fuente": "OurAirports scheduled_service=yes",
        "fecha_actualizacion_dato": "2026-08-04",
        "observaciones": "Inclusión basada en scheduled_service=yes y código IATA de OurAirports. La existencia, denominación y códigos deben contrastarse con la AIP vigente antes de uso operacional. Coordenadas, elevación y pista proceden de OurAirports; la pista principal es la mayor pista no cerrada registrada. Campos incompletos: entidad operadora no verificada en una fuente oficial abierta. Roles adicionales identificados de forma conservadora: función_internacional.",
        "roles_adicionales": [
          "función_internacional"
        ]
      }
    },
    {
      "type": "Feature",
      "id": "BNS",
      "geometry": {
        "type": "Point",
        "coordinates": [
          -70.214167,
          8.615
        ]
      },
      "properties": {
        "clave_union": "BNS",
        "nombre_oficial": "Barinas Airport",
        "codigo_iata": "BNS",
        "codigo_oaci": "SVBI",
        "pais": "Venezuela",
        "provincia_estado_departamento": "Barinas State",
        "ciudad": "Barinas",
        "tipo": "doméstico",
        "elevacion_m": 187,
        "longitud_pista_m": 1999,
        "entidad_operadora": null,
        "fuente": "INAC Venezuela - portal aeronáutico oficial: https://www.inac.gob.ve/ | OurAirports: https://davidmegginson.github.io/ourairports-data/airports.csv, https://davidmegginson.github.io/ourairports-data/runways.csv, https://davidmegginson.github.io/ourairports-data/regions.csv",
        "fuente_tipo": "referencia_oficial+fuente_secundaria_complementaria",
        "fuente_oficial": "https://www.inac.gob.ve/",
        "fuente_secundaria": "https://davidmegginson.github.io/ourairports-data/airports.csv",
        "nivel_fuente_oficial": "portal_aeronautico_oficial",
        "servicio_regular_fuente": "OurAirports scheduled_service=yes",
        "fecha_actualizacion_dato": "2026-08-04",
        "observaciones": "Inclusión basada en scheduled_service=yes y código IATA de OurAirports. La existencia, denominación y códigos deben contrastarse con la AIP vigente antes de uso operacional. Coordenadas, elevación y pista proceden de OurAirports; la pista principal es la mayor pista no cerrada registrada. Campos incompletos: entidad operadora no verificada en una fuente oficial abierta.",
        "roles_adicionales": []
      }
    },
    {
      "type": "Feature",
      "id": "BRM",
      "geometry": {
        "type": "Point",
        "coordinates": [
          -69.35862,
          10.042747
        ]
      },
      "properties": {
        "clave_union": "BRM",
        "nombre_oficial": "Jacinto Lara International Airport",
        "codigo_iata": "BRM",
        "codigo_oaci": "SVBM",
        "pais": "Venezuela",
        "provincia_estado_departamento": "Lara State",
        "ciudad": "Barquisimeto",
        "tipo": "internacional",
        "elevacion_m": 622,
        "longitud_pista_m": 2850,
        "entidad_operadora": null,
        "fuente": "INAC Venezuela - portal aeronáutico oficial: https://www.inac.gob.ve/ | OurAirports: https://davidmegginson.github.io/ourairports-data/airports.csv, https://davidmegginson.github.io/ourairports-data/runways.csv, https://davidmegginson.github.io/ourairports-data/regions.csv",
        "fuente_tipo": "referencia_oficial+fuente_secundaria_complementaria",
        "fuente_oficial": "https://www.inac.gob.ve/",
        "fuente_secundaria": "https://davidmegginson.github.io/ourairports-data/airports.csv",
        "nivel_fuente_oficial": "portal_aeronautico_oficial",
        "servicio_regular_fuente": "OurAirports scheduled_service=yes",
        "fecha_actualizacion_dato": "2026-08-04",
        "observaciones": "Inclusión basada en scheduled_service=yes y código IATA de OurAirports. La existencia, denominación y códigos deben contrastarse con la AIP vigente antes de uso operacional. Coordenadas, elevación y pista proceden de OurAirports; la pista principal es la mayor pista no cerrada registrada. Campos incompletos: entidad operadora no verificada en una fuente oficial abierta. Roles adicionales identificados de forma conservadora: función_internacional.",
        "roles_adicionales": [
          "función_internacional"
        ]
      }
    },
    {
      "type": "Feature",
      "id": "CAJ",
      "geometry": {
        "type": "Point",
        "coordinates": [
          -62.85485,
          6.231989
        ]
      },
      "properties": {
        "clave_union": "CAJ",
        "nombre_oficial": "Canaima Airport",
        "codigo_iata": "CAJ",
        "codigo_oaci": "SVCN",
        "pais": "Venezuela",
        "provincia_estado_departamento": "Bolívar State",
        "ciudad": "Canaima",
        "tipo": "doméstico",
        "elevacion_m": 442,
        "longitud_pista_m": 2155,
        "entidad_operadora": null,
        "fuente": "INAC Venezuela - portal aeronáutico oficial: https://www.inac.gob.ve/ | OurAirports: https://davidmegginson.github.io/ourairports-data/airports.csv, https://davidmegginson.github.io/ourairports-data/runways.csv, https://davidmegginson.github.io/ourairports-data/regions.csv",
        "fuente_tipo": "referencia_oficial+fuente_secundaria_complementaria",
        "fuente_oficial": "https://www.inac.gob.ve/",
        "fuente_secundaria": "https://davidmegginson.github.io/ourairports-data/airports.csv",
        "nivel_fuente_oficial": "portal_aeronautico_oficial",
        "servicio_regular_fuente": "OurAirports scheduled_service=yes",
        "fecha_actualizacion_dato": "2026-08-04",
        "observaciones": "Inclusión basada en scheduled_service=yes y código IATA de OurAirports. La existencia, denominación y códigos deben contrastarse con la AIP vigente antes de uso operacional. Coordenadas, elevación y pista proceden de OurAirports; la pista principal es la mayor pista no cerrada registrada. Campos incompletos: entidad operadora no verificada en una fuente oficial abierta.",
        "roles_adicionales": []
      }
    },
    {
      "type": "Feature",
      "id": "CCS",
      "geometry": {
        "type": "Point",
        "coordinates": [
          -66.991174,
          10.602214
        ]
      },
      "properties": {
        "clave_union": "CCS",
        "nombre_oficial": "Maiquetía Simón Bolívar International Airport",
        "codigo_iata": "CCS",
        "codigo_oaci": "SVMI",
        "pais": "Venezuela",
        "provincia_estado_departamento": "La Guaira State",
        "ciudad": "Maiquetía",
        "tipo": "internacional",
        "elevacion_m": 71,
        "longitud_pista_m": 3500,
        "entidad_operadora": null,
        "fuente": "INAC Venezuela - portal aeronáutico oficial: https://www.inac.gob.ve/ | OurAirports: https://davidmegginson.github.io/ourairports-data/airports.csv, https://davidmegginson.github.io/ourairports-data/runways.csv, https://davidmegginson.github.io/ourairports-data/regions.csv",
        "fuente_tipo": "referencia_oficial+fuente_secundaria_complementaria",
        "fuente_oficial": "https://www.inac.gob.ve/",
        "fuente_secundaria": "https://davidmegginson.github.io/ourairports-data/airports.csv",
        "nivel_fuente_oficial": "portal_aeronautico_oficial",
        "servicio_regular_fuente": "OurAirports scheduled_service=yes",
        "fecha_actualizacion_dato": "2026-08-04",
        "observaciones": "Inclusión basada en scheduled_service=yes y código IATA de OurAirports. La existencia, denominación y códigos deben contrastarse con la AIP vigente antes de uso operacional. Coordenadas, elevación y pista proceden de OurAirports; la pista principal es la mayor pista no cerrada registrada. Campos incompletos: entidad operadora no verificada en una fuente oficial abierta. Roles adicionales identificados de forma conservadora: función_internacional.",
        "roles_adicionales": [
          "función_internacional"
        ]
      }
    },
    {
      "type": "Feature",
      "id": "CUM",
      "geometry": {
        "type": "Point",
        "coordinates": [
          -64.13047,
          10.450333
        ]
      },
      "properties": {
        "clave_union": "CUM",
        "nombre_oficial": "Antonio José de Sucre Airport",
        "codigo_iata": "CUM",
        "codigo_oaci": "SVCU",
        "pais": "Venezuela",
        "provincia_estado_departamento": "Sucre State",
        "ciudad": "Cumaná",
        "tipo": "internacional",
        "elevacion_m": 4,
        "longitud_pista_m": 3100,
        "entidad_operadora": null,
        "fuente": "INAC Venezuela - portal aeronáutico oficial: https://www.inac.gob.ve/ | OurAirports: https://davidmegginson.github.io/ourairports-data/airports.csv, https://davidmegginson.github.io/ourairports-data/runways.csv, https://davidmegginson.github.io/ourairports-data/regions.csv",
        "fuente_tipo": "referencia_oficial+fuente_secundaria_complementaria",
        "fuente_oficial": "https://www.inac.gob.ve/",
        "fuente_secundaria": "https://davidmegginson.github.io/ourairports-data/airports.csv",
        "nivel_fuente_oficial": "portal_aeronautico_oficial",
        "servicio_regular_fuente": "OurAirports scheduled_service=yes",
        "fecha_actualizacion_dato": "2026-08-04",
        "observaciones": "Inclusión basada en scheduled_service=yes y código IATA de OurAirports. La existencia, denominación y códigos deben contrastarse con la AIP vigente antes de uso operacional. Coordenadas, elevación y pista proceden de OurAirports; la pista principal es la mayor pista no cerrada registrada. Campos incompletos: entidad operadora no verificada en una fuente oficial abierta. Roles adicionales identificados de forma conservadora: función_internacional.",
        "roles_adicionales": [
          "función_internacional"
        ]
      }
    },
    {
      "type": "Feature",
      "id": "CUP",
      "geometry": {
        "type": "Point",
        "coordinates": [
          -63.261681,
          10.660014
        ]
      },
      "properties": {
        "clave_union": "CUP",
        "nombre_oficial": "General Francisco Bermúdez Airport",
        "codigo_iata": "CUP",
        "codigo_oaci": "SVCP",
        "pais": "Venezuela",
        "provincia_estado_departamento": "Sucre State",
        "ciudad": "Carúpano",
        "tipo": "doméstico",
        "elevacion_m": 10,
        "longitud_pista_m": 2015,
        "entidad_operadora": null,
        "fuente": "INAC Venezuela - portal aeronáutico oficial: https://www.inac.gob.ve/ | OurAirports: https://davidmegginson.github.io/ourairports-data/airports.csv, https://davidmegginson.github.io/ourairports-data/runways.csv, https://davidmegginson.github.io/ourairports-data/regions.csv",
        "fuente_tipo": "referencia_oficial+fuente_secundaria_complementaria",
        "fuente_oficial": "https://www.inac.gob.ve/",
        "fuente_secundaria": "https://davidmegginson.github.io/ourairports-data/airports.csv",
        "nivel_fuente_oficial": "portal_aeronautico_oficial",
        "servicio_regular_fuente": "OurAirports scheduled_service=yes",
        "fecha_actualizacion_dato": "2026-08-04",
        "observaciones": "Inclusión basada en scheduled_service=yes y código IATA de OurAirports. La existencia, denominación y códigos deben contrastarse con la AIP vigente antes de uso operacional. Coordenadas, elevación y pista proceden de OurAirports; la pista principal es la mayor pista no cerrada registrada. Campos incompletos: entidad operadora no verificada en una fuente oficial abierta.",
        "roles_adicionales": []
      }
    },
    {
      "type": "Feature",
      "id": "CZE",
      "geometry": {
        "type": "Point",
        "coordinates": [
          -69.680901,
          11.414944
        ]
      },
      "properties": {
        "clave_union": "CZE",
        "nombre_oficial": "José Leonardo Chirinos Airport",
        "codigo_iata": "CZE",
        "codigo_oaci": "SVCR",
        "pais": "Venezuela",
        "provincia_estado_departamento": "Falcón State",
        "ciudad": "Coro",
        "tipo": "doméstico",
        "elevacion_m": 16,
        "longitud_pista_m": 2061,
        "entidad_operadora": null,
        "fuente": "INAC Venezuela - portal aeronáutico oficial: https://www.inac.gob.ve/ | OurAirports: https://davidmegginson.github.io/ourairports-data/airports.csv, https://davidmegginson.github.io/ourairports-data/runways.csv, https://davidmegginson.github.io/ourairports-data/regions.csv",
        "fuente_tipo": "referencia_oficial+fuente_secundaria_complementaria",
        "fuente_oficial": "https://www.inac.gob.ve/",
        "fuente_secundaria": "https://davidmegginson.github.io/ourairports-data/airports.csv",
        "nivel_fuente_oficial": "portal_aeronautico_oficial",
        "servicio_regular_fuente": "OurAirports scheduled_service=yes",
        "fecha_actualizacion_dato": "2026-08-04",
        "observaciones": "Inclusión basada en scheduled_service=yes y código IATA de OurAirports. La existencia, denominación y códigos deben contrastarse con la AIP vigente antes de uso operacional. Coordenadas, elevación y pista proceden de OurAirports; la pista principal es la mayor pista no cerrada registrada. Campos incompletos: entidad operadora no verificada en una fuente oficial abierta.",
        "roles_adicionales": []
      }
    },
    {
      "type": "Feature",
      "id": "ICC",
      "geometry": {
        "type": "Point",
        "coordinates": [
          -63.98159,
          10.794432
        ]
      },
      "properties": {
        "clave_union": "ICC",
        "nombre_oficial": "Andrés Miguel Salazar Marcano Airport",
        "codigo_iata": "ICC",
        "codigo_oaci": "SVIE",
        "pais": "Venezuela",
        "provincia_estado_departamento": "Nueva Esparta State",
        "ciudad": "Isla de Coche",
        "tipo": "doméstico",
        "elevacion_m": 3,
        "longitud_pista_m": 1200,
        "entidad_operadora": null,
        "fuente": "INAC Venezuela - portal aeronáutico oficial: https://www.inac.gob.ve/ | OurAirports: https://davidmegginson.github.io/ourairports-data/airports.csv, https://davidmegginson.github.io/ourairports-data/runways.csv, https://davidmegginson.github.io/ourairports-data/regions.csv",
        "fuente_tipo": "referencia_oficial+fuente_secundaria_complementaria",
        "fuente_oficial": "https://www.inac.gob.ve/",
        "fuente_secundaria": "https://davidmegginson.github.io/ourairports-data/airports.csv",
        "nivel_fuente_oficial": "portal_aeronautico_oficial",
        "servicio_regular_fuente": "OurAirports scheduled_service=yes",
        "fecha_actualizacion_dato": "2026-08-04",
        "observaciones": "Inclusión basada en scheduled_service=yes y código IATA de OurAirports. La existencia, denominación y códigos deben contrastarse con la AIP vigente antes de uso operacional. Coordenadas, elevación y pista proceden de OurAirports; la pista principal es la mayor pista no cerrada registrada. Campos incompletos: entidad operadora no verificada en una fuente oficial abierta.",
        "roles_adicionales": []
      }
    },
    {
      "type": "Feature",
      "id": "LRV",
      "geometry": {
        "type": "Point",
        "coordinates": [
          -66.668333,
          11.946935
        ]
      },
      "properties": {
        "clave_union": "LRV",
        "nombre_oficial": "Los Roques Airport",
        "codigo_iata": "LRV",
        "codigo_oaci": "SVRS",
        "pais": "Venezuela",
        "provincia_estado_departamento": "Federal Dependencies",
        "ciudad": "Gran Roque Island",
        "tipo": "doméstico",
        "elevacion_m": 5,
        "longitud_pista_m": 840,
        "entidad_operadora": null,
        "fuente": "INAC Venezuela - portal aeronáutico oficial: https://www.inac.gob.ve/ | OurAirports: https://davidmegginson.github.io/ourairports-data/airports.csv, https://davidmegginson.github.io/ourairports-data/runways.csv, https://davidmegginson.github.io/ourairports-data/regions.csv",
        "fuente_tipo": "referencia_oficial+fuente_secundaria_complementaria",
        "fuente_oficial": "https://www.inac.gob.ve/",
        "fuente_secundaria": "https://davidmegginson.github.io/ourairports-data/airports.csv",
        "nivel_fuente_oficial": "portal_aeronautico_oficial",
        "servicio_regular_fuente": "OurAirports scheduled_service=yes",
        "fecha_actualizacion_dato": "2026-08-04",
        "observaciones": "Inclusión basada en scheduled_service=yes y código IATA de OurAirports. La existencia, denominación y códigos deben contrastarse con la AIP vigente antes de uso operacional. Coordenadas, elevación y pista proceden de OurAirports; la pista principal es la mayor pista no cerrada registrada. Campos incompletos: entidad operadora no verificada en una fuente oficial abierta.",
        "roles_adicionales": []
      }
    },
    {
      "type": "Feature",
      "id": "LSP",
      "geometry": {
        "type": "Point",
        "coordinates": [
          -70.151497,
          11.780775
        ]
      },
      "properties": {
        "clave_union": "LSP",
        "nombre_oficial": "Josefa Camejo International Airport",
        "codigo_iata": "LSP",
        "codigo_oaci": "SVJC",
        "pais": "Venezuela",
        "provincia_estado_departamento": "Falcón State",
        "ciudad": "Paraguaná",
        "tipo": "internacional",
        "elevacion_m": 23,
        "longitud_pista_m": 2800,
        "entidad_operadora": null,
        "fuente": "INAC Venezuela - portal aeronáutico oficial: https://www.inac.gob.ve/ | OurAirports: https://davidmegginson.github.io/ourairports-data/airports.csv, https://davidmegginson.github.io/ourairports-data/runways.csv, https://davidmegginson.github.io/ourairports-data/regions.csv",
        "fuente_tipo": "referencia_oficial+fuente_secundaria_complementaria",
        "fuente_oficial": "https://www.inac.gob.ve/",
        "fuente_secundaria": "https://davidmegginson.github.io/ourairports-data/airports.csv",
        "nivel_fuente_oficial": "portal_aeronautico_oficial",
        "servicio_regular_fuente": "OurAirports scheduled_service=yes",
        "fecha_actualizacion_dato": "2026-08-04",
        "observaciones": "Inclusión basada en scheduled_service=yes y código IATA de OurAirports. La existencia, denominación y códigos deben contrastarse con la AIP vigente antes de uso operacional. Coordenadas, elevación y pista proceden de OurAirports; la pista principal es la mayor pista no cerrada registrada. Campos incompletos: entidad operadora no verificada en una fuente oficial abierta. Roles adicionales identificados de forma conservadora: función_internacional.",
        "roles_adicionales": [
          "función_internacional"
        ]
      }
    },
    {
      "type": "Feature",
      "id": "MAR",
      "geometry": {
        "type": "Point",
        "coordinates": [
          -71.729307,
          10.557542
        ]
      },
      "properties": {
        "clave_union": "MAR",
        "nombre_oficial": "La Chinita International Airport",
        "codigo_iata": "MAR",
        "codigo_oaci": "SVMC",
        "pais": "Venezuela",
        "provincia_estado_departamento": "Zulia State",
        "ciudad": "Maracaibo",
        "tipo": "internacional",
        "elevacion_m": 73,
        "longitud_pista_m": 3000,
        "entidad_operadora": null,
        "fuente": "INAC Venezuela - portal aeronáutico oficial: https://www.inac.gob.ve/ | OurAirports: https://davidmegginson.github.io/ourairports-data/airports.csv, https://davidmegginson.github.io/ourairports-data/runways.csv, https://davidmegginson.github.io/ourairports-data/regions.csv",
        "fuente_tipo": "referencia_oficial+fuente_secundaria_complementaria",
        "fuente_oficial": "https://www.inac.gob.ve/",
        "fuente_secundaria": "https://davidmegginson.github.io/ourairports-data/airports.csv",
        "nivel_fuente_oficial": "portal_aeronautico_oficial",
        "servicio_regular_fuente": "OurAirports scheduled_service=yes",
        "fecha_actualizacion_dato": "2026-08-04",
        "observaciones": "Inclusión basada en scheduled_service=yes y código IATA de OurAirports. La existencia, denominación y códigos deben contrastarse con la AIP vigente antes de uso operacional. Coordenadas, elevación y pista proceden de OurAirports; la pista principal es la mayor pista no cerrada registrada. Campos incompletos: entidad operadora no verificada en una fuente oficial abierta. Roles adicionales identificados de forma conservadora: función_internacional.",
        "roles_adicionales": [
          "función_internacional"
        ]
      }
    },
    {
      "type": "Feature",
      "id": "MUN",
      "geometry": {
        "type": "Point",
        "coordinates": [
          -63.153348,
          9.749023
        ]
      },
      "properties": {
        "clave_union": "MUN",
        "nombre_oficial": "José Tadeo Monagas International Airport",
        "codigo_iata": "MUN",
        "codigo_oaci": "SVMT",
        "pais": "Venezuela",
        "provincia_estado_departamento": "Monagas State",
        "ciudad": "Maturín",
        "tipo": "internacional",
        "elevacion_m": 68,
        "longitud_pista_m": 2100,
        "entidad_operadora": null,
        "fuente": "INAC Venezuela - portal aeronáutico oficial: https://www.inac.gob.ve/ | OurAirports: https://davidmegginson.github.io/ourairports-data/airports.csv, https://davidmegginson.github.io/ourairports-data/runways.csv, https://davidmegginson.github.io/ourairports-data/regions.csv",
        "fuente_tipo": "referencia_oficial+fuente_secundaria_complementaria",
        "fuente_oficial": "https://www.inac.gob.ve/",
        "fuente_secundaria": "https://davidmegginson.github.io/ourairports-data/airports.csv",
        "nivel_fuente_oficial": "portal_aeronautico_oficial",
        "servicio_regular_fuente": "OurAirports scheduled_service=yes",
        "fecha_actualizacion_dato": "2026-08-04",
        "observaciones": "Inclusión basada en scheduled_service=yes y código IATA de OurAirports. La existencia, denominación y códigos deben contrastarse con la AIP vigente antes de uso operacional. Coordenadas, elevación y pista proceden de OurAirports; la pista principal es la mayor pista no cerrada registrada. Campos incompletos: entidad operadora no verificada en una fuente oficial abierta. Roles adicionales identificados de forma conservadora: función_internacional.",
        "roles_adicionales": [
          "función_internacional"
        ]
      }
    },
    {
      "type": "Feature",
      "id": "PMV",
      "geometry": {
        "type": "Point",
        "coordinates": [
          -63.966599,
          10.912603
        ]
      },
      "properties": {
        "clave_union": "PMV",
        "nombre_oficial": "Del Caribe Santiago Mariño International Airport",
        "codigo_iata": "PMV",
        "codigo_oaci": "SVMG",
        "pais": "Venezuela",
        "provincia_estado_departamento": "Nueva Esparta State",
        "ciudad": "Isla Margarita",
        "tipo": "internacional",
        "elevacion_m": 23,
        "longitud_pista_m": 3180,
        "entidad_operadora": null,
        "fuente": "INAC Venezuela - portal aeronáutico oficial: https://www.inac.gob.ve/ | OurAirports: https://davidmegginson.github.io/ourairports-data/airports.csv, https://davidmegginson.github.io/ourairports-data/runways.csv, https://davidmegginson.github.io/ourairports-data/regions.csv",
        "fuente_tipo": "referencia_oficial+fuente_secundaria_complementaria",
        "fuente_oficial": "https://www.inac.gob.ve/",
        "fuente_secundaria": "https://davidmegginson.github.io/ourairports-data/airports.csv",
        "nivel_fuente_oficial": "portal_aeronautico_oficial",
        "servicio_regular_fuente": "OurAirports scheduled_service=yes",
        "fecha_actualizacion_dato": "2026-08-04",
        "observaciones": "Inclusión basada en scheduled_service=yes y código IATA de OurAirports. La existencia, denominación y códigos deben contrastarse con la AIP vigente antes de uso operacional. Coordenadas, elevación y pista proceden de OurAirports; la pista principal es la mayor pista no cerrada registrada. Campos incompletos: entidad operadora no verificada en una fuente oficial abierta. Roles adicionales identificados de forma conservadora: función_internacional.",
        "roles_adicionales": [
          "función_internacional"
        ]
      }
    },
    {
      "type": "Feature",
      "id": "PZO",
      "geometry": {
        "type": "Point",
        "coordinates": [
          -62.760399,
          8.28853
        ]
      },
      "properties": {
        "clave_union": "PZO",
        "nombre_oficial": "General Manuel Carlos Piar International Airport",
        "codigo_iata": "PZO",
        "codigo_oaci": "SVPR",
        "pais": "Venezuela",
        "provincia_estado_departamento": "Bolívar State",
        "ciudad": "Guyana City",
        "tipo": "internacional",
        "elevacion_m": 144,
        "longitud_pista_m": 2050,
        "entidad_operadora": null,
        "fuente": "INAC Venezuela - portal aeronáutico oficial: https://www.inac.gob.ve/ | OurAirports: https://davidmegginson.github.io/ourairports-data/airports.csv, https://davidmegginson.github.io/ourairports-data/runways.csv, https://davidmegginson.github.io/ourairports-data/regions.csv",
        "fuente_tipo": "referencia_oficial+fuente_secundaria_complementaria",
        "fuente_oficial": "https://www.inac.gob.ve/",
        "fuente_secundaria": "https://davidmegginson.github.io/ourairports-data/airports.csv",
        "nivel_fuente_oficial": "portal_aeronautico_oficial",
        "servicio_regular_fuente": "OurAirports scheduled_service=yes",
        "fecha_actualizacion_dato": "2026-08-04",
        "observaciones": "Inclusión basada en scheduled_service=yes y código IATA de OurAirports. La existencia, denominación y códigos deben contrastarse con la AIP vigente antes de uso operacional. Coordenadas, elevación y pista proceden de OurAirports; la pista principal es la mayor pista no cerrada registrada. Campos incompletos: entidad operadora no verificada en una fuente oficial abierta. Roles adicionales identificados de forma conservadora: función_internacional.",
        "roles_adicionales": [
          "función_internacional"
        ]
      }
    },
    {
      "type": "Feature",
      "id": "SNV",
      "geometry": {
        "type": "Point",
        "coordinates": [
          -61.145234,
          4.554699
        ]
      },
      "properties": {
        "clave_union": "SNV",
        "nombre_oficial": "Santa Elena de Uairén Airport",
        "codigo_iata": "SNV",
        "codigo_oaci": "SVSE",
        "pais": "Venezuela",
        "provincia_estado_departamento": "Bolívar State",
        "ciudad": "Santa Elena de Uairén",
        "tipo": "doméstico",
        "elevacion_m": 896,
        "longitud_pista_m": 1660,
        "entidad_operadora": null,
        "fuente": "INAC Venezuela - portal aeronáutico oficial: https://www.inac.gob.ve/ | OurAirports: https://davidmegginson.github.io/ourairports-data/airports.csv, https://davidmegginson.github.io/ourairports-data/runways.csv, https://davidmegginson.github.io/ourairports-data/regions.csv",
        "fuente_tipo": "referencia_oficial+fuente_secundaria_complementaria",
        "fuente_oficial": "https://www.inac.gob.ve/",
        "fuente_secundaria": "https://davidmegginson.github.io/ourairports-data/airports.csv",
        "nivel_fuente_oficial": "portal_aeronautico_oficial",
        "servicio_regular_fuente": "OurAirports scheduled_service=yes",
        "fecha_actualizacion_dato": "2026-08-04",
        "observaciones": "Inclusión basada en scheduled_service=yes y código IATA de OurAirports. La existencia, denominación y códigos deben contrastarse con la AIP vigente antes de uso operacional. Coordenadas, elevación y pista proceden de OurAirports; la pista principal es la mayor pista no cerrada registrada. Campos incompletos: entidad operadora no verificada en una fuente oficial abierta.",
        "roles_adicionales": []
      }
    },
    {
      "type": "Feature",
      "id": "SOM",
      "geometry": {
        "type": "Point",
        "coordinates": [
          -64.151084899902,
          8.9451465606689
        ]
      },
      "properties": {
        "clave_union": "SOM",
        "nombre_oficial": "San Tomé Airport",
        "codigo_iata": "SOM",
        "codigo_oaci": "SVST",
        "pais": "Venezuela",
        "provincia_estado_departamento": "Anzoátegui State",
        "ciudad": "El Tigre",
        "tipo": "internacional",
        "elevacion_m": 262,
        "longitud_pista_m": 1920,
        "entidad_operadora": null,
        "fuente": "INAC Venezuela - portal aeronáutico oficial: https://www.inac.gob.ve/ | OurAirports: https://davidmegginson.github.io/ourairports-data/airports.csv, https://davidmegginson.github.io/ourairports-data/runways.csv, https://davidmegginson.github.io/ourairports-data/regions.csv",
        "fuente_tipo": "referencia_oficial+fuente_secundaria_complementaria",
        "fuente_oficial": "https://www.inac.gob.ve/",
        "fuente_secundaria": "https://davidmegginson.github.io/ourairports-data/airports.csv",
        "nivel_fuente_oficial": "portal_aeronautico_oficial",
        "servicio_regular_fuente": "OurAirports scheduled_service=yes",
        "fecha_actualizacion_dato": "2026-08-04",
        "observaciones": "Inclusión basada en scheduled_service=yes y código IATA de OurAirports. La existencia, denominación y códigos deben contrastarse con la AIP vigente antes de uso operacional. Coordenadas, elevación y pista proceden de OurAirports; la pista principal es la mayor pista no cerrada registrada. Campos incompletos: entidad operadora no verificada en una fuente oficial abierta. Roles adicionales identificados de forma conservadora: función_internacional.",
        "roles_adicionales": [
          "función_internacional"
        ]
      }
    },
    {
      "type": "Feature",
      "id": "STD",
      "geometry": {
        "type": "Point",
        "coordinates": [
          -72.035103,
          7.56538
        ]
      },
      "properties": {
        "clave_union": "STD",
        "nombre_oficial": "Mayor Buenaventura Vivas International Airport",
        "codigo_iata": "STD",
        "codigo_oaci": "SVSO",
        "pais": "Venezuela",
        "provincia_estado_departamento": "Táchira State",
        "ciudad": "Santo Domingo",
        "tipo": "internacional",
        "elevacion_m": 330,
        "longitud_pista_m": 3045,
        "entidad_operadora": null,
        "fuente": "INAC Venezuela - portal aeronáutico oficial: https://www.inac.gob.ve/ | OurAirports: https://davidmegginson.github.io/ourairports-data/airports.csv, https://davidmegginson.github.io/ourairports-data/runways.csv, https://davidmegginson.github.io/ourairports-data/regions.csv",
        "fuente_tipo": "referencia_oficial+fuente_secundaria_complementaria",
        "fuente_oficial": "https://www.inac.gob.ve/",
        "fuente_secundaria": "https://davidmegginson.github.io/ourairports-data/airports.csv",
        "nivel_fuente_oficial": "portal_aeronautico_oficial",
        "servicio_regular_fuente": "OurAirports scheduled_service=yes",
        "fecha_actualizacion_dato": "2026-08-04",
        "observaciones": "Inclusión basada en scheduled_service=yes y código IATA de OurAirports. La existencia, denominación y códigos deben contrastarse con la AIP vigente antes de uso operacional. Coordenadas, elevación y pista proceden de OurAirports; la pista principal es la mayor pista no cerrada registrada. Campos incompletos: entidad operadora no verificada en una fuente oficial abierta. Roles adicionales identificados de forma conservadora: función_internacional.",
        "roles_adicionales": [
          "función_internacional"
        ]
      }
    },
    {
      "type": "Feature",
      "id": "SVZ",
      "geometry": {
        "type": "Point",
        "coordinates": [
          -72.439878,
          7.840809
        ]
      },
      "properties": {
        "clave_union": "SVZ",
        "nombre_oficial": "Juan Vicente Gómez International Airport",
        "codigo_iata": "SVZ",
        "codigo_oaci": "SVSA",
        "pais": "Venezuela",
        "provincia_estado_departamento": "Táchira State",
        "ciudad": "San Antonio del Tachira",
        "tipo": "internacional",
        "elevacion_m": 400,
        "longitud_pista_m": 1870,
        "entidad_operadora": null,
        "fuente": "INAC Venezuela - portal aeronáutico oficial: https://www.inac.gob.ve/ | OurAirports: https://davidmegginson.github.io/ourairports-data/airports.csv, https://davidmegginson.github.io/ourairports-data/runways.csv, https://davidmegginson.github.io/ourairports-data/regions.csv",
        "fuente_tipo": "referencia_oficial+fuente_secundaria_complementaria",
        "fuente_oficial": "https://www.inac.gob.ve/",
        "fuente_secundaria": "https://davidmegginson.github.io/ourairports-data/airports.csv",
        "nivel_fuente_oficial": "portal_aeronautico_oficial",
        "servicio_regular_fuente": "OurAirports scheduled_service=yes",
        "fecha_actualizacion_dato": "2026-08-04",
        "observaciones": "Inclusión basada en scheduled_service=yes y código IATA de OurAirports. La existencia, denominación y códigos deben contrastarse con la AIP vigente antes de uso operacional. Coordenadas, elevación y pista proceden de OurAirports; la pista principal es la mayor pista no cerrada registrada. Campos incompletos: entidad operadora no verificada en una fuente oficial abierta. Roles adicionales identificados de forma conservadora: función_internacional.",
        "roles_adicionales": [
          "función_internacional"
        ]
      }
    },
    {
      "type": "Feature",
      "id": "VIG",
      "geometry": {
        "type": "Point",
        "coordinates": [
          -71.672668,
          8.624139
        ]
      },
      "properties": {
        "clave_union": "VIG",
        "nombre_oficial": "Juan Pablo Pérez Alfonso Airport",
        "codigo_iata": "VIG",
        "codigo_oaci": "SVVG",
        "pais": "Venezuela",
        "provincia_estado_departamento": "Mérida State",
        "ciudad": "El Vigía",
        "tipo": "doméstico",
        "elevacion_m": 76,
        "longitud_pista_m": 3245,
        "entidad_operadora": null,
        "fuente": "INAC Venezuela - portal aeronáutico oficial: https://www.inac.gob.ve/ | OurAirports: https://davidmegginson.github.io/ourairports-data/airports.csv, https://davidmegginson.github.io/ourairports-data/runways.csv, https://davidmegginson.github.io/ourairports-data/regions.csv",
        "fuente_tipo": "referencia_oficial+fuente_secundaria_complementaria",
        "fuente_oficial": "https://www.inac.gob.ve/",
        "fuente_secundaria": "https://davidmegginson.github.io/ourairports-data/airports.csv",
        "nivel_fuente_oficial": "portal_aeronautico_oficial",
        "servicio_regular_fuente": "OurAirports scheduled_service=yes",
        "fecha_actualizacion_dato": "2026-08-04",
        "observaciones": "Inclusión basada en scheduled_service=yes y código IATA de OurAirports. La existencia, denominación y códigos deben contrastarse con la AIP vigente antes de uso operacional. Coordenadas, elevación y pista proceden de OurAirports; la pista principal es la mayor pista no cerrada registrada. Campos incompletos: entidad operadora no verificada en una fuente oficial abierta.",
        "roles_adicionales": []
      }
    },
    {
      "type": "Feature",
      "id": "VLN",
      "geometry": {
        "type": "Point",
        "coordinates": [
          -67.928398,
          10.149733
        ]
      },
      "properties": {
        "clave_union": "VLN",
        "nombre_oficial": "Arturo Michelena International Airport",
        "codigo_iata": "VLN",
        "codigo_oaci": "SVVA",
        "pais": "Venezuela",
        "provincia_estado_departamento": "Carabobo State",
        "ciudad": "Valencia",
        "tipo": "internacional",
        "elevacion_m": 430,
        "longitud_pista_m": 3000,
        "entidad_operadora": null,
        "fuente": "INAC Venezuela - portal aeronáutico oficial: https://www.inac.gob.ve/ | OurAirports: https://davidmegginson.github.io/ourairports-data/airports.csv, https://davidmegginson.github.io/ourairports-data/runways.csv, https://davidmegginson.github.io/ourairports-data/regions.csv",
        "fuente_tipo": "referencia_oficial+fuente_secundaria_complementaria",
        "fuente_oficial": "https://www.inac.gob.ve/",
        "fuente_secundaria": "https://davidmegginson.github.io/ourairports-data/airports.csv",
        "nivel_fuente_oficial": "portal_aeronautico_oficial",
        "servicio_regular_fuente": "OurAirports scheduled_service=yes",
        "fecha_actualizacion_dato": "2026-08-04",
        "observaciones": "Inclusión basada en scheduled_service=yes y código IATA de OurAirports. La existencia, denominación y códigos deben contrastarse con la AIP vigente antes de uso operacional. Coordenadas, elevación y pista proceden de OurAirports; la pista principal es la mayor pista no cerrada registrada. Campos incompletos: entidad operadora no verificada en una fuente oficial abierta. Roles adicionales identificados de forma conservadora: función_internacional.",
        "roles_adicionales": [
          "función_internacional"
        ]
      }
    },
    {
      "type": "Feature",
      "id": "VLV",
      "geometry": {
        "type": "Point",
        "coordinates": [
          -70.584061,
          9.340478
        ]
      },
      "properties": {
        "clave_union": "VLV",
        "nombre_oficial": "Dr. Antonio Nicolás Briceño Airport",
        "codigo_iata": "VLV",
        "codigo_oaci": "SVVL",
        "pais": "Venezuela",
        "provincia_estado_departamento": "Trujillo State",
        "ciudad": "Valera",
        "tipo": "doméstico",
        "elevacion_m": 628,
        "longitud_pista_m": 2070,
        "entidad_operadora": null,
        "fuente": "INAC Venezuela - portal aeronáutico oficial: https://www.inac.gob.ve/ | OurAirports: https://davidmegginson.github.io/ourairports-data/airports.csv, https://davidmegginson.github.io/ourairports-data/runways.csv, https://davidmegginson.github.io/ourairports-data/regions.csv",
        "fuente_tipo": "referencia_oficial+fuente_secundaria_complementaria",
        "fuente_oficial": "https://www.inac.gob.ve/",
        "fuente_secundaria": "https://davidmegginson.github.io/ourairports-data/airports.csv",
        "nivel_fuente_oficial": "portal_aeronautico_oficial",
        "servicio_regular_fuente": "OurAirports scheduled_service=yes",
        "fecha_actualizacion_dato": "2026-08-04",
        "observaciones": "Inclusión basada en scheduled_service=yes y código IATA de OurAirports. La existencia, denominación y códigos deben contrastarse con la AIP vigente antes de uso operacional. Coordenadas, elevación y pista proceden de OurAirports; la pista principal es la mayor pista no cerrada registrada. Campos incompletos: entidad operadora no verificada en una fuente oficial abierta.",
        "roles_adicionales": []
      }
    }
  ]
}